EPOCH 0
POS 0 6921.2088629999998 0 0
POS 1 5600.4441129138986 2448.7617523494055 3249.6166028373987
POS 2 2140.2485582691011 3964.1602235235969 5260.6182967005952
POS 3 -2141.5717134999359 3966.6109665998442 5263.8705426090519
POS 4 -5609.513158852973 2452.7271401611865 3254.8788501987397
POS 5 -6935.0651369999987 5.1112181944329982e-13 6.7828156370943308e-13
POS 6 -5609.5131588529748 -2452.7271401611856 -3254.8788501987387
POS 7 -2141.5717134999377 -3966.6109665998438 -5263.870542609051
POS 8 2140.2485582690997 -3964.1602235235973 -5260.6182967005961
POS 9 5600.4441129138977 -2448.7617523494059 -3249.6166028373996
POS 10 5327.0070133908794 4384.2998861922433 551.83427781884404
POS 11 2549.807106977119 5280.3867770838888 3680.1389701025942
POS 12 -1203.2981426677245 4160.6749709073274 5405.5016509431225
POS 13 -4500.9123501415907 1449.8001956729961 5067.2979562660057
POS 14 -6081.3968436610567 -1818.2475774224877 2791.5213084438215
POS 15 -5337.618360058591 -4393.0333693415314 -552.9335263856924
POS 16 -2553.6157642605604 -5288.2741123661908 -3685.6360087037506
POS 17 1203.8097156124695 -4162.4438498505733 -5407.7997583691713
POS 18 4497.2912892718496 -1448.6338066502656 -5063.2212285012101
POS 19 6070.9014396816383 1815.1096070926023 -2786.7036416145652
POS 20 1309.1507877589347 6707.0995412810662 1098.1711976683157
POS 21 -1473.1794907460203 5400.6143673083825 4073.9726280966738
POS 22 -3695.2790216133944 2030.3815308664014 5496.4094354903127
POS 23 -4507.8095652790989 -2119.7077335895265 4820.0337427602853
POS 24 -3597.77479920838 -5463.6553062571456 2300.1997344090369
POS 25 -1311.7194150495668 -6720.2592468580042 -1100.3258711669635
POS 26 1475.1729178461296 -5407.922187641655 -4079.485308318579
POS 27 3696.1209868280748 -2030.8441510397408 -5497.6617862663315
POS 28 4503.3778363732063 2117.6238012718545 -4815.2950592476318
POS 29 3591.2352054044686 5453.724143696506 -2296.0187134251196
POS 30 -3214.0703174313776 5908.3513620922804 1633.5676776352541
POS 31 -4454.8645691473594 2914.747349297475 4427.1827774035028
POS 32 -3995.2438544250772 -1194.9927925008776 5532.4177242611604
POS 33 -2008.1552818724908 -4852.8567054249224 4524.5385640684763
POS 34 748.61801109974954 -6658.8556234094121 1785.8327652366604
POS 35 3220.2172271041982 -5919.651084422906 -1636.6918759156713
POS 36 4460.2063105514571 -2918.2423661170801 -4432.4913261098645
POS 37 3995.356991682364 1195.0266322893706 -5532.5743911857062
POS 38 2005.8421290467886 4847.2667994538979 -4519.3268410214841
POS 39 -747.20208892260541 6646.2611877803074 -1782.4550743723253
POS 40 -6111.2591873950369 2434.9806864414695 2152.6886714502812
POS 41 -4989.9411464446748 -786.13544828595593 4736.2372383833972
POS 42 -1961.342729153255 -3710.1921009845628 5513.1503737692547
POS 43 1820.4625058988061 -5219.579670549123 4183.7578116917357
POS 44 4909.5976715675515 -4734.6634732527209 1253.5717993182216
POS 45 6122.5272508923053 -2439.4703531612258 -2156.6578424338609
POS 46 4995.0960181208929 786.94756755492517 -4741.1300205777115
POS 47 1961.006445166068 3709.5559662721571 -5512.205111035677
POS 48 -1818.0793252123417 5212.7466808984082 -4178.280823958472
POS 49 -4900.042607584759 4725.4488663846432 -1251.1320966071653
POS 50 -6074.6751086307795 -1997.1894363332374 2650.3598992810084
POS 51 -2965.2167093751623 -3766.2946881090897 4998.041862551624
POS 52 1280.3669639456105 -4098.4172838354407 5438.7834333534065
POS 53 5041.4467131779256 -2864.3286194735288 3801.0924618914828
POS 54 6877.9916707410075 -534.08071381283173 708.74904559264928
POS 55 6085.3465315744334 2000.6979125550231 -2655.0158044829077
POS 56 2967.7570897723785 3769.5213734186514 -5002.3238185826767
POS 57 -1279.8938972316846 4096.9030110907079 -5436.7739255489887
POS 58 -5034.1202776565697 2860.1660605620773 -3795.5685596433514
POS 59 -6864.3622999773334 533.02238393766697 -707.34459441224578
POS 60 -3239.5182713616473 -5261.2612204567304 3121.6190456890331
POS 61 426.00000252066377 -4543.2899145425799 5209.9716930190962
POS 62 3932.8148335685605 -2088.6515946655463 5310.0440426743053
POS 63 5940.1956805595155 1167.18374851006 3380.3652549063436
POS 64 5677.795372822151 3979.0873181096977 156.82368532238013
POS 65 3244.8700679990275 5269.9530066265861 -3126.7760687129767
POS 66 -426.28621900105753 4546.3424132305445 -5213.4721149724382
POS 67 -3930.5976329783848 2087.474076845785 -5307.0504024233669
POS 68 -5930.7932680983795 -1165.3362768758575 -3375.0146587130366
POS 69 -5666.4556701748825 -3971.1402780999638 -156.51047678934643
POS 70 916.41214769885732 -5865.1228870371569 3561.7649331283446
POS 71 3334.5302075397412 -2832.1463964567783 5369.8975530350062
POS 72 4481.2520985668662 1286.4835025716193 5128.203801304714
POS 73 3916.0834890979545 4917.792462780757 2925.7825295391031
POS 74 1853.2592572456458 6671.0540107074867 -396.67329327365877
POS 75 -917.81504203462976 5874.1015411258168 -3567.2174796300314
POS 76 -3336.1318913556916 2833.5067689126504 -5372.4768902935393
POS 77 -4477.880434796245 -1285.5155610852403 -5124.3453754485236
POS 78 -3909.4393333126609 -4909.4487746715977 -2920.8185508664665
POS 79 -1849.5659409641892 -6657.7594258856934 395.88277250505064
POS 80 4333.1606090255209 -3663.8136665830798 3966.4041959062074
POS 81 4228.605459239463 339.70875044886827 5476.20778272588
POS 82 2507.9904601969906 4218.0742624359773 4895.0666512926737
POS 83 -173.24248692216383 6487.8667169755372 2441.8920931385378
POS 84 -2789.6286076856836 6278.2481791336495 -946.19501153197552
POS 85 -4339.2027027307176 3668.9224330215488 -3971.934890008436
POS 86 -4229.8065219124928 -339.80523887839615 -5477.7632053873185
POS 87 -2505.6493312121493 -4214.1368248449144 -4890.4972629309759
POS 88 172.93178153146553 -6476.2309156261772 -2437.5126302808949
POS 89 2784.1367827841168 -6265.8884551211468 944.33227707630124
POS 90 5400.4841337478565 110.86376670394344 4331.4950001730322
POS 91 2686.433471059765 3197.0513295047735 5527.8248885318317
POS 92 -1057.5005715770383 5065.0251561144441 4612.9513702370468
POS 93 -4400.7972490046322 4998.3483692827294 1933.537551902303
POS 94 -6062.8915762078632 3020.6040559051344 -1486.2347831390814
POS 95 -5407.2022993686251 -111.00168047752653 -4336.8833505645925
POS 96 -2686.6616396672262 -3197.3228667520953 -5528.2943868911634
POS 97 1056.3318333914883 -5059.4273451346326 -4607.853186312238
POS 98 4392.5572057753743 -4988.989472631195 -1929.9172003815227
POS 99 6051.2217959953459 -3014.7900338335885 1483.3740964443894
ROUTES 10000
R 0 0 0 0
R 0 1 -1 inf
R 0 2 -1 inf
R 0 3 -1 inf
R 0 4 -1 inf
R 0 5 -1 inf
R 0 6 -1 inf
R 0 7 -1 inf
R 0 8 -1 inf
R 0 9 -1 inf
R 0 10 -1 inf
R 0 11 -1 inf
R 0 12 -1 inf
R 0 13 -1 inf
R 0 14 -1 inf
R 0 15 -1 inf
R 0 16 -1 inf
R 0 17 -1 inf
R 0 18 -1 inf
R 0 19 -1 inf
R 0 20 -1 inf
R 0 21 -1 inf
R 0 22 -1 inf
R 0 23 -1 inf
R 0 24 -1 inf
R 0 25 -1 inf
R 0 26 -1 inf
R 0 27 -1 inf
R 0 28 -1 inf
R 0 29 -1 inf
R 0 30 -1 inf
R 0 31 -1 inf
R 0 32 -1 inf
R 0 33 -1 inf
R 0 34 -1 inf
R 0 35 -1 inf
R 0 36 -1 inf
R 0 37 -1 inf
R 0 38 -1 inf
R 0 39 -1 inf
R 0 40 -1 inf
R 0 41 -1 inf
R 0 42 -1 inf
R 0 43 -1 inf
R 0 44 -1 inf
R 0 45 -1 inf
R 0 46 -1 inf
R 0 47 -1 inf
R 0 48 -1 inf
R 0 49 -1 inf
R 0 50 -1 inf
R 0 51 -1 inf
R 0 52 -1 inf
R 0 53 -1 inf
R 0 54 54 0.0039637224185930858
R 0 55 -1 inf
R 0 56 -1 inf
R 0 57 -1 inf
R 0 58 -1 inf
R 0 59 -1 inf
R 0 60 -1 inf
R 0 61 -1 inf
R 0 62 -1 inf
R 0 63 -1 inf
R 0 64 -1 inf
R 0 65 -1 inf
R 0 66 -1 inf
R 0 67 -1 inf
R 0 68 -1 inf
R 0 69 -1 inf
R 0 70 -1 inf
R 0 71 -1 inf
R 0 72 -1 inf
R 0 73 -1 inf
R 0 74 -1 inf
R 0 75 -1 inf
R 0 76 -1 inf
R 0 77 -1 inf
R 0 78 -1 inf
R 0 79 -1 inf
R 0 80 -1 inf
R 0 81 -1 inf
R 0 82 -1 inf
R 0 83 -1 inf
R 0 84 -1 inf
R 0 85 -1 inf
R 0 86 -1 inf
R 0 87 -1 inf
R 0 88 -1 inf
R 0 89 -1 inf
R 0 90 -1 inf
R 0 91 -1 inf
R 0 92 -1 inf
R 0 93 -1 inf
R 0 94 -1 inf
R 0 95 -1 inf
R 0 96 -1 inf
R 0 97 -1 inf
R 0 98 -1 inf
R 0 99 -1 inf
R 1 0 -1 inf
R 1 1 1 0
R 1 2 -1 inf
R 1 3 -1 inf
R 1 4 -1 inf
R 1 5 -1 inf
R 1 6 -1 inf
R 1 7 -1 inf
R 1 8 -1 inf
R 1 9 -1 inf
R 1 10 -1 inf
R 1 11 -1 inf
R 1 12 -1 inf
R 1 13 -1 inf
R 1 14 -1 inf
R 1 15 -1 inf
R 1 16 -1 inf
R 1 17 -1 inf
R 1 18 -1 inf
R 1 19 -1 inf
R 1 20 -1 inf
R 1 21 -1 inf
R 1 22 -1 inf
R 1 23 -1 inf
R 1 24 -1 inf
R 1 25 -1 inf
R 1 26 -1 inf
R 1 27 -1 inf
R 1 28 -1 inf
R 1 29 -1 inf
R 1 30 -1 inf
R 1 31 -1 inf
R 1 32 -1 inf
R 1 33 -1 inf
R 1 34 72 0.055804819286374735
R 1 35 -1 inf
R 1 36 -1 inf
R 1 37 -1 inf
R 1 38 -1 inf
R 1 39 -1 inf
R 1 40 -1 inf
R 1 41 -1 inf
R 1 42 -1 inf
R 1 43 72 0.043045344677657249
R 1 44 -1 inf
R 1 45 -1 inf
R 1 46 -1 inf
R 1 47 -1 inf
R 1 48 -1 inf
R 1 49 -1 inf
R 1 50 -1 inf
R 1 51 -1 inf
R 1 52 72 0.036149843360629735
R 1 53 72 0.030668293747296273
R 1 54 -1 inf
R 1 55 -1 inf
R 1 56 -1 inf
R 1 57 -1 inf
R 1 58 -1 inf
R 1 59 -1 inf
R 1 60 -1 inf
R 1 61 72 0.040452312158153481
R 1 62 72 0.022907817349990214
R 1 63 63 0.0054440058738352125
R 1 64 -1 inf
R 1 65 -1 inf
R 1 66 -1 inf
R 1 67 -1 inf
R 1 68 -1 inf
R 1 69 -1 inf
R 1 70 72 0.048292112435712131
R 1 71 72 0.027097345047921759
R 1 72 72 0.0092603909497453347
R 1 73 -1 inf
R 1 74 -1 inf
R 1 75 -1 inf
R 1 76 -1 inf
R 1 77 -1 inf
R 1 78 -1 inf
R 1 79 -1 inf
R 1 80 72 0.030941813642320855
R 1 81 72 0.013729007723043819
R 1 82 -1 inf
R 1 83 -1 inf
R 1 84 -1 inf
R 1 85 -1 inf
R 1 86 -1 inf
R 1 87 -1 inf
R 1 88 -1 inf
R 1 89 72 0.064267925831396788
R 1 90 63 0.011515659272882138
R 1 91 -1 inf
R 1 92 -1 inf
R 1 93 -1 inf
R 1 94 -1 inf
R 1 95 -1 inf
R 1 96 -1 inf
R 1 97 -1 inf
R 1 98 -1 inf
R 1 99 -1 inf
R 2 0 -1 inf
R 2 1 -1 inf
R 2 2 2 0
R 2 3 -1 inf
R 2 4 -1 inf
R 2 5 -1 inf
R 2 6 -1 inf
R 2 7 -1 inf
R 2 8 -1 inf
R 2 9 -1 inf
R 2 10 -1 inf
R 2 11 11 0.0079953929639771035
R 2 12 -1 inf
R 2 13 -1 inf
R 2 14 -1 inf
R 2 15 -1 inf
R 2 16 -1 inf
R 2 17 -1 inf
R 2 18 -1 inf
R 2 19 -1 inf
R 2 20 -1 inf
R 2 21 -1 inf
R 2 22 -1 inf
R 2 23 -1 inf
R 2 24 -1 inf
R 2 25 -1 inf
R 2 26 -1 inf
R 2 27 -1 inf
R 2 28 -1 inf
R 2 29 -1 inf
R 2 30 -1 inf
R 2 31 -1 inf
R 2 32 -1 inf
R 2 33 -1 inf
R 2 34 -1 inf
R 2 35 -1 inf
R 2 36 -1 inf
R 2 37 -1 inf
R 2 38 -1 inf
R 2 39 -1 inf
R 2 40 -1 inf
R 2 41 -1 inf
R 2 42 -1 inf
R 2 43 -1 inf
R 2 44 -1 inf
R 2 45 -1 inf
R 2 46 -1 inf
R 2 47 -1 inf
R 2 48 -1 inf
R 2 49 -1 inf
R 2 50 -1 inf
R 2 51 -1 inf
R 2 52 -1 inf
R 2 53 -1 inf
R 2 54 -1 inf
R 2 55 -1 inf
R 2 56 -1 inf
R 2 57 -1 inf
R 2 58 -1 inf
R 2 59 -1 inf
R 2 60 -1 inf
R 2 61 -1 inf
R 2 62 -1 inf
R 2 63 -1 inf
R 2 64 -1 inf
R 2 65 -1 inf
R 2 66 -1 inf
R 2 67 -1 inf
R 2 68 -1 inf
R 2 69 -1 inf
R 2 70 -1 inf
R 2 71 -1 inf
R 2 72 -1 inf
R 2 73 11 0.014339959451590729
R 2 74 -1 inf
R 2 75 -1 inf
R 2 76 -1 inf
R 2 77 -1 inf
R 2 78 -1 inf
R 2 79 -1 inf
R 2 80 -1 inf
R 2 81 -1 inf
R 2 82 82 0.002925836430349812
R 2 83 -1 inf
R 2 84 -1 inf
R 2 85 -1 inf
R 2 86 -1 inf
R 2 87 -1 inf
R 2 88 -1 inf
R 2 89 -1 inf
R 2 90 -1 inf
R 2 91 91 0.004265136538622441
R 2 92 -1 inf
R 2 93 -1 inf
R 2 94 -1 inf
R 2 95 -1 inf
R 2 96 -1 inf
R 2 97 -1 inf
R 2 98 -1 inf
R 2 99 -1 inf
R 3 0 -1 inf
R 3 1 -1 inf
R 3 2 -1 inf
R 3 3 3 0
R 3 4 22 0.022294553228415177
R 3 5 -1 inf
R 3 6 -1 inf
R 3 7 -1 inf
R 3 8 -1 inf
R 3 9 -1 inf
R 3 10 -1 inf
R 3 11 -1 inf
R 3 12 12 0.004230715068771985
R 3 13 22 0.013925544281596373
R 3 14 22 0.031836333468581918
R 3 15 -1 inf
R 3 16 -1 inf
R 3 17 -1 inf
R 3 18 -1 inf
R 3 19 -1 inf
R 3 20 21 0.024165233634897205
R 3 21 21 0.0076033652499080404
R 3 22 22 0.0093171016003040404
R 3 23 22 0.028377933485827293
R 3 24 22 0.050046816291268059
R 3 25 -1 inf
R 3 26 -1 inf
R 3 27 -1 inf
R 3 28 -1 inf
R 3 29 -1 inf
R 3 30 -1 inf
R 3 31 22 0.015593658336264894
R 3 32 22 0.028102970972447343
R 3 33 22 0.043009051382779273
R 3 34 -1 inf
R 3 35 -1 inf
R 3 36 -1 inf
R 3 37 -1 inf
R 3 38 -1 inf
R 3 39 -1 inf
R 3 40 22 0.027334518735262197
R 3 41 22 0.022639576255059159
R 3 42 22 0.041695801347323078
R 3 43 -1 inf
R 3 44 -1 inf
R 3 45 -1 inf
R 3 46 -1 inf
R 3 47 -1 inf
R 3 48 -1 inf
R 3 49 -1 inf
R 3 50 22 0.033596917494569806
R 3 51 22 0.036927490624114011
R 3 52 -1 inf
R 3 53 -1 inf
R 3 54 -1 inf
R 3 55 -1 inf
R 3 56 -1 inf
R 3 57 -1 inf
R 3 58 -1 inf
R 3 59 -1 inf
R 3 60 22 0.04598230648864976
R 3 61 -1 inf
R 3 62 -1 inf
R 3 63 -1 inf
R 3 64 -1 inf
R 3 65 -1 inf
R 3 66 -1 inf
R 3 67 -1 inf
R 3 68 -1 inf
R 3 69 -1 inf
R 3 70 -1 inf
R 3 71 -1 inf
R 3 72 -1 inf
R 3 73 -1 inf
R 3 74 21 0.030472901240115802
R 3 75 -1 inf
R 3 76 -1 inf
R 3 77 -1 inf
R 3 78 -1 inf
R 3 79 -1 inf
R 3 80 -1 inf
R 3 81 -1 inf
R 3 82 -1 inf
R 3 83 21 0.016451442084444056
R 3 84 -1 inf
R 3 85 -1 inf
R 3 86 -1 inf
R 3 87 -1 inf
R 3 88 -1 inf
R 3 89 -1 inf
R 3 90 -1 inf
R 3 91 -1 inf
R 3 92 92 0.0065869942120656078
R 3 93 -1 inf
R 3 94 -1 inf
R 3 95 -1 inf
R 3 96 -1 inf
R 3 97 -1 inf
R 3 98 -1 inf
R 3 99 -1 inf
R 4 0 -1 inf
R 4 1 -1 inf
R 4 2 -1 inf
R 4 3 31 0.022294553228415177
R 4 4 4 0
R 4 5 -1 inf
R 4 6 -1 inf
R 4 7 -1 inf
R 4 8 -1 inf
R 4 9 -1 inf
R 4 10 -1 inf
R 4 11 -1 inf
R 4 12 31 0.026525268297187161
R 4 13 13 0.0088367838623384029
R 4 14 13 0.026747573049323951
R 4 15 -1 inf
R 4 16 -1 inf
R 4 17 -1 inf
R 4 18 -1 inf
R 4 19 -1 inf
R 4 20 31 0.046459786863312383
R 4 21 31 0.029897918478323217
R 4 22 31 0.012977451628111139
R 4 23 13 0.023289173066569323
R 4 24 13 0.0449580558720101
R 4 25 -1 inf
R 4 26 -1 inf
R 4 27 -1 inf
R 4 28 -1 inf
R 4 29 -1 inf
R 4 30 -1 inf
R 4 31 31 0.006700894892150284
R 4 32 13 0.02301421055318937
R 4 33 13 0.037920290963521307
R 4 34 -1 inf
R 4 35 -1 inf
R 4 36 -1 inf
R 4 37 -1 inf
R 4 38 -1 inf
R 4 39 -1 inf
R 4 40 40 0.0050399655068470188
R 4 41 13 0.01755081583580119
R 4 42 13 0.036607040928065111
R 4 43 -1 inf
R 4 44 -1 inf
R 4 45 -1 inf
R 4 46 -1 inf
R 4 47 -1 inf
R 4 48 -1 inf
R 4 49 -1 inf
R 4 50 13 0.028508157075311839
R 4 51 13 0.031838730204856044
R 4 52 -1 inf
R 4 53 -1 inf
R 4 54 -1 inf
R 4 55 -1 inf
R 4 56 -1 inf
R 4 57 -1 inf
R 4 58 -1 inf
R 4 59 -1 inf
R 4 60 13 0.040893546069391801
R 4 61 -1 inf
R 4 62 -1 inf
R 4 63 -1 inf
R 4 64 -1 inf
R 4 65 -1 inf
R 4 66 -1 inf
R 4 67 -1 inf
R 4 68 -1 inf
R 4 69 -1 inf
R 4 70 -1 inf
R 4 71 -1 inf
R 4 72 -1 inf
R 4 73 -1 inf
R 4 74 31 0.052767454468530976
R 4 75 -1 inf
R 4 76 -1 inf
R 4 77 -1 inf
R 4 78 -1 inf
R 4 79 -1 inf
R 4 80 -1 inf
R 4 81 -1 inf
R 4 82 -1 inf
R 4 83 31 0.03874599531285923
R 4 84 -1 inf
R 4 85 -1 inf
R 4 86 -1 inf
R 4 87 -1 inf
R 4 88 -1 inf
R 4 89 -1 inf
R 4 90 -1 inf
R 4 91 -1 inf
R 4 92 31 0.028881547440480784
R 4 93 -1 inf
R 4 94 -1 inf
R 4 95 -1 inf
R 4 96 -1 inf
R 4 97 -1 inf
R 4 98 -1 inf
R 4 99 -1 inf
R 5 0 -1 inf
R 5 1 -1 inf
R 5 2 -1 inf
R 5 3 -1 inf
R 5 4 -1 inf
R 5 5 5 0
R 5 6 -1 inf
R 5 7 -1 inf
R 5 8 -1 inf
R 5 9 -1 inf
R 5 10 -1 inf
R 5 11 -1 inf
R 5 12 -1 inf
R 5 13 -1 inf
R 5 14 -1 inf
R 5 15 -1 inf
R 5 16 -1 inf
R 5 17 -1 inf
R 5 18 -1 inf
R 5 19 -1 inf
R 5 20 -1 inf
R 5 21 -1 inf
R 5 22 -1 inf
R 5 23 -1 inf
R 5 24 -1 inf
R 5 25 -1 inf
R 5 26 -1 inf
R 5 27 -1 inf
R 5 28 -1 inf
R 5 29 -1 inf
R 5 30 -1 inf
R 5 31 -1 inf
R 5 32 -1 inf
R 5 33 -1 inf
R 5 34 -1 inf
R 5 35 -1 inf
R 5 36 -1 inf
R 5 37 -1 inf
R 5 38 -1 inf
R 5 39 -1 inf
R 5 40 -1 inf
R 5 41 -1 inf
R 5 42 -1 inf
R 5 43 -1 inf
R 5 44 -1 inf
R 5 45 -1 inf
R 5 46 -1 inf
R 5 47 -1 inf
R 5 48 -1 inf
R 5 49 -1 inf
R 5 50 -1 inf
R 5 51 -1 inf
R 5 52 -1 inf
R 5 53 -1 inf
R 5 54 -1 inf
R 5 55 -1 inf
R 5 56 -1 inf
R 5 57 -1 inf
R 5 58 -1 inf
R 5 59 59 0.003963746790934467
R 5 60 -1 inf
R 5 61 -1 inf
R 5 62 -1 inf
R 5 63 -1 inf
R 5 64 -1 inf
R 5 65 -1 inf
R 5 66 -1 inf
R 5 67 -1 inf
R 5 68 -1 inf
R 5 69 -1 inf
R 5 70 -1 inf
R 5 71 -1 inf
R 5 72 -1 inf
R 5 73 -1 inf
R 5 74 -1 inf
R 5 75 -1 inf
R 5 76 -1 inf
R 5 77 -1 inf
R 5 78 -1 inf
R 5 79 -1 inf
R 5 80 -1 inf
R 5 81 -1 inf
R 5 82 -1 inf
R 5 83 -1 inf
R 5 84 -1 inf
R 5 85 -1 inf
R 5 86 -1 inf
R 5 87 -1 inf
R 5 88 -1 inf
R 5 89 -1 inf
R 5 90 -1 inf
R 5 91 -1 inf
R 5 92 -1 inf
R 5 93 -1 inf
R 5 94 -1 inf
R 5 95 -1 inf
R 5 96 -1 inf
R 5 97 -1 inf
R 5 98 -1 inf
R 5 99 -1 inf
R 6 0 -1 inf
R 6 1 -1 inf
R 6 2 -1 inf
R 6 3 -1 inf
R 6 4 -1 inf
R 6 5 -1 inf
R 6 6 6 0
R 6 7 -1 inf
R 6 8 -1 inf
R 6 9 -1 inf
R 6 10 -1 inf
R 6 11 -1 inf
R 6 12 -1 inf
R 6 13 -1 inf
R 6 14 -1 inf
R 6 15 -1 inf
R 6 16 -1 inf
R 6 17 -1 inf
R 6 18 -1 inf
R 6 19 -1 inf
R 6 20 -1 inf
R 6 21 -1 inf
R 6 22 -1 inf
R 6 23 -1 inf
R 6 24 -1 inf
R 6 25 -1 inf
R 6 26 -1 inf
R 6 27 -1 inf
R 6 28 -1 inf
R 6 29 -1 inf
R 6 30 -1 inf
R 6 31 -1 inf
R 6 32 -1 inf
R 6 33 -1 inf
R 6 34 -1 inf
R 6 35 -1 inf
R 6 36 -1 inf
R 6 37 -1 inf
R 6 38 -1 inf
R 6 39 77 0.055801083158280862
R 6 40 -1 inf
R 6 41 -1 inf
R 6 42 -1 inf
R 6 43 -1 inf
R 6 44 -1 inf
R 6 45 -1 inf
R 6 46 -1 inf
R 6 47 -1 inf
R 6 48 77 0.043042325526966074
R 6 49 -1 inf
R 6 50 -1 inf
R 6 51 -1 inf
R 6 52 -1 inf
R 6 53 -1 inf
R 6 54 -1 inf
R 6 55 -1 inf
R 6 56 -1 inf
R 6 57 77 0.036151772927123474
R 6 58 77 0.03066309254806962
R 6 59 -1 inf
R 6 60 -1 inf
R 6 61 -1 inf
R 6 62 -1 inf
R 6 63 -1 inf
R 6 64 -1 inf
R 6 65 -1 inf
R 6 66 77 0.040454740604125641
R 6 67 77 0.022909434810322715
R 6 68 68 0.0054440812827959654
R 6 69 -1 inf
R 6 70 -1 inf
R 6 71 -1 inf
R 6 72 -1 inf
R 6 73 -1 inf
R 6 74 -1 inf
R 6 75 77 0.048289559887942361
R 6 76 77 0.027098829009849217
R 6 77 77 0.0092639658597265216
R 6 78 -1 inf
R 6 79 -1 inf
R 6 80 -1 inf
R 6 81 -1 inf
R 6 82 -1 inf
R 6 83 -1 inf
R 6 84 77 0.064264478638931311
R 6 85 77 0.03094634903606755
R 6 86 77 0.013731769876059216
R 6 87 -1 inf
R 6 88 -1 inf
R 6 89 -1 inf
R 6 90 -1 inf
R 6 91 -1 inf
R 6 92 -1 inf
R 6 93 -1 inf
R 6 94 -1 inf
R 6 95 68 0.011514870308288242
R 6 96 -1 inf
R 6 97 -1 inf
R 6 98 -1 inf
R 6 99 -1 inf
R 7 0 -1 inf
R 7 1 -1 inf
R 7 2 -1 inf
R 7 3 -1 inf
R 7 4 -1 inf
R 7 5 -1 inf
R 7 6 -1 inf
R 7 7 7 0
R 7 8 -1 inf
R 7 9 -1 inf
R 7 10 -1 inf
R 7 11 -1 inf
R 7 12 -1 inf
R 7 13 -1 inf
R 7 14 -1 inf
R 7 15 -1 inf
R 7 16 16 0.0080027791969025062
R 7 17 -1 inf
R 7 18 -1 inf
R 7 19 -1 inf
R 7 20 -1 inf
R 7 21 -1 inf
R 7 22 -1 inf
R 7 23 -1 inf
R 7 24 -1 inf
R 7 25 -1 inf
R 7 26 -1 inf
R 7 27 -1 inf
R 7 28 -1 inf
R 7 29 -1 inf
R 7 30 -1 inf
R 7 31 -1 inf
R 7 32 -1 inf
R 7 33 -1 inf
R 7 34 -1 inf
R 7 35 -1 inf
R 7 36 -1 inf
R 7 37 -1 inf
R 7 38 -1 inf
R 7 39 -1 inf
R 7 40 -1 inf
R 7 41 -1 inf
R 7 42 -1 inf
R 7 43 -1 inf
R 7 44 -1 inf
R 7 45 -1 inf
R 7 46 -1 inf
R 7 47 -1 inf
R 7 48 -1 inf
R 7 49 -1 inf
R 7 50 -1 inf
R 7 51 -1 inf
R 7 52 -1 inf
R 7 53 -1 inf
R 7 54 -1 inf
R 7 55 -1 inf
R 7 56 -1 inf
R 7 57 -1 inf
R 7 58 -1 inf
R 7 59 -1 inf
R 7 60 -1 inf
R 7 61 -1 inf
R 7 62 -1 inf
R 7 63 -1 inf
R 7 64 -1 inf
R 7 65 -1 inf
R 7 66 -1 inf
R 7 67 -1 inf
R 7 68 -1 inf
R 7 69 -1 inf
R 7 70 -1 inf
R 7 71 -1 inf
R 7 72 -1 inf
R 7 73 -1 inf
R 7 74 -1 inf
R 7 75 -1 inf
R 7 76 -1 inf
R 7 77 -1 inf
R 7 78 16 0.014346796574826088
R 7 79 -1 inf
R 7 80 -1 inf
R 7 81 -1 inf
R 7 82 -1 inf
R 7 83 -1 inf
R 7 84 -1 inf
R 7 85 -1 inf
R 7 86 -1 inf
R 7 87 87 0.0029255322710164031
R 7 88 -1 inf
R 7 89 -1 inf
R 7 90 -1 inf
R 7 91 -1 inf
R 7 92 -1 inf
R 7 93 -1 inf
R 7 94 -1 inf
R 7 95 -1 inf
R 7 96 96 0.0042662843812273851
R 7 97 -1 inf
R 7 98 -1 inf
R 7 99 -1 inf
R 8 0 -1 inf
R 8 1 -1 inf
R 8 2 -1 inf
R 8 3 -1 inf
R 8 4 -1 inf
R 8 5 -1 inf
R 8 6 -1 inf
R 8 7 -1 inf
R 8 8 8 0
R 8 9 27 0.022295498537375301
R 8 10 -1 inf
R 8 11 -1 inf
R 8 12 -1 inf
R 8 13 -1 inf
R 8 14 -1 inf
R 8 15 -1 inf
R 8 16 -1 inf
R 8 17 17 0.0042304033444612154
R 8 18 27 0.013922880795759195
R 8 19 27 0.031831701126299176
R 8 20 -1 inf
R 8 21 -1 inf
R 8 22 -1 inf
R 8 23 -1 inf
R 8 24 -1 inf
R 8 25 26 0.024166474700919423
R 8 26 26 0.0076057898106016127
R 8 27 27 0.0093154790437773895
R 8 28 27 0.028376264104786129
R 8 29 27 0.050054511315503938
R 8 30 -1 inf
R 8 31 -1 inf
R 8 32 -1 inf
R 8 33 -1 inf
R 8 34 -1 inf
R 8 35 -1 inf
R 8 36 27 0.015595799812048249
R 8 37 27 0.028103553813832258
R 8 38 27 0.043006149190235786
R 8 39 -1 inf
R 8 40 -1 inf
R 8 41 -1 inf
R 8 42 -1 inf
R 8 43 -1 inf
R 8 44 -1 inf
R 8 45 27 0.027335916768148519
R 8 46 27 0.022637790985432546
R 8 47 27 0.041694942323367047
R 8 48 -1 inf
R 8 49 -1 inf
R 8 50 -1 inf
R 8 51 -1 inf
R 8 52 -1 inf
R 8 53 -1 inf
R 8 54 -1 inf
R 8 55 27 0.033592295774422548
R 8 56 27 0.036925340928632033
R 8 57 -1 inf
R 8 58 -1 inf
R 8 59 -1 inf
R 8 60 -1 inf
R 8 61 -1 inf
R 8 62 -1 inf
R 8 63 -1 inf
R 8 64 -1 inf
R 8 65 27 0.045990259975937302
R 8 66 -1 inf
R 8 67 -1 inf
R 8 68 -1 inf
R 8 69 -1 inf
R 8 70 -1 inf
R 8 71 -1 inf
R 8 72 -1 inf
R 8 73 -1 inf
R 8 74 -1 inf
R 8 75 -1 inf
R 8 76 -1 inf
R 8 77 -1 inf
R 8 78 -1 inf
R 8 79 26 0.030474050130215001
R 8 80 -1 inf
R 8 81 -1 inf
R 8 82 -1 inf
R 8 83 -1 inf
R 8 84 -1 inf
R 8 85 -1 inf
R 8 86 -1 inf
R 8 87 -1 inf
R 8 88 26 0.016452129040402646
R 8 89 -1 inf
R 8 90 -1 inf
R 8 91 -1 inf
R 8 92 -1 inf
R 8 93 -1 inf
R 8 94 -1 inf
R 8 95 -1 inf
R 8 96 -1 inf
R 8 97 97 0.0065821807555750955
R 8 98 -1 inf
R 8 99 -1 inf
R 9 0 -1 inf
R 9 1 -1 inf
R 9 2 -1 inf
R 9 3 -1 inf
R 9 4 -1 inf
R 9 5 -1 inf
R 9 6 -1 inf
R 9 7 -1 inf
R 9 8 36 0.022295498537375301
R 9 9 9 0
R 9 10 -1 inf
R 9 11 -1 inf
R 9 12 -1 inf
R 9 13 -1 inf
R 9 14 -1 inf
R 9 15 -1 inf
R 9 16 -1 inf
R 9 17 36 0.026525901881836518
R 9 18 18 0.0088272958222095285
R 9 19 18 0.026736116152749512
R 9 20 -1 inf
R 9 21 -1 inf
R 9 22 -1 inf
R 9 23 -1 inf
R 9 24 -1 inf
R 9 25 36 0.046461973238294721
R 9 26 36 0.029901288347976913
R 9 27 36 0.012980019493597911
R 9 28 18 0.023280679131236465
R 9 29 18 0.044958926341954281
R 9 30 -1 inf
R 9 31 -1 inf
R 9 32 -1 inf
R 9 33 -1 inf
R 9 34 -1 inf
R 9 35 -1 inf
R 9 36 36 0.0066996987253270515
R 9 37 18 0.023007968840282594
R 9 38 18 0.037910564216686128
R 9 39 -1 inf
R 9 40 -1 inf
R 9 41 -1 inf
R 9 42 -1 inf
R 9 43 -1 inf
R 9 44 -1 inf
R 9 45 45 0.0050404182307732196
R 9 46 18 0.017542206011882881
R 9 47 18 0.036599357349817389
R 9 48 -1 inf
R 9 49 -1 inf
R 9 50 -1 inf
R 9 51 -1 inf
R 9 52 -1 inf
R 9 53 -1 inf
R 9 54 -1 inf
R 9 55 18 0.028496710800872883
R 9 56 18 0.031829755955082376
R 9 57 -1 inf
R 9 58 -1 inf
R 9 59 -1 inf
R 9 60 -1 inf
R 9 61 -1 inf
R 9 62 -1 inf
R 9 63 -1 inf
R 9 64 -1 inf
R 9 65 18 0.040894675002387644
R 9 66 -1 inf
R 9 67 -1 inf
R 9 68 -1 inf
R 9 69 -1 inf
R 9 70 -1 inf
R 9 71 -1 inf
R 9 72 -1 inf
R 9 73 -1 inf
R 9 74 -1 inf
R 9 75 -1 inf
R 9 76 -1 inf
R 9 77 -1 inf
R 9 78 -1 inf
R 9 79 36 0.052769548667590302
R 9 80 -1 inf
R 9 81 -1 inf
R 9 82 -1 inf
R 9 83 -1 inf
R 9 84 -1 inf
R 9 85 -1 inf
R 9 86 -1 inf
R 9 87 -1 inf
R 9 88 36 0.038747627577777943
R 9 89 -1 inf
R 9 90 -1 inf
R 9 91 -1 inf
R 9 92 -1 inf
R 9 93 -1 inf
R 9 94 -1 inf
R 9 95 -1 inf
R 9 96 -1 inf
R 9 97 36 0.028877679292950396
R 9 98 -1 inf
R 9 99 -1 inf
R 10 0 -1 inf
R 10 1 -1 inf
R 10 2 -1 inf
R 10 3 -1 inf
R 10 4 -1 inf
R 10 5 -1 inf
R 10 6 -1 inf
R 10 7 -1 inf
R 10 8 -1 inf
R 10 9 -1 inf
R 10 10 10 0
R 10 11 -1 inf
R 10 12 -1 inf
R 10 13 -1 inf
R 10 14 -1 inf
R 10 15 -1 inf
R 10 16 -1 inf
R 10 17 -1 inf
R 10 18 -1 inf
R 10 19 -1 inf
R 10 20 -1 inf
R 10 21 -1 inf
R 10 22 -1 inf
R 10 23 -1 inf
R 10 24 -1 inf
R 10 25 -1 inf
R 10 26 -1 inf
R 10 27 -1 inf
R 10 28 -1 inf
R 10 29 -1 inf
R 10 30 -1 inf
R 10 31 -1 inf
R 10 32 -1 inf
R 10 33 -1 inf
R 10 34 -1 inf
R 10 35 -1 inf
R 10 36 -1 inf
R 10 37 -1 inf
R 10 38 -1 inf
R 10 39 -1 inf
R 10 40 -1 inf
R 10 41 -1 inf
R 10 42 -1 inf
R 10 43 -1 inf
R 10 44 -1 inf
R 10 45 -1 inf
R 10 46 -1 inf
R 10 47 -1 inf
R 10 48 -1 inf
R 10 49 -1 inf
R 10 50 -1 inf
R 10 51 -1 inf
R 10 52 -1 inf
R 10 53 -1 inf
R 10 54 -1 inf
R 10 55 -1 inf
R 10 56 -1 inf
R 10 57 -1 inf
R 10 58 -1 inf
R 10 59 -1 inf
R 10 60 -1 inf
R 10 61 -1 inf
R 10 62 -1 inf
R 10 63 -1 inf
R 10 64 64 0.0032208532795579103
R 10 65 -1 inf
R 10 66 -1 inf
R 10 67 -1 inf
R 10 68 -1 inf
R 10 69 -1 inf
R 10 70 -1 inf
R 10 71 -1 inf
R 10 72 -1 inf
R 10 73 -1 inf
R 10 74 -1 inf
R 10 75 -1 inf
R 10 76 -1 inf
R 10 77 -1 inf
R 10 78 -1 inf
R 10 79 -1 inf
R 10 80 -1 inf
R 10 81 -1 inf
R 10 82 -1 inf
R 10 83 -1 inf
R 10 84 -1 inf
R 10 85 -1 inf
R 10 86 -1 inf
R 10 87 -1 inf
R 10 88 -1 inf
R 10 89 -1 inf
R 10 90 -1 inf
R 10 91 -1 inf
R 10 92 -1 inf
R 10 93 -1 inf
R 10 94 -1 inf
R 10 95 -1 inf
R 10 96 -1 inf
R 10 97 -1 inf
R 10 98 -1 inf
R 10 99 -1 inf
R 11 0 -1 inf
R 11 1 -1 inf
R 11 2 2 0.0079953929639771035
R 11 3 -1 inf
R 11 4 -1 inf
R 11 5 -1 inf
R 11 6 -1 inf
R 11 7 -1 inf
R 11 8 -1 inf
R 11 9 -1 inf
R 11 10 -1 inf
R 11 11 11 0
R 11 12 -1 inf
R 11 13 -1 inf
R 11 14 -1 inf
R 11 15 -1 inf
R 11 16 -1 inf
R 11 17 -1 inf
R 11 18 -1 inf
R 11 19 -1 inf
R 11 20 -1 inf
R 11 21 -1 inf
R 11 22 -1 inf
R 11 23 -1 inf
R 11 24 -1 inf
R 11 25 -1 inf
R 11 26 -1 inf
R 11 27 -1 inf
R 11 28 -1 inf
R 11 29 -1 inf
R 11 30 -1 inf
R 11 31 -1 inf
R 11 32 -1 inf
R 11 33 -1 inf
R 11 34 -1 inf
R 11 35 -1 inf
R 11 36 -1 inf
R 11 37 -1 inf
R 11 38 -1 inf
R 11 39 -1 inf
R 11 40 -1 inf
R 11 41 -1 inf
R 11 42 -1 inf
R 11 43 -1 inf
R 11 44 -1 inf
R 11 45 -1 inf
R 11 46 -1 inf
R 11 47 -1 inf
R 11 48 -1 inf
R 11 49 -1 inf
R 11 50 -1 inf
R 11 51 -1 inf
R 11 52 -1 inf
R 11 53 -1 inf
R 11 54 -1 inf
R 11 55 -1 inf
R 11 56 -1 inf
R 11 57 -1 inf
R 11 58 -1 inf
R 11 59 -1 inf
R 11 60 -1 inf
R 11 61 -1 inf
R 11 62 -1 inf
R 11 63 -1 inf
R 11 64 -1 inf
R 11 65 -1 inf
R 11 66 -1 inf
R 11 67 -1 inf
R 11 68 -1 inf
R 11 69 -1 inf
R 11 70 -1 inf
R 11 71 -1 inf
R 11 72 -1 inf
R 11 73 73 0.0063445664876136268
R 11 74 -1 inf
R 11 75 -1 inf
R 11 76 -1 inf
R 11 77 -1 inf
R 11 78 -1 inf
R 11 79 -1 inf
R 11 80 -1 inf
R 11 81 -1 inf
R 11 82 82 0.0063850777836515953
R 11 83 -1 inf
R 11 84 -1 inf
R 11 85 -1 inf
R 11 86 -1 inf
R 11 87 -1 inf
R 11 88 -1 inf
R 11 89 -1 inf
R 11 90 -1 inf
R 11 91 82 0.011435805120276633
R 11 92 -1 inf
R 11 93 -1 inf
R 11 94 -1 inf
R 11 95 -1 inf
R 11 96 -1 inf
R 11 97 -1 inf
R 11 98 -1 inf
R 11 99 -1 inf
R 12 0 -1 inf
R 12 1 -1 inf
R 12 2 -1 inf
R 12 3 3 0.004230715068771985
R 12 4 3 0.026525268297187161
R 12 5 -1 inf
R 12 6 -1 inf
R 12 7 -1 inf
R 12 8 -1 inf
R 12 9 -1 inf
R 12 10 -1 inf
R 12 11 -1 inf
R 12 12 12 0
R 12 13 3 0.018156259350368357
R 12 14 3 0.036067048537353902
R 12 15 -1 inf
R 12 16 -1 inf
R 12 17 -1 inf
R 12 18 -1 inf
R 12 19 -1 inf
R 12 20 21 0.023697321973749026
R 12 21 21 0.0071354535887598602
R 12 22 3 0.013547816669076024
R 12 23 3 0.03260864855459928
R 12 24 3 0.054277531360040057
R 12 25 -1 inf
R 12 26 -1 inf
R 12 27 -1 inf
R 12 28 -1 inf
R 12 29 -1 inf
R 12 30 -1 inf
R 12 31 3 0.019824373405036878
R 12 32 3 0.032333686041219327
R 12 33 3 0.047239766451551264
R 12 34 -1 inf
R 12 35 -1 inf
R 12 36 -1 inf
R 12 37 -1 inf
R 12 38 -1 inf
R 12 39 -1 inf
R 12 40 3 0.031565233804034178
R 12 41 3 0.026870291323831143
R 12 42 3 0.045926516416095069
R 12 43 -1 inf
R 12 44 -1 inf
R 12 45 -1 inf
R 12 46 -1 inf
R 12 47 -1 inf
R 12 48 -1 inf
R 12 49 -1 inf
R 12 50 3 0.03782763256334179
R 12 51 3 0.041158205692886002
R 12 52 -1 inf
R 12 53 -1 inf
R 12 54 -1 inf
R 12 55 -1 inf
R 12 56 -1 inf
R 12 57 -1 inf
R 12 58 -1 inf
R 12 59 -1 inf
R 12 60 3 0.050213021557421758
R 12 61 -1 inf
R 12 62 -1 inf
R 12 63 -1 inf
R 12 64 -1 inf
R 12 65 -1 inf
R 12 66 -1 inf
R 12 67 -1 inf
R 12 68 -1 inf
R 12 69 -1 inf
R 12 70 -1 inf
R 12 71 -1 inf
R 12 72 -1 inf
R 12 73 -1 inf
R 12 74 21 0.030004989578967623
R 12 75 -1 inf
R 12 76 -1 inf
R 12 77 -1 inf
R 12 78 -1 inf
R 12 79 -1 inf
R 12 80 -1 inf
R 12 81 -1 inf
R 12 82 -1 inf
R 12 83 21 0.015983530423295877
R 12 84 -1 inf
R 12 85 -1 inf
R 12 86 -1 inf
R 12 87 -1 inf
R 12 88 -1 inf
R 12 89 -1 inf
R 12 90 -1 inf
R 12 91 -1 inf
R 12 92 92 0.00504045423882907
R 12 93 -1 inf
R 12 94 -1 inf
R 12 95 -1 inf
R 12 96 -1 inf
R 12 97 -1 inf
R 12 98 -1 inf
R 12 99 -1 inf
R 13 0 -1 inf
R 13 1 -1 inf
R 13 2 -1 inf
R 13 3 22 0.013925544281596373
R 13 4 4 0.0088367838623384029
R 13 5 -1 inf
R 13 6 -1 inf
R 13 7 -1 inf
R 13 8 -1 inf
R 13 9 -1 inf
R 13 10 -1 inf
R 13 11 -1 inf
R 13 12 22 0.018156259350368357
R 13 13 13 0
R 13 14 41 0.017910789186985548
R 13 15 -1 inf
R 13 16 -1 inf
R 13 17 -1 inf
R 13 18 -1 inf
R 13 19 -1 inf
R 13 20 22 0.038090777916493582
R 13 21 22 0.021528909531504412
R 13 22 22 0.0046084426812923324
R 13 23 41 0.01445238920423092
R 13 24 41 0.03612127200967169
R 13 25 -1 inf
R 13 26 -1 inf
R 13 27 -1 inf
R 13 28 -1 inf
R 13 29 -1 inf
R 13 30 -1 inf
R 13 31 31 0.0063348756899347953
R 13 32 41 0.014177426690850968
R 13 33 41 0.029083507101182904
R 13 34 -1 inf
R 13 35 -1 inf
R 13 36 -1 inf
R 13 37 -1 inf
R 13 38 -1 inf
R 13 39 -1 inf
R 13 40 4 0.013876749369185423
R 13 41 41 0.0087140319734627866
R 13 42 41 0.027770257065726708
R 13 43 -1 inf
R 13 44 -1 inf
R 13 45 -1 inf
R 13 46 -1 inf
R 13 47 -1 inf
R 13 48 -1 inf
R 13 49 -1 inf
R 13 50 41 0.019671373212973436
R 13 51 41 0.023001946342517642
R 13 52 -1 inf
R 13 53 -1 inf
R 13 54 -1 inf
R 13 55 -1 inf
R 13 56 -1 inf
R 13 57 -1 inf
R 13 58 -1 inf
R 13 59 -1 inf
R 13 60 41 0.032056762207053391
R 13 61 -1 inf
R 13 62 -1 inf
R 13 63 -1 inf
R 13 64 -1 inf
R 13 65 -1 inf
R 13 66 -1 inf
R 13 67 -1 inf
R 13 68 -1 inf
R 13 69 -1 inf
R 13 70 -1 inf
R 13 71 -1 inf
R 13 72 -1 inf
R 13 73 -1 inf
R 13 74 22 0.044398445521712175
R 13 75 -1 inf
R 13 76 -1 inf
R 13 77 -1 inf
R 13 78 -1 inf
R 13 79 -1 inf
R 13 80 -1 inf
R 13 81 -1 inf
R 13 82 -1 inf
R 13 83 22 0.030376986366040429
R 13 84 -1 inf
R 13 85 -1 inf
R 13 86 -1 inf
R 13 87 -1 inf
R 13 88 -1 inf
R 13 89 -1 inf
R 13 90 -1 inf
R 13 91 -1 inf
R 13 92 22 0.02051253849366198
R 13 93 -1 inf
R 13 94 -1 inf
R 13 95 -1 inf
R 13 96 -1 inf
R 13 97 -1 inf
R 13 98 -1 inf
R 13 99 -1 inf
R 14 0 -1 inf
R 14 1 -1 inf
R 14 2 -1 inf
R 14 3 41 0.031836333468581918
R 14 4 41 0.026747573049323951
R 14 5 -1 inf
R 14 6 -1 inf
R 14 7 -1 inf
R 14 8 -1 inf
R 14 9 -1 inf
R 14 10 -1 inf
R 14 11 -1 inf
R 14 12 41 0.036067048537353902
R 14 13 41 0.017910789186985548
R 14 14 14 0
R 14 15 -1 inf
R 14 16 -1 inf
R 14 17 -1 inf
R 14 18 -1 inf
R 14 19 -1 inf
R 14 20 41 0.05600156710347913
R 14 21 41 0.039439698718489957
R 14 22 41 0.022519231868277881
R 14 23 41 0.014935114444290895
R 14 24 41 0.036603997249731665
R 14 25 -1 inf
R 14 26 -1 inf
R 14 27 -1 inf
R 14 28 -1 inf
R 14 29 -1 inf
R 14 30 -1 inf
R 14 31 41 0.024245664876920342
R 14 32 41 0.014660151930910944
R 14 33 41 0.029566232341242879
R 14 34 -1 inf
R 14 35 -1 inf
R 14 36 -1 inf
R 14 37 -1 inf
R 14 38 -1 inf
R 14 39 -1 inf
R 14 40 41 0.031787538556170968
R 14 41 41 0.0091967572135227618
R 14 42 41 0.028252982305786684
R 14 43 -1 inf
R 14 44 -1 inf
R 14 45 -1 inf
R 14 46 -1 inf
R 14 47 -1 inf
R 14 48 -1 inf
R 14 49 -1 inf
R 14 50 50 0.0017605840259878863
R 14 51 41 0.023484671582577617
R 14 52 -1 inf
R 14 53 -1 inf
R 14 54 -1 inf
R 14 55 -1 inf
R 14 56 -1 inf
R 14 57 -1 inf
R 14 58 -1 inf
R 14 59 -1 inf
R 14 60 41 0.032539487447113366
R 14 61 -1 inf
R 14 62 -1 inf
R 14 63 -1 inf
R 14 64 -1 inf
R 14 65 -1 inf
R 14 66 -1 inf
R 14 67 -1 inf
R 14 68 -1 inf
R 14 69 -1 inf
R 14 70 -1 inf
R 14 71 -1 inf
R 14 72 -1 inf
R 14 73 -1 inf
R 14 74 41 0.062309234708697724
R 14 75 -1 inf
R 14 76 -1 inf
R 14 77 -1 inf
R 14 78 -1 inf
R 14 79 -1 inf
R 14 80 -1 inf
R 14 81 -1 inf
R 14 82 -1 inf
R 14 83 41 0.048287775553025977
R 14 84 -1 inf
R 14 85 -1 inf
R 14 86 -1 inf
R 14 87 -1 inf
R 14 88 -1 inf
R 14 89 -1 inf
R 14 90 -1 inf
R 14 91 -1 inf
R 14 92 41 0.038423327680647525
R 14 93 -1 inf
R 14 94 -1 inf
R 14 95 -1 inf
R 14 96 -1 inf
R 14 97 -1 inf
R 14 98 -1 inf
R 14 99 -1 inf
R 15 0 -1 inf
R 15 1 -1 inf
R 15 2 -1 inf
R 15 3 -1 inf
R 15 4 -1 inf
R 15 5 -1 inf
R 15 6 -1 inf
R 15 7 -1 inf
R 15 8 -1 inf
R 15 9 -1 inf
R 15 10 -1 inf
R 15 11 -1 inf
R 15 12 -1 inf
R 15 13 -1 inf
R 15 14 -1 inf
R 15 15 15 0
R 15 16 -1 inf
R 15 17 -1 inf
R 15 18 -1 inf
R 15 19 -1 inf
R 15 20 -1 inf
R 15 21 -1 inf
R 15 22 -1 inf
R 15 23 -1 inf
R 15 24 -1 inf
R 15 25 -1 inf
R 15 26 -1 inf
R 15 27 -1 inf
R 15 28 -1 inf
R 15 29 -1 inf
R 15 30 -1 inf
R 15 31 -1 inf
R 15 32 -1 inf
R 15 33 -1 inf
R 15 34 -1 inf
R 15 35 -1 inf
R 15 36 -1 inf
R 15 37 -1 inf
R 15 38 -1 inf
R 15 39 -1 inf
R 15 40 -1 inf
R 15 41 -1 inf
R 15 42 -1 inf
R 15 43 -1 inf
R 15 44 -1 inf
R 15 45 -1 inf
R 15 46 -1 inf
R 15 47 -1 inf
R 15 48 -1 inf
R 15 49 -1 inf
R 15 50 -1 inf
R 15 51 -1 inf
R 15 52 -1 inf
R 15 53 -1 inf
R 15 54 -1 inf
R 15 55 -1 inf
R 15 56 -1 inf
R 15 57 -1 inf
R 15 58 -1 inf
R 15 59 -1 inf
R 15 60 -1 inf
R 15 61 -1 inf
R 15 62 -1 inf
R 15 63 -1 inf
R 15 64 -1 inf
R 15 65 -1 inf
R 15 66 -1 inf
R 15 67 -1 inf
R 15 68 -1 inf
R 15 69 69 0.0032208430705943716
R 15 70 -1 inf
R 15 71 -1 inf
R 15 72 -1 inf
R 15 73 -1 inf
R 15 74 -1 inf
R 15 75 -1 inf
R 15 76 -1 inf
R 15 77 -1 inf
R 15 78 -1 inf
R 15 79 -1 inf
R 15 80 -1 inf
R 15 81 -1 inf
R 15 82 -1 inf
R 15 83 -1 inf
R 15 84 -1 inf
R 15 85 -1 inf
R 15 86 -1 inf
R 15 87 -1 inf
R 15 88 -1 inf
R 15 89 -1 inf
R 15 90 -1 inf
R 15 91 -1 inf
R 15 92 -1 inf
R 15 93 -1 inf
R 15 94 -1 inf
R 15 95 -1 inf
R 15 96 -1 inf
R 15 97 -1 inf
R 15 98 -1 inf
R 15 99 -1 inf
R 16 0 -1 inf
R 16 1 -1 inf
R 16 2 -1 inf
R 16 3 -1 inf
R 16 4 -1 inf
R 16 5 -1 inf
R 16 6 -1 inf
R 16 7 7 0.0080027791969025062
R 16 8 -1 inf
R 16 9 -1 inf
R 16 10 -1 inf
R 16 11 -1 inf
R 16 12 -1 inf
R 16 13 -1 inf
R 16 14 -1 inf
R 16 15 -1 inf
R 16 16 16 0
R 16 17 -1 inf
R 16 18 -1 inf
R 16 19 -1 inf
R 16 20 -1 inf
R 16 21 -1 inf
R 16 22 -1 inf
R 16 23 -1 inf
R 16 24 -1 inf
R 16 25 -1 inf
R 16 26 -1 inf
R 16 27 -1 inf
R 16 28 -1 inf
R 16 29 -1 inf
R 16 30 -1 inf
R 16 31 -1 inf
R 16 32 -1 inf
R 16 33 -1 inf
R 16 34 -1 inf
R 16 35 -1 inf
R 16 36 -1 inf
R 16 37 -1 inf
R 16 38 -1 inf
R 16 39 -1 inf
R 16 40 -1 inf
R 16 41 -1 inf
R 16 42 -1 inf
R 16 43 -1 inf
R 16 44 -1 inf
R 16 45 -1 inf
R 16 46 -1 inf
R 16 47 -1 inf
R 16 48 -1 inf
R 16 49 -1 inf
R 16 50 -1 inf
R 16 51 -1 inf
R 16 52 -1 inf
R 16 53 -1 inf
R 16 54 -1 inf
R 16 55 -1 inf
R 16 56 -1 inf
R 16 57 -1 inf
R 16 58 -1 inf
R 16 59 -1 inf
R 16 60 -1 inf
R 16 61 -1 inf
R 16 62 -1 inf
R 16 63 -1 inf
R 16 64 -1 inf
R 16 65 -1 inf
R 16 66 -1 inf
R 16 67 -1 inf
R 16 68 -1 inf
R 16 69 -1 inf
R 16 70 -1 inf
R 16 71 -1 inf
R 16 72 -1 inf
R 16 73 -1 inf
R 16 74 -1 inf
R 16 75 -1 inf
R 16 76 -1 inf
R 16 77 -1 inf
R 16 78 78 0.0063440173779235817
R 16 79 -1 inf
R 16 80 -1 inf
R 16 81 -1 inf
R 16 82 -1 inf
R 16 83 -1 inf
R 16 84 -1 inf
R 16 85 -1 inf
R 16 86 -1 inf
R 16 87 87 0.0063865823172741358
R 16 88 -1 inf
R 16 89 -1 inf
R 16 90 -1 inf
R 16 91 -1 inf
R 16 92 -1 inf
R 16 93 -1 inf
R 16 94 -1 inf
R 16 95 -1 inf
R 16 96 87 0.011435590523249183
R 16 97 -1 inf
R 16 98 -1 inf
R 16 99 -1 inf
R 17 0 -1 inf
R 17 1 -1 inf
R 17 2 -1 inf
R 17 3 -1 inf
R 17 4 -1 inf
R 17 5 -1 inf
R 17 6 -1 inf
R 17 7 -1 inf
R 17 8 8 0.0042304033444612154
R 17 9 8 0.026525901881836518
R 17 10 -1 inf
R 17 11 -1 inf
R 17 12 -1 inf
R 17 13 -1 inf
R 17 14 -1 inf
R 17 15 -1 inf
R 17 16 -1 inf
R 17 17 17 0
R 17 18 8 0.01815328414022041
R 17 19 8 0.036062104470760394
R 17 20 -1 inf
R 17 21 -1 inf
R 17 22 -1 inf
R 17 23 -1 inf
R 17 24 -1 inf
R 17 25 26 0.023701593138835436
R 17 26 26 0.0071409082485176245
R 17 27 8 0.013545882388238605
R 17 28 8 0.032606667449247347
R 17 29 8 0.054284914659965156
R 17 30 -1 inf
R 17 31 -1 inf
R 17 32 -1 inf
R 17 33 -1 inf
R 17 34 -1 inf
R 17 35 -1 inf
R 17 36 8 0.019826203156509466
R 17 37 8 0.032333957158293472
R 17 38 8 0.047236552534697003
R 17 39 -1 inf
R 17 40 -1 inf
R 17 41 -1 inf
R 17 42 -1 inf
R 17 43 -1 inf
R 17 44 -1 inf
R 17 45 8 0.031566320112609736
R 17 46 8 0.026868194329893763
R 17 47 8 0.045925345667828264
R 17 48 -1 inf
R 17 49 -1 inf
R 17 50 -1 inf
R 17 51 -1 inf
R 17 52 -1 inf
R 17 53 -1 inf
R 17 54 -1 inf
R 17 55 8 0.037822699118883765
R 17 56 8 0.04115574427309325
R 17 57 -1 inf
R 17 58 -1 inf
R 17 59 -1 inf
R 17 60 -1 inf
R 17 61 -1 inf
R 17 62 -1 inf
R 17 63 -1 inf
R 17 64 -1 inf
R 17 65 8 0.050220663320398519
R 17 66 -1 inf
R 17 67 -1 inf
R 17 68 -1 inf
R 17 69 -1 inf
R 17 70 -1 inf
R 17 71 -1 inf
R 17 72 -1 inf
R 17 73 -1 inf
R 17 74 -1 inf
R 17 75 -1 inf
R 17 76 -1 inf
R 17 77 -1 inf
R 17 78 -1 inf
R 17 79 26 0.030009168568131014
R 17 80 -1 inf
R 17 81 -1 inf
R 17 82 -1 inf
R 17 83 -1 inf
R 17 84 -1 inf
R 17 85 -1 inf
R 17 86 -1 inf
R 17 87 -1 inf
R 17 88 26 0.015987247478318659
R 17 89 -1 inf
R 17 90 -1 inf
R 17 91 -1 inf
R 17 92 -1 inf
R 17 93 -1 inf
R 17 94 -1 inf
R 17 95 -1 inf
R 17 96 -1 inf
R 17 97 97 0.0050390791801343503
R 17 98 -1 inf
R 17 99 -1 inf
R 18 0 -1 inf
R 18 1 -1 inf
R 18 2 -1 inf
R 18 3 -1 inf
R 18 4 -1 inf
R 18 5 -1 inf
R 18 6 -1 inf
R 18 7 -1 inf
R 18 8 27 0.013922880795759195
R 18 9 9 0.0088272958222095285
R 18 10 -1 inf
R 18 11 -1 inf
R 18 12 -1 inf
R 18 13 -1 inf
R 18 14 -1 inf
R 18 15 -1 inf
R 18 16 -1 inf
R 18 17 27 0.01815328414022041
R 18 18 18 0
R 18 19 46 0.017908820330539983
R 18 20 -1 inf
R 18 21 -1 inf
R 18 22 -1 inf
R 18 23 -1 inf
R 18 24 -1 inf
R 18 25 27 0.03808935549667862
R 18 26 27 0.021528670606360809
R 18 27 27 0.0046074017519818055
R 18 28 46 0.014453383309026934
R 18 29 46 0.036131630519744745
R 18 30 -1 inf
R 18 31 -1 inf
R 18 32 -1 inf
R 18 33 -1 inf
R 18 34 -1 inf
R 18 35 -1 inf
R 18 36 36 0.0063359255066745791
R 18 37 46 0.014180673018073065
R 18 38 46 0.029083268394476596
R 18 39 -1 inf
R 18 40 -1 inf
R 18 41 -1 inf
R 18 42 -1 inf
R 18 43 -1 inf
R 18 44 -1 inf
R 18 45 9 0.013867714052982748
R 18 46 46 0.0087149101896733527
R 18 47 46 0.027772061527607854
R 18 48 -1 inf
R 18 49 -1 inf
R 18 50 -1 inf
R 18 51 -1 inf
R 18 52 -1 inf
R 18 53 -1 inf
R 18 54 -1 inf
R 18 55 46 0.019669414978663355
R 18 56 46 0.02300246013287284
R 18 57 -1 inf
R 18 58 -1 inf
R 18 59 -1 inf
R 18 60 -1 inf
R 18 61 -1 inf
R 18 62 -1 inf
R 18 63 -1 inf
R 18 64 -1 inf
R 18 65 46 0.032067379180178109
R 18 66 -1 inf
R 18 67 -1 inf
R 18 68 -1 inf
R 18 69 -1 inf
R 18 70 -1 inf
R 18 71 -1 inf
R 18 72 -1 inf
R 18 73 -1 inf
R 18 74 -1 inf
R 18 75 -1 inf
R 18 76 -1 inf
R 18 77 -1 inf
R 18 78 -1 inf
R 18 79 27 0.044396930925974201
R 18 80 -1 inf
R 18 81 -1 inf
R 18 82 -1 inf
R 18 83 -1 inf
R 18 84 -1 inf
R 18 85 -1 inf
R 18 86 -1 inf
R 18 87 -1 inf
R 18 88 27 0.030375009836161843
R 18 89 -1 inf
R 18 90 -1 inf
R 18 91 -1 inf
R 18 92 -1 inf
R 18 93 -1 inf
R 18 94 -1 inf
R 18 95 -1 inf
R 18 96 -1 inf
R 18 97 27 0.020505061551334289
R 18 98 -1 inf
R 18 99 -1 inf
R 19 0 -1 inf
R 19 1 -1 inf
R 19 2 -1 inf
R 19 3 -1 inf
R 19 4 -1 inf
R 19 5 -1 inf
R 19 6 -1 inf
R 19 7 -1 inf
R 19 8 46 0.031831701126299183
R 19 9 46 0.026736116152749512
R 19 10 -1 inf
R 19 11 -1 inf
R 19 12 -1 inf
R 19 13 -1 inf
R 19 14 -1 inf
R 19 15 -1 inf
R 19 16 -1 inf
R 19 17 46 0.0360621044707604
R 19 18 46 0.017908820330539983
R 19 19 19 0
R 19 20 -1 inf
R 19 21 -1 inf
R 19 22 -1 inf
R 19 23 -1 inf
R 19 24 -1 inf
R 19 25 46 0.05599817582721861
R 19 26 46 0.039437490936900799
R 19 27 46 0.02251622208252179
R 19 28 46 0.014932383260220212
R 19 29 46 0.036610630470938023
R 19 30 -1 inf
R 19 31 -1 inf
R 19 32 -1 inf
R 19 33 -1 inf
R 19 34 -1 inf
R 19 35 -1 inf
R 19 36 46 0.024244745837214563
R 19 37 46 0.014659672969266343
R 19 38 46 0.029562268345669874
R 19 39 -1 inf
R 19 40 -1 inf
R 19 41 -1 inf
R 19 42 -1 inf
R 19 43 -1 inf
R 19 44 -1 inf
R 19 45 46 0.03177653438352273
R 19 46 46 0.0091939101408666304
R 19 47 46 0.028251061478801132
R 19 48 -1 inf
R 19 49 -1 inf
R 19 50 -1 inf
R 19 51 -1 inf
R 19 52 -1 inf
R 19 53 -1 inf
R 19 54 -1 inf
R 19 55 55 0.0017605946481233732
R 19 56 46 0.023481460084066118
R 19 57 -1 inf
R 19 58 -1 inf
R 19 59 -1 inf
R 19 60 -1 inf
R 19 61 -1 inf
R 19 62 -1 inf
R 19 63 -1 inf
R 19 64 -1 inf
R 19 65 46 0.032546379131371386
R 19 66 -1 inf
R 19 67 -1 inf
R 19 68 -1 inf
R 19 69 -1 inf
R 19 70 -1 inf
R 19 71 -1 inf
R 19 72 -1 inf
R 19 73 -1 inf
R 19 74 -1 inf
R 19 75 -1 inf
R 19 76 -1 inf
R 19 77 -1 inf
R 19 78 -1 inf
R 19 79 46 0.062305751256514191
R 19 80 -1 inf
R 19 81 -1 inf
R 19 82 -1 inf
R 19 83 -1 inf
R 19 84 -1 inf
R 19 85 -1 inf
R 19 86 -1 inf
R 19 87 -1 inf
R 19 88 46 0.048283830166701833
R 19 89 -1 inf
R 19 90 -1 inf
R 19 91 -1 inf
R 19 92 -1 inf
R 19 93 -1 inf
R 19 94 -1 inf
R 19 95 -1 inf
R 19 96 -1 inf
R 19 97 46 0.038413881881874279
R 19 98 -1 inf
R 19 99 -1 inf
R 20 0 -1 inf
R 20 1 -1 inf
R 20 2 -1 inf
R 20 3 83 0.024165233634897205
R 20 4 83 0.04645978686331239
R 20 5 -1 inf
R 20 6 -1 inf
R 20 7 -1 inf
R 20 8 -1 inf
R 20 9 -1 inf
R 20 10 -1 inf
R 20 11 -1 inf
R 20 12 83 0.023697321973749026
R 20 13 83 0.038090777916493582
R 20 14 83 0.05600156710347913
R 20 15 -1 inf
R 20 16 -1 inf
R 20 17 -1 inf
R 20 18 -1 inf
R 20 19 -1 inf
R 20 20 20 0
R 20 21 83 0.016561868384989166
R 20 22 83 0.033482335235201249
R 20 23 83 0.052543167120724502
R 20 24 83 0.074212049926165272
R 20 25 -1 inf
R 20 26 -1 inf
R 20 27 -1 inf
R 20 28 -1 inf
R 20 29 -1 inf
R 20 30 -1 inf
R 20 31 83 0.039758891971162107
R 20 32 83 0.052268204607344548
R 20 33 83 0.067174285017676486
R 20 34 -1 inf
R 20 35 -1 inf
R 20 36 -1 inf
R 20 37 -1 inf
R 20 38 -1 inf
R 20 39 -1 inf
R 20 40 83 0.051499752370159406
R 20 41 83 0.046804809889956368
R 20 42 83 0.06586103498222029
R 20 43 -1 inf
R 20 44 -1 inf
R 20 45 -1 inf
R 20 46 -1 inf
R 20 47 -1 inf
R 20 48 -1 inf
R 20 49 -1 inf
R 20 50 83 0.057762151129467018
R 20 51 83 0.061092724259011223
R 20 52 -1 inf
R 20 53 -1 inf
R 20 54 -1 inf
R 20 55 -1 inf
R 20 56 -1 inf
R 20 57 -1 inf
R 20 58 -1 inf
R 20 59 -1 inf
R 20 60 83 0.070147540123546973
R 20 61 -1 inf
R 20 62 -1 inf
R 20 63 -1 inf
R 20 64 -1 inf
R 20 65 -1 inf
R 20 66 -1 inf
R 20 67 -1 inf
R 20 68 -1 inf
R 20 69 -1 inf
R 20 70 -1 inf
R 20 71 -1 inf
R 20 72 -1 inf
R 20 73 -1 inf
R 20 74 74 0.006307667605218596
R 20 75 -1 inf
R 20 76 -1 inf
R 20 77 -1 inf
R 20 78 -1 inf
R 20 79 -1 inf
R 20 80 -1 inf
R 20 81 -1 inf
R 20 82 -1 inf
R 20 83 83 0.0077137915504531503
R 20 84 -1 inf
R 20 85 -1 inf
R 20 86 -1 inf
R 20 87 -1 inf
R 20 88 -1 inf
R 20 89 -1 inf
R 20 90 -1 inf
R 20 91 -1 inf
R 20 92 83 0.020093237859470599
R 20 93 -1 inf
R 20 94 -1 inf
R 20 95 -1 inf
R 20 96 -1 inf
R 20 97 -1 inf
R 20 98 -1 inf
R 20 99 -1 inf
R 21 0 -1 inf
R 21 1 -1 inf
R 21 2 -1 inf
R 21 3 3 0.0076033652499080404
R 21 4 3 0.029897918478323217
R 21 5 -1 inf
R 21 6 -1 inf
R 21 7 -1 inf
R 21 8 -1 inf
R 21 9 -1 inf
R 21 10 -1 inf
R 21 11 -1 inf
R 21 12 12 0.0071354535887598602
R 21 13 3 0.021528909531504412
R 21 14 3 0.039439698718489957
R 21 15 -1 inf
R 21 16 -1 inf
R 21 17 -1 inf
R 21 18 -1 inf
R 21 19 -1 inf
R 21 20 83 0.016561868384989166
R 21 21 21 0
R 21 22 3 0.01692046685021208
R 21 23 3 0.035981298735735336
R 21 24 3 0.057650181541176113
R 21 25 -1 inf
R 21 26 -1 inf
R 21 27 -1 inf
R 21 28 -1 inf
R 21 29 -1 inf
R 21 30 -1 inf
R 21 31 3 0.023197023586172934
R 21 32 3 0.035706336222355382
R 21 33 3 0.05061241663268732
R 21 34 -1 inf
R 21 35 -1 inf
R 21 36 -1 inf
R 21 37 -1 inf
R 21 38 -1 inf
R 21 39 -1 inf
R 21 40 3 0.034937883985170233
R 21 41 3 0.030242941504967199
R 21 42 3 0.049299166597231124
R 21 43 -1 inf
R 21 44 -1 inf
R 21 45 -1 inf
R 21 46 -1 inf
R 21 47 -1 inf
R 21 48 -1 inf
R 21 49 -1 inf
R 21 50 3 0.041200282744477845
R 21 51 3 0.044530855874022057
R 21 52 -1 inf
R 21 53 -1 inf
R 21 54 -1 inf
R 21 55 -1 inf
R 21 56 -1 inf
R 21 57 -1 inf
R 21 58 -1 inf
R 21 59 -1 inf
R 21 60 3 0.053585671738557814
R 21 61 -1 inf
R 21 62 -1 inf
R 21 63 -1 inf
R 21 64 -1 inf
R 21 65 -1 inf
R 21 66 -1 inf
R 21 67 -1 inf
R 21 68 -1 inf
R 21 69 -1 inf
R 21 70 -1 inf
R 21 71 -1 inf
R 21 72 -1 inf
R 21 73 -1 inf
R 21 74 83 0.022869535990207763
R 21 75 -1 inf
R 21 76 -1 inf
R 21 77 -1 inf
R 21 78 -1 inf
R 21 79 -1 inf
R 21 80 -1 inf
R 21 81 -1 inf
R 21 82 -1 inf
R 21 83 83 0.0088480768345360165
R 21 84 -1 inf
R 21 85 -1 inf
R 21 86 -1 inf
R 21 87 -1 inf
R 21 88 -1 inf
R 21 89 -1 inf
R 21 90 -1 inf
R 21 91 -1 inf
R 21 92 92 0.0035313694744814315
R 21 93 -1 inf
R 21 94 -1 inf
R 21 95 -1 inf
R 21 96 -1 inf
R 21 97 -1 inf
R 21 98 -1 inf
R 21 99 -1 inf
R 22 0 -1 inf
R 22 1 -1 inf
R 22 2 -1 inf
R 22 3 3 0.0093171016003040404
R 22 4 31 0.012977451628111139
R 22 5 -1 inf
R 22 6 -1 inf
R 22 7 -1 inf
R 22 8 -1 inf
R 22 9 -1 inf
R 22 10 -1 inf
R 22 11 -1 inf
R 22 12 3 0.013547816669076024
R 22 13 13 0.0046084426812923324
R 22 14 13 0.022519231868277881
R 22 15 -1 inf
R 22 16 -1 inf
R 22 17 -1 inf
R 22 18 -1 inf
R 22 19 -1 inf
R 22 20 3 0.033482335235201249
R 22 21 3 0.01692046685021208
R 22 22 22 0
R 22 23 13 0.019060831885523252
R 22 24 13 0.040729714690964022
R 22 25 -1 inf
R 22 26 -1 inf
R 22 27 -1 inf
R 22 28 -1 inf
R 22 29 -1 inf
R 22 30 -1 inf
R 22 31 31 0.0062765567359608547
R 22 32 13 0.018785869372143299
R 22 33 13 0.033691949782475236
R 22 34 -1 inf
R 22 35 -1 inf
R 22 36 -1 inf
R 22 37 -1 inf
R 22 38 -1 inf
R 22 39 -1 inf
R 22 40 31 0.018017417134958157
R 22 41 13 0.013322474654755119
R 22 42 13 0.032378699747019041
R 22 43 -1 inf
R 22 44 -1 inf
R 22 45 -1 inf
R 22 46 -1 inf
R 22 47 -1 inf
R 22 48 -1 inf
R 22 49 -1 inf
R 22 50 13 0.024279815894265769
R 22 51 13 0.027610389023809974
R 22 52 -1 inf
R 22 53 -1 inf
R 22 54 -1 inf
R 22 55 -1 inf
R 22 56 -1 inf
R 22 57 -1 inf
R 22 58 -1 inf
R 22 59 -1 inf
R 22 60 13 0.036665204888345723
R 22 61 -1 inf
R 22 62 -1 inf
R 22 63 -1 inf
R 22 64 -1 inf
R 22 65 -1 inf
R 22 66 -1 inf
R 22 67 -1 inf
R 22 68 -1 inf
R 22 69 -1 inf
R 22 70 -1 inf
R 22 71 -1 inf
R 22 72 -1 inf
R 22 73 -1 inf
R 22 74 3 0.039790002840419843
R 22 75 -1 inf
R 22 76 -1 inf
R 22 77 -1 inf
R 22 78 -1 inf
R 22 79 -1 inf
R 22 80 -1 inf
R 22 81 -1 inf
R 22 82 -1 inf
R 22 83 3 0.025768543684748096
R 22 84 -1 inf
R 22 85 -1 inf
R 22 86 -1 inf
R 22 87 -1 inf
R 22 88 -1 inf
R 22 89 -1 inf
R 22 90 -1 inf
R 22 91 -1 inf
R 22 92 3 0.015904095812369647
R 22 93 -1 inf
R 22 94 -1 inf
R 22 95 -1 inf
R 22 96 -1 inf
R 22 97 -1 inf
R 22 98 -1 inf
R 22 99 -1 inf
R 23 0 -1 inf
R 23 1 -1 inf
R 23 2 -1 inf
R 23 3 41 0.028377933485827293
R 23 4 41 0.023289173066569323
R 23 5 -1 inf
R 23 6 -1 inf
R 23 7 -1 inf
R 23 8 -1 inf
R 23 9 -1 inf
R 23 10 -1 inf
R 23 11 -1 inf
R 23 12 41 0.03260864855459928
R 23 13 41 0.01445238920423092
R 23 14 41 0.014935114444290895
R 23 15 -1 inf
R 23 16 -1 inf
R 23 17 -1 inf
R 23 18 -1 inf
R 23 19 -1 inf
R 23 20 41 0.052543167120724502
R 23 21 41 0.035981298735735336
R 23 22 41 0.019060831885523252
R 23 23 23 0
R 23 24 51 0.021668882805440774
R 23 25 -1 inf
R 23 26 -1 inf
R 23 27 -1 inf
R 23 28 -1 inf
R 23 29 -1 inf
R 23 30 -1 inf
R 23 31 41 0.020787264894165713
R 23 32 32 0.0052525331101974625
R 23 33 51 0.01463111789695198
R 23 34 -1 inf
R 23 35 -1 inf
R 23 36 -1 inf
R 23 37 -1 inf
R 23 38 -1 inf
R 23 39 -1 inf
R 23 40 41 0.028329138573416342
R 23 41 41 0.0057383572307681341
R 23 42 51 0.013317867861495785
R 23 43 -1 inf
R 23 44 -1 inf
R 23 45 -1 inf
R 23 46 -1 inf
R 23 47 -1 inf
R 23 48 -1 inf
R 23 49 -1 inf
R 23 50 41 0.016695698470278783
R 23 51 51 0.0085495571382867199
R 23 52 -1 inf
R 23 53 -1 inf
R 23 54 -1 inf
R 23 55 -1 inf
R 23 56 -1 inf
R 23 57 -1 inf
R 23 58 -1 inf
R 23 59 -1 inf
R 23 60 51 0.017604373002822471
R 23 61 -1 inf
R 23 62 -1 inf
R 23 63 -1 inf
R 23 64 -1 inf
R 23 65 -1 inf
R 23 66 -1 inf
R 23 67 -1 inf
R 23 68 -1 inf
R 23 69 -1 inf
R 23 70 -1 inf
R 23 71 -1 inf
R 23 72 -1 inf
R 23 73 -1 inf
R 23 74 41 0.058850834725943095
R 23 75 -1 inf
R 23 76 -1 inf
R 23 77 -1 inf
R 23 78 -1 inf
R 23 79 -1 inf
R 23 80 -1 inf
R 23 81 -1 inf
R 23 82 -1 inf
R 23 83 41 0.044829375570271349
R 23 84 -1 inf
R 23 85 -1 inf
R 23 86 -1 inf
R 23 87 -1 inf
R 23 88 -1 inf
R 23 89 -1 inf
R 23 90 -1 inf
R 23 91 -1 inf
R 23 92 41 0.034964927697892903
R 23 93 -1 inf
R 23 94 -1 inf
R 23 95 -1 inf
R 23 96 -1 inf
R 23 97 -1 inf
R 23 98 -1 inf
R 23 99 -1 inf
R 24 0 -1 inf
R 24 1 -1 inf
R 24 2 -1 inf
R 24 3 60 0.050046816291268073
R 24 4 60 0.0449580558720101
R 24 5 -1 inf
R 24 6 -1 inf
R 24 7 -1 inf
R 24 8 -1 inf
R 24 9 -1 inf
R 24 10 -1 inf
R 24 11 -1 inf
R 24 12 60 0.054277531360040057
R 24 13 60 0.036121272009671697
R 24 14 60 0.036603997249731672
R 24 15 -1 inf
R 24 16 -1 inf
R 24 17 -1 inf
R 24 18 -1 inf
R 24 19 -1 inf
R 24 20 60 0.074212049926165286
R 24 21 60 0.057650181541176113
R 24 22 60 0.040729714690964029
R 24 23 60 0.021668882805440777
R 24 24 24 0
R 24 25 -1 inf
R 24 26 -1 inf
R 24 27 -1 inf
R 24 28 -1 inf
R 24 29 -1 inf
R 24 30 -1 inf
R 24 31 60 0.04245614769960649
R 24 32 60 0.026921415915638239
R 24 33 60 0.011438318515429393
R 24 34 -1 inf
R 24 35 -1 inf
R 24 36 -1 inf
R 24 37 -1 inf
R 24 38 -1 inf
R 24 39 -1 inf
R 24 40 60 0.049998021378857116
R 24 41 60 0.02740724003620891
R 24 42 60 0.017480796167519696
R 24 43 -1 inf
R 24 44 -1 inf
R 24 45 -1 inf
R 24 46 -1 inf
R 24 47 -1 inf
R 24 48 -1 inf
R 24 49 -1 inf
R 24 50 60 0.03836458127571956
R 24 51 60 0.013119325667154055
R 24 52 -1 inf
R 24 53 -1 inf
R 24 54 -1 inf
R 24 55 -1 inf
R 24 56 -1 inf
R 24 57 -1 inf
R 24 58 -1 inf
R 24 59 -1 inf
R 24 60 60 0.0040645098026183026
R 24 61 -1 inf
R 24 62 -1 inf
R 24 63 -1 inf
R 24 64 -1 inf
R 24 65 -1 inf
R 24 66 -1 inf
R 24 67 -1 inf
R 24 68 -1 inf
R 24 69 -1 inf
R 24 70 -1 inf
R 24 71 -1 inf
R 24 72 -1 inf
R 24 73 -1 inf
R 24 74 60 0.080519717531383886
R 24 75 -1 inf
R 24 76 -1 inf
R 24 77 -1 inf
R 24 78 -1 inf
R 24 79 -1 inf
R 24 80 -1 inf
R 24 81 -1 inf
R 24 82 -1 inf
R 24 83 60 0.066498258375712133
R 24 84 -1 inf
R 24 85 -1 inf
R 24 86 -1 inf
R 24 87 -1 inf
R 24 88 -1 inf
R 24 89 -1 inf
R 24 90 -1 inf
R 24 91 -1 inf
R 24 92 60 0.05663381050333368
R 24 93 -1 inf
R 24 94 -1 inf
R 24 95 -1 inf
R 24 96 -1 inf
R 24 97 -1 inf
R 24 98 -1 inf
R 24 99 -1 inf
R 25 0 -1 inf
R 25 1 -1 inf
R 25 2 -1 inf
R 25 3 -1 inf
R 25 4 -1 inf
R 25 5 -1 inf
R 25 6 -1 inf
R 25 7 -1 inf
R 25 8 88 0.024166474700919423
R 25 9 88 0.046461973238294721
R 25 10 -1 inf
R 25 11 -1 inf
R 25 12 -1 inf
R 25 13 -1 inf
R 25 14 -1 inf
R 25 15 -1 inf
R 25 16 -1 inf
R 25 17 88 0.023701593138835436
R 25 18 88 0.03808935549667862
R 25 19 88 0.055998175827218603
R 25 20 -1 inf
R 25 21 -1 inf
R 25 22 -1 inf
R 25 23 -1 inf
R 25 24 -1 inf
R 25 25 25 0
R 25 26 88 0.016560684890317812
R 25 27 88 0.033481953744696813
R 25 28 88 0.052542738805705556
R 25 29 88 0.074220986016423379
R 25 30 -1 inf
R 25 31 -1 inf
R 25 32 -1 inf
R 25 33 -1 inf
R 25 34 -1 inf
R 25 35 -1 inf
R 25 36 88 0.039762274512967669
R 25 37 88 0.052270028514751682
R 25 38 88 0.06717262389115522
R 25 39 -1 inf
R 25 40 -1 inf
R 25 41 -1 inf
R 25 42 -1 inf
R 25 43 -1 inf
R 25 44 -1 inf
R 25 45 88 0.051502391469067939
R 25 46 88 0.046804265686351973
R 25 47 88 0.065861417024286467
R 25 48 -1 inf
R 25 49 -1 inf
R 25 50 -1 inf
R 25 51 -1 inf
R 25 52 -1 inf
R 25 53 -1 inf
R 25 54 -1 inf
R 25 55 88 0.057758770475341975
R 25 56 88 0.06109181562955146
R 25 57 -1 inf
R 25 58 -1 inf
R 25 59 -1 inf
R 25 60 -1 inf
R 25 61 -1 inf
R 25 62 -1 inf
R 25 63 -1 inf
R 25 64 -1 inf
R 25 65 88 0.070156734676856736
R 25 66 -1 inf
R 25 67 -1 inf
R 25 68 -1 inf
R 25 69 -1 inf
R 25 70 -1 inf
R 25 71 -1 inf
R 25 72 -1 inf
R 25 73 -1 inf
R 25 74 -1 inf
R 25 75 -1 inf
R 25 76 -1 inf
R 25 77 -1 inf
R 25 78 -1 inf
R 25 79 79 0.0063075754292955775
R 25 80 -1 inf
R 25 81 -1 inf
R 25 82 -1 inf
R 25 83 -1 inf
R 25 84 -1 inf
R 25 85 -1 inf
R 25 86 -1 inf
R 25 87 -1 inf
R 25 88 88 0.0077143456605167785
R 25 89 -1 inf
R 25 90 -1 inf
R 25 91 -1 inf
R 25 92 -1 inf
R 25 93 -1 inf
R 25 94 -1 inf
R 25 95 -1 inf
R 25 96 -1 inf
R 25 97 88 0.020092366327346838
R 25 98 -1 inf
R 25 99 -1 inf
R 26 0 -1 inf
R 26 1 -1 inf
R 26 2 -1 inf
R 26 3 -1 inf
R 26 4 -1 inf
R 26 5 -1 inf
R 26 6 -1 inf
R 26 7 -1 inf
R 26 8 8 0.0076057898106016127
R 26 9 8 0.029901288347976913
R 26 10 -1 inf
R 26 11 -1 inf
R 26 12 -1 inf
R 26 13 -1 inf
R 26 14 -1 inf
R 26 15 -1 inf
R 26 16 -1 inf
R 26 17 17 0.0071409082485176245
R 26 18 8 0.021528670606360809
R 26 19 8 0.039437490936900792
R 26 20 -1 inf
R 26 21 -1 inf
R 26 22 -1 inf
R 26 23 -1 inf
R 26 24 -1 inf
R 26 25 88 0.016560684890317812
R 26 26 26 0
R 26 27 8 0.016921268854379001
R 26 28 8 0.035982053915387745
R 26 29 8 0.057660301126105554
R 26 30 -1 inf
R 26 31 -1 inf
R 26 32 -1 inf
R 26 33 -1 inf
R 26 34 -1 inf
R 26 35 -1 inf
R 26 36 8 0.02320158962264986
R 26 37 8 0.03570934362443387
R 26 38 8 0.050611939000837401
R 26 39 -1 inf
R 26 40 -1 inf
R 26 41 -1 inf
R 26 42 -1 inf
R 26 43 -1 inf
R 26 44 -1 inf
R 26 45 8 0.034941706578750134
R 26 46 8 0.030243580796034161
R 26 47 8 0.049300732133968662
R 26 48 -1 inf
R 26 49 -1 inf
R 26 50 -1 inf
R 26 51 -1 inf
R 26 52 -1 inf
R 26 53 -1 inf
R 26 54 -1 inf
R 26 55 8 0.041198085585024163
R 26 56 8 0.044531130739233649
R 26 57 -1 inf
R 26 58 -1 inf
R 26 59 -1 inf
R 26 60 -1 inf
R 26 61 -1 inf
R 26 62 -1 inf
R 26 63 -1 inf
R 26 64 -1 inf
R 26 65 8 0.053596049786538917
R 26 66 -1 inf
R 26 67 -1 inf
R 26 68 -1 inf
R 26 69 -1 inf
R 26 70 -1 inf
R 26 71 -1 inf
R 26 72 -1 inf
R 26 73 -1 inf
R 26 74 -1 inf
R 26 75 -1 inf
R 26 76 -1 inf
R 26 77 -1 inf
R 26 78 -1 inf
R 26 79 88 0.022868260319613389
R 26 80 -1 inf
R 26 81 -1 inf
R 26 82 -1 inf
R 26 83 -1 inf
R 26 84 -1 inf
R 26 85 -1 inf
R 26 86 -1 inf
R 26 87 -1 inf
R 26 88 88 0.008846339229801034
R 26 89 -1 inf
R 26 90 -1 inf
R 26 91 -1 inf
R 26 92 -1 inf
R 26 93 -1 inf
R 26 94 -1 inf
R 26 95 -1 inf
R 26 96 -1 inf
R 26 97 97 0.0035316814370290246
R 26 98 -1 inf
R 26 99 -1 inf
R 27 0 -1 inf
R 27 1 -1 inf
R 27 2 -1 inf
R 27 3 -1 inf
R 27 4 -1 inf
R 27 5 -1 inf
R 27 6 -1 inf
R 27 7 -1 inf
R 27 8 8 0.0093154790437773895
R 27 9 36 0.012980019493597911
R 27 10 -1 inf
R 27 11 -1 inf
R 27 12 -1 inf
R 27 13 -1 inf
R 27 14 -1 inf
R 27 15 -1 inf
R 27 16 -1 inf
R 27 17 8 0.013545882388238605
R 27 18 18 0.0046074017519818055
R 27 19 18 0.02251622208252179
R 27 20 -1 inf
R 27 21 -1 inf
R 27 22 -1 inf
R 27 23 -1 inf
R 27 24 -1 inf
R 27 25 8 0.033481953744696813
R 27 26 8 0.016921268854379001
R 27 27 27 0
R 27 28 18 0.01906078506100874
R 27 29 18 0.040739032271726552
R 27 30 -1 inf
R 27 31 -1 inf
R 27 32 -1 inf
R 27 33 -1 inf
R 27 34 -1 inf
R 27 35 -1 inf
R 27 36 36 0.0062803207682708591
R 27 37 18 0.018788074770054869
R 27 38 18 0.0336906701464584
R 27 39 -1 inf
R 27 40 -1 inf
R 27 41 -1 inf
R 27 42 -1 inf
R 27 43 -1 inf
R 27 44 -1 inf
R 27 45 36 0.018020437724371133
R 27 46 18 0.013322311941655158
R 27 47 18 0.032379463279589661
R 27 48 -1 inf
R 27 49 -1 inf
R 27 50 -1 inf
R 27 51 -1 inf
R 27 52 -1 inf
R 27 53 -1 inf
R 27 54 -1 inf
R 27 55 18 0.024276816730645162
R 27 56 18 0.027609861884854647
R 27 57 -1 inf
R 27 58 -1 inf
R 27 59 -1 inf
R 27 60 -1 inf
R 27 61 -1 inf
R 27 62 -1 inf
R 27 63 -1 inf
R 27 64 -1 inf
R 27 65 18 0.036674780932159916
R 27 66 -1 inf
R 27 67 -1 inf
R 27 68 -1 inf
R 27 69 -1 inf
R 27 70 -1 inf
R 27 71 -1 inf
R 27 72 -1 inf
R 27 73 -1 inf
R 27 74 -1 inf
R 27 75 -1 inf
R 27 76 -1 inf
R 27 77 -1 inf
R 27 78 -1 inf
R 27 79 8 0.039789529173992394
R 27 80 -1 inf
R 27 81 -1 inf
R 27 82 -1 inf
R 27 83 -1 inf
R 27 84 -1 inf
R 27 85 -1 inf
R 27 86 -1 inf
R 27 87 -1 inf
R 27 88 8 0.025767608084180035
R 27 89 -1 inf
R 27 90 -1 inf
R 27 91 -1 inf
R 27 92 -1 inf
R 27 93 -1 inf
R 27 94 -1 inf
R 27 95 -1 inf
R 27 96 -1 inf
R 27 97 8 0.015897659799352485
R 27 98 -1 inf
R 27 99 -1 inf
R 28 0 -1 inf
R 28 1 -1 inf
R 28 2 -1 inf
R 28 3 -1 inf
R 28 4 -1 inf
R 28 5 -1 inf
R 28 6 -1 inf
R 28 7 -1 inf
R 28 8 46 0.028376264104786129
R 28 9 46 0.023280679131236465
R 28 10 -1 inf
R 28 11 -1 inf
R 28 12 -1 inf
R 28 13 -1 inf
R 28 14 -1 inf
R 28 15 -1 inf
R 28 16 -1 inf
R 28 17 46 0.032606667449247347
R 28 18 46 0.014453383309026934
R 28 19 46 0.014932383260220212
R 28 20 -1 inf
R 28 21 -1 inf
R 28 22 -1 inf
R 28 23 -1 inf
R 28 24 -1 inf
R 28 25 46 0.052542738805705556
R 28 26 46 0.035982053915387745
R 28 27 46 0.01906078506100874
R 28 28 28 0
R 28 29 56 0.021678247210717816
R 28 30 -1 inf
R 28 31 -1 inf
R 28 32 -1 inf
R 28 33 -1 inf
R 28 34 -1 inf
R 28 35 -1 inf
R 28 36 46 0.020789308815701513
R 28 37 37 0.005250502381925393
R 28 38 56 0.014629885085449663
R 28 39 -1 inf
R 28 40 -1 inf
R 28 41 -1 inf
R 28 42 -1 inf
R 28 43 -1 inf
R 28 44 -1 inf
R 28 45 46 0.028321097362009683
R 28 46 46 0.0057384731193535817
R 28 47 56 0.013318678218580921
R 28 48 -1 inf
R 28 49 -1 inf
R 28 50 -1 inf
R 28 51 -1 inf
R 28 52 -1 inf
R 28 53 -1 inf
R 28 54 -1 inf
R 28 55 46 0.016692977908343586
R 28 56 56 0.0085490768238459074
R 28 57 -1 inf
R 28 58 -1 inf
R 28 59 -1 inf
R 28 60 -1 inf
R 28 61 -1 inf
R 28 62 -1 inf
R 28 63 -1 inf
R 28 64 -1 inf
R 28 65 56 0.017613995871151176
R 28 66 -1 inf
R 28 67 -1 inf
R 28 68 -1 inf
R 28 69 -1 inf
R 28 70 -1 inf
R 28 71 -1 inf
R 28 72 -1 inf
R 28 73 -1 inf
R 28 74 -1 inf
R 28 75 -1 inf
R 28 76 -1 inf
R 28 77 -1 inf
R 28 78 -1 inf
R 28 79 46 0.05885031423500113
R 28 80 -1 inf
R 28 81 -1 inf
R 28 82 -1 inf
R 28 83 -1 inf
R 28 84 -1 inf
R 28 85 -1 inf
R 28 86 -1 inf
R 28 87 -1 inf
R 28 88 46 0.044828393145188779
R 28 89 -1 inf
R 28 90 -1 inf
R 28 91 -1 inf
R 28 92 -1 inf
R 28 93 -1 inf
R 28 94 -1 inf
R 28 95 -1 inf
R 28 96 -1 inf
R 28 97 46 0.034958444860361225
R 28 98 -1 inf
R 28 99 -1 inf
R 29 0 -1 inf
R 29 1 -1 inf
R 29 2 -1 inf
R 29 3 -1 inf
R 29 4 -1 inf
R 29 5 -1 inf
R 29 6 -1 inf
R 29 7 -1 inf
R 29 8 65 0.050054511315503952
R 29 9 65 0.044958926341954281
R 29 10 -1 inf
R 29 11 -1 inf
R 29 12 -1 inf
R 29 13 -1 inf
R 29 14 -1 inf
R 29 15 -1 inf
R 29 16 -1 inf
R 29 17 65 0.054284914659965169
R 29 18 65 0.036131630519744752
R 29 19 65 0.03661063047093803
R 29 20 -1 inf
R 29 21 -1 inf
R 29 22 -1 inf
R 29 23 -1 inf
R 29 24 -1 inf
R 29 25 65 0.074220986016423379
R 29 26 65 0.057660301126105568
R 29 27 65 0.040739032271726559
R 29 28 65 0.021678247210717816
R 29 29 29 0
R 29 30 -1 inf
R 29 31 -1 inf
R 29 32 -1 inf
R 29 33 -1 inf
R 29 34 -1 inf
R 29 35 -1 inf
R 29 36 65 0.042467556026419329
R 29 37 65 0.026928749592643207
R 29 38 65 0.011439647778077554
R 29 39 -1 inf
R 29 40 -1 inf
R 29 41 -1 inf
R 29 42 -1 inf
R 29 43 -1 inf
R 29 44 -1 inf
R 29 45 65 0.049999344572727498
R 29 46 65 0.027416720330071399
R 29 47 65 0.017478788362265296
R 29 48 -1 inf
R 29 49 -1 inf
R 29 50 -1 inf
R 29 51 -1 inf
R 29 52 -1 inf
R 29 53 -1 inf
R 29 54 -1 inf
R 29 55 65 0.038371225119061401
R 29 56 65 0.013129170386871907
R 29 57 -1 inf
R 29 58 -1 inf
R 29 59 -1 inf
R 29 60 -1 inf
R 29 61 -1 inf
R 29 62 -1 inf
R 29 63 -1 inf
R 29 64 -1 inf
R 29 65 65 0.0040642513395666383
R 29 66 -1 inf
R 29 67 -1 inf
R 29 68 -1 inf
R 29 69 -1 inf
R 29 70 -1 inf
R 29 71 -1 inf
R 29 72 -1 inf
R 29 73 -1 inf
R 29 74 -1 inf
R 29 75 -1 inf
R 29 76 -1 inf
R 29 77 -1 inf
R 29 78 -1 inf
R 29 79 65 0.08052856144571896
R 29 80 -1 inf
R 29 81 -1 inf
R 29 82 -1 inf
R 29 83 -1 inf
R 29 84 -1 inf
R 29 85 -1 inf
R 29 86 -1 inf
R 29 87 -1 inf
R 29 88 65 0.066506640355906602
R 29 89 -1 inf
R 29 90 -1 inf
R 29 91 -1 inf
R 29 92 -1 inf
R 29 93 -1 inf
R 29 94 -1 inf
R 29 95 -1 inf
R 29 96 -1 inf
R 29 97 65 0.056636692071079048
R 29 98 -1 inf
R 29 99 -1 inf
R 30 0 -1 inf
R 30 1 -1 inf
R 30 2 -1 inf
R 30 3 -1 inf
R 30 4 -1 inf
R 30 5 -1 inf
R 30 6 -1 inf
R 30 7 -1 inf
R 30 8 -1 inf
R 30 9 -1 inf
R 30 10 -1 inf
R 30 11 -1 inf
R 30 12 -1 inf
R 30 13 -1 inf
R 30 14 -1 inf
R 30 15 -1 inf
R 30 16 -1 inf
R 30 17 -1 inf
R 30 18 -1 inf
R 30 19 -1 inf
R 30 20 -1 inf
R 30 21 -1 inf
R 30 22 -1 inf
R 30 23 -1 inf
R 30 24 -1 inf
R 30 25 -1 inf
R 30 26 -1 inf
R 30 27 -1 inf
R 30 28 -1 inf
R 30 29 -1 inf
R 30 30 30 0
R 30 31 -1 inf
R 30 32 -1 inf
R 30 33 -1 inf
R 30 34 -1 inf
R 30 35 -1 inf
R 30 36 -1 inf
R 30 37 -1 inf
R 30 38 -1 inf
R 30 39 -1 inf
R 30 40 -1 inf
R 30 41 -1 inf
R 30 42 -1 inf
R 30 43 -1 inf
R 30 44 -1 inf
R 30 45 -1 inf
R 30 46 -1 inf
R 30 47 -1 inf
R 30 48 -1 inf
R 30 49 -1 inf
R 30 50 -1 inf
R 30 51 -1 inf
R 30 52 -1 inf
R 30 53 -1 inf
R 30 54 -1 inf
R 30 55 -1 inf
R 30 56 -1 inf
R 30 57 -1 inf
R 30 58 -1 inf
R 30 59 -1 inf
R 30 60 -1 inf
R 30 61 -1 inf
R 30 62 -1 inf
R 30 63 -1 inf
R 30 64 -1 inf
R 30 65 -1 inf
R 30 66 -1 inf
R 30 67 -1 inf
R 30 68 -1 inf
R 30 69 -1 inf
R 30 70 -1 inf
R 30 71 -1 inf
R 30 72 -1 inf
R 30 73 -1 inf
R 30 74 -1 inf
R 30 75 -1 inf
R 30 76 -1 inf
R 30 77 -1 inf
R 30 78 -1 inf
R 30 79 -1 inf
R 30 80 -1 inf
R 30 81 -1 inf
R 30 82 -1 inf
R 30 83 -1 inf
R 30 84 -1 inf
R 30 85 -1 inf
R 30 86 -1 inf
R 30 87 -1 inf
R 30 88 -1 inf
R 30 89 -1 inf
R 30 90 -1 inf
R 30 91 -1 inf
R 30 92 -1 inf
R 30 93 93 0.0060877089093961606
R 30 94 -1 inf
R 30 95 -1 inf
R 30 96 -1 inf
R 30 97 -1 inf
R 30 98 -1 inf
R 30 99 -1 inf
R 31 0 -1 inf
R 31 1 -1 inf
R 31 2 -1 inf
R 31 3 22 0.015593658336264894
R 31 4 4 0.006700894892150284
R 31 5 -1 inf
R 31 6 -1 inf
R 31 7 -1 inf
R 31 8 -1 inf
R 31 9 -1 inf
R 31 10 -1 inf
R 31 11 -1 inf
R 31 12 22 0.019824373405036878
R 31 13 13 0.0063348756899347953
R 31 14 13 0.024245664876920342
R 31 15 -1 inf
R 31 16 -1 inf
R 31 17 -1 inf
R 31 18 -1 inf
R 31 19 -1 inf
R 31 20 22 0.0397588919711621
R 31 21 22 0.023197023586172934
R 31 22 22 0.0062765567359608547
R 31 23 13 0.020787264894165717
R 31 24 13 0.042456147699606483
R 31 25 -1 inf
R 31 26 -1 inf
R 31 27 -1 inf
R 31 28 -1 inf
R 31 29 -1 inf
R 31 30 -1 inf
R 31 31 31 0
R 31 32 13 0.020512302380785764
R 31 33 13 0.035418382791117697
R 31 34 -1 inf
R 31 35 -1 inf
R 31 36 -1 inf
R 31 37 -1 inf
R 31 38 -1 inf
R 31 39 -1 inf
R 31 40 4 0.011740860398997303
R 31 41 13 0.015048907663397582
R 31 42 13 0.034105132755661502
R 31 43 -1 inf
R 31 44 -1 inf
R 31 45 -1 inf
R 31 46 -1 inf
R 31 47 -1 inf
R 31 48 -1 inf
R 31 49 -1 inf
R 31 50 13 0.02600624890290823
R 31 51 13 0.029336822032452435
R 31 52 -1 inf
R 31 53 -1 inf
R 31 54 -1 inf
R 31 55 -1 inf
R 31 56 -1 inf
R 31 57 -1 inf
R 31 58 -1 inf
R 31 59 -1 inf
R 31 60 13 0.038391637896988184
R 31 61 -1 inf
R 31 62 -1 inf
R 31 63 -1 inf
R 31 64 -1 inf
R 31 65 -1 inf
R 31 66 -1 inf
R 31 67 -1 inf
R 31 68 -1 inf
R 31 69 -1 inf
R 31 70 -1 inf
R 31 71 -1 inf
R 31 72 -1 inf
R 31 73 -1 inf
R 31 74 22 0.046066559576380693
R 31 75 -1 inf
R 31 76 -1 inf
R 31 77 -1 inf
R 31 78 -1 inf
R 31 79 -1 inf
R 31 80 -1 inf
R 31 81 -1 inf
R 31 82 -1 inf
R 31 83 22 0.032045100420708947
R 31 84 -1 inf
R 31 85 -1 inf
R 31 86 -1 inf
R 31 87 -1 inf
R 31 88 -1 inf
R 31 89 -1 inf
R 31 90 -1 inf
R 31 91 -1 inf
R 31 92 22 0.022180652548330501
R 31 93 -1 inf
R 31 94 -1 inf
R 31 95 -1 inf
R 31 96 -1 inf
R 31 97 -1 inf
R 31 98 -1 inf
R 31 99 -1 inf
R 32 0 -1 inf
R 32 1 -1 inf
R 32 2 -1 inf
R 32 3 41 0.028102970972447339
R 32 4 41 0.02301421055318937
R 32 5 -1 inf
R 32 6 -1 inf
R 32 7 -1 inf
R 32 8 -1 inf
R 32 9 -1 inf
R 32 10 -1 inf
R 32 11 -1 inf
R 32 12 41 0.032333686041219327
R 32 13 41 0.014177426690850968
R 32 14 41 0.014660151930910944
R 32 15 -1 inf
R 32 16 -1 inf
R 32 17 -1 inf
R 32 18 -1 inf
R 32 19 -1 inf
R 32 20 41 0.052268204607344548
R 32 21 41 0.035706336222355382
R 32 22 41 0.018785869372143299
R 32 23 23 0.0052525331101974625
R 32 24 23 0.026921415915638239
R 32 25 -1 inf
R 32 26 -1 inf
R 32 27 -1 inf
R 32 28 -1 inf
R 32 29 -1 inf
R 32 30 -1 inf
R 32 31 41 0.020512302380785764
R 32 32 32 0
R 32 33 23 0.019883651007149443
R 32 34 -1 inf
R 32 35 -1 inf
R 32 36 -1 inf
R 32 37 -1 inf
R 32 38 -1 inf
R 32 39 -1 inf
R 32 40 41 0.028054176060036389
R 32 41 41 0.0054633947173881817
R 32 42 23 0.018570400971693247
R 32 43 -1 inf
R 32 44 -1 inf
R 32 45 -1 inf
R 32 46 -1 inf
R 32 47 -1 inf
R 32 48 -1 inf
R 32 49 -1 inf
R 32 50 41 0.01642073595689883
R 32 51 23 0.013802090248484182
R 32 52 -1 inf
R 32 53 -1 inf
R 32 54 -1 inf
R 32 55 -1 inf
R 32 56 -1 inf
R 32 57 -1 inf
R 32 58 -1 inf
R 32 59 -1 inf
R 32 60 23 0.022856906113019937
R 32 61 -1 inf
R 32 62 -1 inf
R 32 63 -1 inf
R 32 64 -1 inf
R 32 65 -1 inf
R 32 66 -1 inf
R 32 67 -1 inf
R 32 68 -1 inf
R 32 69 -1 inf
R 32 70 -1 inf
R 32 71 -1 inf
R 32 72 -1 inf
R 32 73 -1 inf
R 32 74 41 0.058575872212563142
R 32 75 -1 inf
R 32 76 -1 inf
R 32 77 -1 inf
R 32 78 -1 inf
R 32 79 -1 inf
R 32 80 -1 inf
R 32 81 -1 inf
R 32 82 -1 inf
R 32 83 41 0.044554413056891395
R 32 84 -1 inf
R 32 85 -1 inf
R 32 86 -1 inf
R 32 87 -1 inf
R 32 88 -1 inf
R 32 89 -1 inf
R 32 90 -1 inf
R 32 91 -1 inf
R 32 92 41 0.03468996518451295
R 32 93 -1 inf
R 32 94 -1 inf
R 32 95 -1 inf
R 32 96 -1 inf
R 32 97 -1 inf
R 32 98 -1 inf
R 32 99 -1 inf
R 33 0 -1 inf
R 33 1 -1 inf
R 33 2 -1 inf
R 33 3 51 0.043009051382779273
R 33 4 51 0.0379202909635213
R 33 5 -1 inf
R 33 6 -1 inf
R 33 7 -1 inf
R 33 8 -1 inf
R 33 9 -1 inf
R 33 10 -1 inf
R 33 11 -1 inf
R 33 12 51 0.047239766451551257
R 33 13 51 0.0290835071011829
R 33 14 51 0.029566232341242876
R 33 15 -1 inf
R 33 16 -1 inf
R 33 17 -1 inf
R 33 18 -1 inf
R 33 19 -1 inf
R 33 20 51 0.067174285017676486
R 33 21 51 0.050612416632687313
R 33 22 51 0.033691949782475236
R 33 23 51 0.01463111789695198
R 33 24 60 0.011438318515429393
R 33 25 -1 inf
R 33 26 -1 inf
R 33 27 -1 inf
R 33 28 -1 inf
R 33 29 -1 inf
R 33 30 -1 inf
R 33 31 51 0.035418382791117697
R 33 32 51 0.019883651007149443
R 33 33 33 0
R 33 34 -1 inf
R 33 35 -1 inf
R 33 36 -1 inf
R 33 37 -1 inf
R 33 38 -1 inf
R 33 39 -1 inf
R 33 40 51 0.042960256470368316
R 33 41 51 0.020369475127720114
R 33 42 42 0.006042477652090302
R 33 43 -1 inf
R 33 44 -1 inf
R 33 45 -1 inf
R 33 46 -1 inf
R 33 47 -1 inf
R 33 48 -1 inf
R 33 49 -1 inf
R 33 50 51 0.03132681636723076
R 33 51 51 0.0060815607586652614
R 33 52 -1 inf
R 33 53 -1 inf
R 33 54 -1 inf
R 33 55 -1 inf
R 33 56 -1 inf
R 33 57 -1 inf
R 33 58 -1 inf
R 33 59 -1 inf
R 33 60 60 0.0073738087128110905
R 33 61 -1 inf
R 33 62 -1 inf
R 33 63 -1 inf
R 33 64 -1 inf
R 33 65 -1 inf
R 33 66 -1 inf
R 33 67 -1 inf
R 33 68 -1 inf
R 33 69 -1 inf
R 33 70 -1 inf
R 33 71 -1 inf
R 33 72 -1 inf
R 33 73 -1 inf
R 33 74 51 0.073481952622895086
R 33 75 -1 inf
R 33 76 -1 inf
R 33 77 -1 inf
R 33 78 -1 inf
R 33 79 -1 inf
R 33 80 -1 inf
R 33 81 -1 inf
R 33 82 -1 inf
R 33 83 51 0.059460493467223333
R 33 84 -1 inf
R 33 85 -1 inf
R 33 86 -1 inf
R 33 87 -1 inf
R 33 88 -1 inf
R 33 89 -1 inf
R 33 90 -1 inf
R 33 91 -1 inf
R 33 92 51 0.04959604559484488
R 33 93 -1 inf
R 33 94 -1 inf
R 33 95 -1 inf
R 33 96 -1 inf
R 33 97 -1 inf
R 33 98 -1 inf
R 33 99 -1 inf
R 34 0 -1 inf
R 34 1 70 0.055804819286374735
R 34 2 -1 inf
R 34 3 -1 inf
R 34 4 -1 inf
R 34 5 -1 inf
R 34 6 -1 inf
R 34 7 -1 inf
R 34 8 -1 inf
R 34 9 -1 inf
R 34 10 -1 inf
R 34 11 -1 inf
R 34 12 -1 inf
R 34 13 -1 inf
R 34 14 -1 inf
R 34 15 -1 inf
R 34 16 -1 inf
R 34 17 -1 inf
R 34 18 -1 inf
R 34 19 -1 inf
R 34 20 -1 inf
R 34 21 -1 inf
R 34 22 -1 inf
R 34 23 -1 inf
R 34 24 -1 inf
R 34 25 -1 inf
R 34 26 -1 inf
R 34 27 -1 inf
R 34 28 -1 inf
R 34 29 -1 inf
R 34 30 -1 inf
R 34 31 -1 inf
R 34 32 -1 inf
R 34 33 -1 inf
R 34 34 34 0
R 34 35 -1 inf
R 34 36 -1 inf
R 34 37 -1 inf
R 34 38 -1 inf
R 34 39 -1 inf
R 34 40 -1 inf
R 34 41 -1 inf
R 34 42 -1 inf
R 34 43 70 0.012759474608717486
R 34 44 -1 inf
R 34 45 -1 inf
R 34 46 -1 inf
R 34 47 -1 inf
R 34 48 -1 inf
R 34 49 -1 inf
R 34 50 -1 inf
R 34 51 -1 inf
R 34 52 70 0.019654975925745003
R 34 53 70 0.037441378492055893
R 34 54 -1 inf
R 34 55 -1 inf
R 34 56 -1 inf
R 34 57 -1 inf
R 34 58 -1 inf
R 34 59 -1 inf
R 34 60 -1 inf
R 34 61 70 0.015747535989250716
R 34 62 70 0.032897001936384521
R 34 63 70 0.054664938778635763
R 34 64 -1 inf
R 34 65 -1 inf
R 34 66 -1 inf
R 34 67 -1 inf
R 34 68 -1 inf
R 34 69 -1 inf
R 34 70 70 0.0075127068506626003
R 34 71 70 0.028707474238452976
R 34 72 70 0.046544428336629397
R 34 73 -1 inf
R 34 74 -1 inf
R 34 75 -1 inf
R 34 76 -1 inf
R 34 77 -1 inf
R 34 78 -1 inf
R 34 79 -1 inf
R 34 80 70 0.036087821017232798
R 34 81 70 0.042075811563330914
R 34 82 -1 inf
R 34 83 -1 inf
R 34 84 -1 inf
R 34 85 -1 inf
R 34 86 -1 inf
R 34 87 -1 inf
R 34 88 -1 inf
R 34 89 89 0.0084631065450220602
R 34 90 70 0.048593285379588839
R 34 91 -1 inf
R 34 92 -1 inf
R 34 93 -1 inf
R 34 94 -1 inf
R 34 95 -1 inf
R 34 96 -1 inf
R 34 97 -1 inf
R 34 98 -1 inf
R 34 99 -1 inf
R 35 0 -1 inf
R 35 1 -1 inf
R 35 2 -1 inf
R 35 3 -1 inf
R 35 4 -1 inf
R 35 5 -1 inf
R 35 6 -1 inf
R 35 7 -1 inf
R 35 8 -1 inf
R 35 9 -1 inf
R 35 10 -1 inf
R 35 11 -1 inf
R 35 12 -1 inf
R 35 13 -1 inf
R 35 14 -1 inf
R 35 15 -1 inf
R 35 16 -1 inf
R 35 17 -1 inf
R 35 18 -1 inf
R 35 19 -1 inf
R 35 20 -1 inf
R 35 21 -1 inf
R 35 22 -1 inf
R 35 23 -1 inf
R 35 24 -1 inf
R 35 25 -1 inf
R 35 26 -1 inf
R 35 27 -1 inf
R 35 28 -1 inf
R 35 29 -1 inf
R 35 30 -1 inf
R 35 31 -1 inf
R 35 32 -1 inf
R 35 33 -1 inf
R 35 34 -1 inf
R 35 35 35 0
R 35 36 -1 inf
R 35 37 -1 inf
R 35 38 -1 inf
R 35 39 -1 inf
R 35 40 -1 inf
R 35 41 -1 inf
R 35 42 -1 inf
R 35 43 -1 inf
R 35 44 -1 inf
R 35 45 -1 inf
R 35 46 -1 inf
R 35 47 -1 inf
R 35 48 -1 inf
R 35 49 -1 inf
R 35 50 -1 inf
R 35 51 -1 inf
R 35 52 -1 inf
R 35 53 -1 inf
R 35 54 -1 inf
R 35 55 -1 inf
R 35 56 -1 inf
R 35 57 -1 inf
R 35 58 -1 inf
R 35 59 -1 inf
R 35 60 -1 inf
R 35 61 -1 inf
R 35 62 -1 inf
R 35 63 -1 inf
R 35 64 -1 inf
R 35 65 -1 inf
R 35 66 -1 inf
R 35 67 -1 inf
R 35 68 -1 inf
R 35 69 -1 inf
R 35 70 -1 inf
R 35 71 -1 inf
R 35 72 -1 inf
R 35 73 -1 inf
R 35 74 -1 inf
R 35 75 -1 inf
R 35 76 -1 inf
R 35 77 -1 inf
R 35 78 -1 inf
R 35 79 -1 inf
R 35 80 -1 inf
R 35 81 -1 inf
R 35 82 -1 inf
R 35 83 -1 inf
R 35 84 -1 inf
R 35 85 -1 inf
R 35 86 -1 inf
R 35 87 -1 inf
R 35 88 -1 inf
R 35 89 -1 inf
R 35 90 -1 inf
R 35 91 -1 inf
R 35 92 -1 inf
R 35 93 -1 inf
R 35 94 -1 inf
R 35 95 -1 inf
R 35 96 -1 inf
R 35 97 -1 inf
R 35 98 98 0.0060878018201979377
R 35 99 -1 inf
R 36 0 -1 inf
R 36 1 -1 inf
R 36 2 -1 inf
R 36 3 -1 inf
R 36 4 -1 inf
R 36 5 -1 inf
R 36 6 -1 inf
R 36 7 -1 inf
R 36 8 27 0.015595799812048249
R 36 9 9 0.0066996987253270515
R 36 10 -1 inf
R 36 11 -1 inf
R 36 12 -1 inf
R 36 13 -1 inf
R 36 14 -1 inf
R 36 15 -1 inf
R 36 16 -1 inf
R 36 17 27 0.019826203156509466
R 36 18 18 0.0063359255066745791
R 36 19 18 0.024244745837214563
R 36 20 -1 inf
R 36 21 -1 inf
R 36 22 -1 inf
R 36 23 -1 inf
R 36 24 -1 inf
R 36 25 27 0.039762274512967669
R 36 26 27 0.02320158962264986
R 36 27 27 0.0062803207682708591
R 36 28 18 0.020789308815701513
R 36 29 18 0.042467556026419322
R 36 30 -1 inf
R 36 31 -1 inf
R 36 32 -1 inf
R 36 33 -1 inf
R 36 34 -1 inf
R 36 35 -1 inf
R 36 36 36 0
R 36 37 18 0.020516598524747645
R 36 38 18 0.035419193901151176
R 36 39 -1 inf
R 36 40 -1 inf
R 36 41 -1 inf
R 36 42 -1 inf
R 36 43 -1 inf
R 36 44 -1 inf
R 36 45 9 0.01174011695610027
R 36 46 18 0.015050835696347933
R 36 47 18 0.03410798703428243
R 36 48 -1 inf
R 36 49 -1 inf
R 36 50 -1 inf
R 36 51 -1 inf
R 36 52 -1 inf
R 36 53 -1 inf
R 36 54 -1 inf
R 36 55 18 0.026005340485337935
R 36 56 18 0.02933838563954742
R 36 57 -1 inf
R 36 58 -1 inf
R 36 59 -1 inf
R 36 60 -1 inf
R 36 61 -1 inf
R 36 62 -1 inf
R 36 63 -1 inf
R 36 64 -1 inf
R 36 65 18 0.038403304686852685
R 36 66 -1 inf
R 36 67 -1 inf
R 36 68 -1 inf
R 36 69 -1 inf
R 36 70 -1 inf
R 36 71 -1 inf
R 36 72 -1 inf
R 36 73 -1 inf
R 36 74 -1 inf
R 36 75 -1 inf
R 36 76 -1 inf
R 36 77 -1 inf
R 36 78 -1 inf
R 36 79 27 0.04606984994226325
R 36 80 -1 inf
R 36 81 -1 inf
R 36 82 -1 inf
R 36 83 -1 inf
R 36 84 -1 inf
R 36 85 -1 inf
R 36 86 -1 inf
R 36 87 -1 inf
R 36 88 27 0.032047928852450891
R 36 89 -1 inf
R 36 90 -1 inf
R 36 91 -1 inf
R 36 92 -1 inf
R 36 93 -1 inf
R 36 94 -1 inf
R 36 95 -1 inf
R 36 96 -1 inf
R 36 97 27 0.022177980567623344
R 36 98 -1 inf
R 36 99 -1 inf
R 37 0 -1 inf
R 37 1 -1 inf
R 37 2 -1 inf
R 37 3 -1 inf
R 37 4 -1 inf
R 37 5 -1 inf
R 37 6 -1 inf
R 37 7 -1 inf
R 37 8 46 0.028103553813832258
R 37 9 46 0.023007968840282594
R 37 10 -1 inf
R 37 11 -1 inf
R 37 12 -1 inf
R 37 13 -1 inf
R 37 14 -1 inf
R 37 15 -1 inf
R 37 16 -1 inf
R 37 17 46 0.032333957158293472
R 37 18 46 0.014180673018073065
R 37 19 46 0.014659672969266343
R 37 20 -1 inf
R 37 21 -1 inf
R 37 22 -1 inf
R 37 23 -1 inf
R 37 24 -1 inf
R 37 25 46 0.052270028514751682
R 37 26 46 0.03570934362443387
R 37 27 46 0.018788074770054869
R 37 28 28 0.005250502381925393
R 37 29 28 0.026928749592643207
R 37 30 -1 inf
R 37 31 -1 inf
R 37 32 -1 inf
R 37 33 -1 inf
R 37 34 -1 inf
R 37 35 -1 inf
R 37 36 46 0.020516598524747645
R 37 37 37 0
R 37 38 28 0.019880387467375055
R 37 39 -1 inf
R 37 40 -1 inf
R 37 41 -1 inf
R 37 42 -1 inf
R 37 43 -1 inf
R 37 44 -1 inf
R 37 45 46 0.028048387071055815
R 37 46 46 0.0054657628283997124
R 37 47 28 0.018569180600506316
R 37 48 -1 inf
R 37 49 -1 inf
R 37 50 -1 inf
R 37 51 -1 inf
R 37 52 -1 inf
R 37 53 -1 inf
R 37 54 -1 inf
R 37 55 46 0.016420267617389715
R 37 56 28 0.0137995792057713
R 37 57 -1 inf
R 37 58 -1 inf
R 37 59 -1 inf
R 37 60 -1 inf
R 37 61 -1 inf
R 37 62 -1 inf
R 37 63 -1 inf
R 37 64 -1 inf
R 37 65 28 0.022864498253076571
R 37 66 -1 inf
R 37 67 -1 inf
R 37 68 -1 inf
R 37 69 -1 inf
R 37 70 -1 inf
R 37 71 -1 inf
R 37 72 -1 inf
R 37 73 -1 inf
R 37 74 -1 inf
R 37 75 -1 inf
R 37 76 -1 inf
R 37 77 -1 inf
R 37 78 -1 inf
R 37 79 46 0.058577603944047263
R 37 80 -1 inf
R 37 81 -1 inf
R 37 82 -1 inf
R 37 83 -1 inf
R 37 84 -1 inf
R 37 85 -1 inf
R 37 86 -1 inf
R 37 87 -1 inf
R 37 88 46 0.044555682854234904
R 37 89 -1 inf
R 37 90 -1 inf
R 37 91 -1 inf
R 37 92 -1 inf
R 37 93 -1 inf
R 37 94 -1 inf
R 37 95 -1 inf
R 37 96 -1 inf
R 37 97 46 0.03468573456940735
R 37 98 -1 inf
R 37 99 -1 inf
R 38 0 -1 inf
R 38 1 -1 inf
R 38 2 -1 inf
R 38 3 -1 inf
R 38 4 -1 inf
R 38 5 -1 inf
R 38 6 -1 inf
R 38 7 -1 inf
R 38 8 56 0.043006149190235793
R 38 9 56 0.037910564216686128
R 38 10 -1 inf
R 38 11 -1 inf
R 38 12 -1 inf
R 38 13 -1 inf
R 38 14 -1 inf
R 38 15 -1 inf
R 38 16 -1 inf
R 38 17 56 0.04723655253469701
R 38 18 56 0.0290832683944766
R 38 19 56 0.029562268345669877
R 38 20 -1 inf
R 38 21 -1 inf
R 38 22 -1 inf
R 38 23 -1 inf
R 38 24 -1 inf
R 38 25 56 0.06717262389115522
R 38 26 56 0.050611939000837408
R 38 27 56 0.033690670146458407
R 38 28 56 0.014629885085449663
R 38 29 65 0.011439647778077554
R 38 30 -1 inf
R 38 31 -1 inf
R 38 32 -1 inf
R 38 33 -1 inf
R 38 34 -1 inf
R 38 35 -1 inf
R 38 36 56 0.035419193901151176
R 38 37 56 0.019880387467375055
R 38 38 38 0
R 38 39 -1 inf
R 38 40 -1 inf
R 38 41 -1 inf
R 38 42 -1 inf
R 38 43 -1 inf
R 38 44 -1 inf
R 38 45 56 0.042950982447459346
R 38 46 56 0.020368358204803247
R 38 47 47 0.0060391405841877408
R 38 48 -1 inf
R 38 49 -1 inf
R 38 50 -1 inf
R 38 51 -1 inf
R 38 52 -1 inf
R 38 53 -1 inf
R 38 54 -1 inf
R 38 55 56 0.031322862993793249
R 38 56 56 0.0060808082616037552
R 38 57 -1 inf
R 38 58 -1 inf
R 38 59 -1 inf
R 38 60 -1 inf
R 38 61 -1 inf
R 38 62 -1 inf
R 38 63 -1 inf
R 38 64 -1 inf
R 38 65 65 0.0073753964385109153
R 38 66 -1 inf
R 38 67 -1 inf
R 38 68 -1 inf
R 38 69 -1 inf
R 38 70 -1 inf
R 38 71 -1 inf
R 38 72 -1 inf
R 38 73 -1 inf
R 38 74 -1 inf
R 38 75 -1 inf
R 38 76 -1 inf
R 38 77 -1 inf
R 38 78 -1 inf
R 38 79 56 0.073480199320450801
R 38 80 -1 inf
R 38 81 -1 inf
R 38 82 -1 inf
R 38 83 -1 inf
R 38 84 -1 inf
R 38 85 -1 inf
R 38 86 -1 inf
R 38 87 -1 inf
R 38 88 56 0.059458278230638442
R 38 89 -1 inf
R 38 90 -1 inf
R 38 91 -1 inf
R 38 92 -1 inf
R 38 93 -1 inf
R 38 94 -1 inf
R 38 95 -1 inf
R 38 96 -1 inf
R 38 97 56 0.049588329945810888
R 38 98 -1 inf
R 38 99 -1 inf
R 39 0 -1 inf
R 39 1 -1 inf
R 39 2 -1 inf
R 39 3 -1 inf
R 39 4 -1 inf
R 39 5 -1 inf
R 39 6 75 0.055801083158280862
R 39 7 -1 inf
R 39 8 -1 inf
R 39 9 -1 inf
R 39 10 -1 inf
R 39 11 -1 inf
R 39 12 -1 inf
R 39 13 -1 inf
R 39 14 -1 inf
R 39 15 -1 inf
R 39 16 -1 inf
R 39 17 -1 inf
R 39 18 -1 inf
R 39 19 -1 inf
R 39 20 -1 inf
R 39 21 -1 inf
R 39 22 -1 inf
R 39 23 -1 inf
R 39 24 -1 inf
R 39 25 -1 inf
R 39 26 -1 inf
R 39 27 -1 inf
R 39 28 -1 inf
R 39 29 -1 inf
R 39 30 -1 inf
R 39 31 -1 inf
R 39 32 -1 inf
R 39 33 -1 inf
R 39 34 -1 inf
R 39 35 -1 inf
R 39 36 -1 inf
R 39 37 -1 inf
R 39 38 -1 inf
R 39 39 39 0
R 39 40 -1 inf
R 39 41 -1 inf
R 39 42 -1 inf
R 39 43 -1 inf
R 39 44 -1 inf
R 39 45 -1 inf
R 39 46 -1 inf
R 39 47 -1 inf
R 39 48 75 0.012758757631314788
R 39 49 -1 inf
R 39 50 -1 inf
R 39 51 -1 inf
R 39 52 -1 inf
R 39 53 -1 inf
R 39 54 -1 inf
R 39 55 -1 inf
R 39 56 -1 inf
R 39 57 75 0.019649310231157392
R 39 58 75 0.037432392565727036
R 39 59 -1 inf
R 39 60 -1 inf
R 39 61 -1 inf
R 39 62 -1 inf
R 39 63 -1 inf
R 39 64 -1 inf
R 39 65 -1 inf
R 39 66 75 0.015754319926497801
R 39 67 75 0.032891648347958151
R 39 68 75 0.05466179092767897
R 39 69 -1 inf
R 39 70 -1 inf
R 39 71 -1 inf
R 39 72 -1 inf
R 39 73 -1 inf
R 39 74 -1 inf
R 39 75 75 0.0075115232703385042
R 39 76 75 0.028702254148431645
R 39 77 75 0.046537117298554337
R 39 78 -1 inf
R 39 79 -1 inf
R 39 80 -1 inf
R 39 81 -1 inf
R 39 82 -1 inf
R 39 83 -1 inf
R 39 84 84 0.0084633954806504486
R 39 85 75 0.036088580951952033
R 39 86 75 0.042069313282221646
R 39 87 -1 inf
R 39 88 -1 inf
R 39 89 -1 inf
R 39 90 -1 inf
R 39 91 -1 inf
R 39 92 -1 inf
R 39 93 -1 inf
R 39 94 -1 inf
R 39 95 75 0.048591001902186695
R 39 96 -1 inf
R 39 97 -1 inf
R 39 98 -1 inf
R 39 99 -1 inf
R 40 0 -1 inf
R 40 1 -1 inf
R 40 2 -1 inf
R 40 3 4 0.027334518735262197
R 40 4 4 0.0050399655068470188
R 40 5 -1 inf
R 40 6 -1 inf
R 40 7 -1 inf
R 40 8 -1 inf
R 40 9 -1 inf
R 40 10 -1 inf
R 40 11 -1 inf
R 40 12 4 0.031565233804034185
R 40 13 4 0.013876749369185423
R 40 14 4 0.031787538556170974
R 40 15 -1 inf
R 40 16 -1 inf
R 40 17 -1 inf
R 40 18 -1 inf
R 40 19 -1 inf
R 40 20 4 0.051499752370159413
R 40 21 4 0.03493788398517024
R 40 22 4 0.018017417134958157
R 40 23 4 0.028329138573416342
R 40 24 4 0.049998021378857116
R 40 25 -1 inf
R 40 26 -1 inf
R 40 27 -1 inf
R 40 28 -1 inf
R 40 29 -1 inf
R 40 30 -1 inf
R 40 31 4 0.011740860398997303
R 40 32 4 0.028054176060036393
R 40 33 4 0.042960256470368323
R 40 34 -1 inf
R 40 35 -1 inf
R 40 36 -1 inf
R 40 37 -1 inf
R 40 38 -1 inf
R 40 39 -1 inf
R 40 40 40 0
R 40 41 4 0.022590781342648209
R 40 42 4 0.041647006434912127
R 40 43 -1 inf
R 40 44 -1 inf
R 40 45 -1 inf
R 40 46 -1 inf
R 40 47 -1 inf
R 40 48 -1 inf
R 40 49 -1 inf
R 40 50 4 0.033548122582158862
R 40 51 4 0.036878695711703061
R 40 52 -1 inf
R 40 53 -1 inf
R 40 54 -1 inf
R 40 55 -1 inf
R 40 56 -1 inf
R 40 57 -1 inf
R 40 58 -1 inf
R 40 59 -1 inf
R 40 60 4 0.045933511576238817
R 40 61 -1 inf
R 40 62 -1 inf
R 40 63 -1 inf
R 40 64 -1 inf
R 40 65 -1 inf
R 40 66 -1 inf
R 40 67 -1 inf
R 40 68 -1 inf
R 40 69 -1 inf
R 40 70 -1 inf
R 40 71 -1 inf
R 40 72 -1 inf
R 40 73 -1 inf
R 40 74 4 0.057807419975378006
R 40 75 -1 inf
R 40 76 -1 inf
R 40 77 -1 inf
R 40 78 -1 inf
R 40 79 -1 inf
R 40 80 -1 inf
R 40 81 -1 inf
R 40 82 -1 inf
R 40 83 4 0.04378596081970626
R 40 84 -1 inf
R 40 85 -1 inf
R 40 86 -1 inf
R 40 87 -1 inf
R 40 88 -1 inf
R 40 89 -1 inf
R 40 90 -1 inf
R 40 91 -1 inf
R 40 92 4 0.033921512947327807
R 40 93 -1 inf
R 40 94 -1 inf
R 40 95 -1 inf
R 40 96 -1 inf
R 40 97 -1 inf
R 40 98 -1 inf
R 40 99 -1 inf
R 41 0 -1 inf
R 41 1 -1 inf
R 41 2 -1 inf
R 41 3 13 0.022639576255059159
R 41 4 13 0.01755081583580119
R 41 5 -1 inf
R 41 6 -1 inf
R 41 7 -1 inf
R 41 8 -1 inf
R 41 9 -1 inf
R 41 10 -1 inf
R 41 11 -1 inf
R 41 12 13 0.026870291323831143
R 41 13 13 0.0087140319734627866
R 41 14 14 0.0091967572135227618
R 41 15 -1 inf
R 41 16 -1 inf
R 41 17 -1 inf
R 41 18 -1 inf
R 41 19 -1 inf
R 41 20 13 0.046804809889956368
R 41 21 13 0.030242941504967199
R 41 22 13 0.013322474654755119
R 41 23 23 0.0057383572307681341
R 41 24 23 0.02740724003620891
R 41 25 -1 inf
R 41 26 -1 inf
R 41 27 -1 inf
R 41 28 -1 inf
R 41 29 -1 inf
R 41 30 -1 inf
R 41 31 13 0.015048907663397582
R 41 32 32 0.0054633947173881817
R 41 33 23 0.020369475127720117
R 41 34 -1 inf
R 41 35 -1 inf
R 41 36 -1 inf
R 41 37 -1 inf
R 41 38 -1 inf
R 41 39 -1 inf
R 41 40 13 0.022590781342648209
R 41 41 41 0
R 41 42 23 0.019056225092263922
R 41 43 -1 inf
R 41 44 -1 inf
R 41 45 -1 inf
R 41 46 -1 inf
R 41 47 -1 inf
R 41 48 -1 inf
R 41 49 -1 inf
R 41 50 14 0.010957341239510648
R 41 51 23 0.014287914369054855
R 41 52 -1 inf
R 41 53 -1 inf
R 41 54 -1 inf
R 41 55 -1 inf
R 41 56 -1 inf
R 41 57 -1 inf
R 41 58 -1 inf
R 41 59 -1 inf
R 41 60 23 0.023342730233590608
R 41 61 -1 inf
R 41 62 -1 inf
R 41 63 -1 inf
R 41 64 -1 inf
R 41 65 -1 inf
R 41 66 -1 inf
R 41 67 -1 inf
R 41 68 -1 inf
R 41 69 -1 inf
R 41 70 -1 inf
R 41 71 -1 inf
R 41 72 -1 inf
R 41 73 -1 inf
R 41 74 13 0.053112477495174962
R 41 75 -1 inf
R 41 76 -1 inf
R 41 77 -1 inf
R 41 78 -1 inf
R 41 79 -1 inf
R 41 80 -1 inf
R 41 81 -1 inf
R 41 82 -1 inf
R 41 83 13 0.039091018339503215
R 41 84 -1 inf
R 41 85 -1 inf
R 41 86 -1 inf
R 41 87 -1 inf
R 41 88 -1 inf
R 41 89 -1 inf
R 41 90 -1 inf
R 41 91 -1 inf
R 41 92 13 0.029226570467124766
R 41 93 -1 inf
R 41 94 -1 inf
R 41 95 -1 inf
R 41 96 -1 inf
R 41 97 -1 inf
R 41 98 -1 inf
R 41 99 -1 inf
R 42 0 -1 inf
R 42 1 -1 inf
R 42 2 -1 inf
R 42 3 51 0.041695801347323078
R 42 4 51 0.036607040928065104
R 42 5 -1 inf
R 42 6 -1 inf
R 42 7 -1 inf
R 42 8 -1 inf
R 42 9 -1 inf
R 42 10 -1 inf
R 42 11 -1 inf
R 42 12 51 0.045926516416095062
R 42 13 51 0.027770257065726705
R 42 14 51 0.02825298230578668
R 42 15 -1 inf
R 42 16 -1 inf
R 42 17 -1 inf
R 42 18 -1 inf
R 42 19 -1 inf
R 42 20 51 0.06586103498222029
R 42 21 51 0.049299166597231117
R 42 22 51 0.032378699747019041
R 42 23 51 0.013317867861495785
R 42 24 33 0.017480796167519696
R 42 25 -1 inf
R 42 26 -1 inf
R 42 27 -1 inf
R 42 28 -1 inf
R 42 29 -1 inf
R 42 30 -1 inf
R 42 31 51 0.034105132755661502
R 42 32 51 0.018570400971693247
R 42 33 33 0.006042477652090302
R 42 34 -1 inf
R 42 35 -1 inf
R 42 36 -1 inf
R 42 37 -1 inf
R 42 38 -1 inf
R 42 39 -1 inf
R 42 40 51 0.041647006434912121
R 42 41 51 0.019056225092263918
R 42 42 42 0
R 42 43 -1 inf
R 42 44 -1 inf
R 42 45 -1 inf
R 42 46 -1 inf
R 42 47 -1 inf
R 42 48 -1 inf
R 42 49 -1 inf
R 42 50 51 0.030013566331774565
R 42 51 51 0.0047683107232090651
R 42 52 -1 inf
R 42 53 -1 inf
R 42 54 -1 inf
R 42 55 -1 inf
R 42 56 -1 inf
R 42 57 -1 inf
R 42 58 -1 inf
R 42 59 -1 inf
R 42 60 33 0.013416286364901393
R 42 61 -1 inf
R 42 62 -1 inf
R 42 63 -1 inf
R 42 64 -1 inf
R 42 65 -1 inf
R 42 66 -1 inf
R 42 67 -1 inf
R 42 68 -1 inf
R 42 69 -1 inf
R 42 70 -1 inf
R 42 71 -1 inf
R 42 72 -1 inf
R 42 73 -1 inf
R 42 74 51 0.07216870258743889
R 42 75 -1 inf
R 42 76 -1 inf
R 42 77 -1 inf
R 42 78 -1 inf
R 42 79 -1 inf
R 42 80 -1 inf
R 42 81 -1 inf
R 42 82 -1 inf
R 42 83 51 0.058147243431767137
R 42 84 -1 inf
R 42 85 -1 inf
R 42 86 -1 inf
R 42 87 -1 inf
R 42 88 -1 inf
R 42 89 -1 inf
R 42 90 -1 inf
R 42 91 -1 inf
R 42 92 51 0.048282795559388685
R 42 93 -1 inf
R 42 94 -1 inf
R 42 95 -1 inf
R 42 96 -1 inf
R 42 97 -1 inf
R 42 98 -1 inf
R 42 99 -1 inf
R 43 0 -1 inf
R 43 1 52 0.043045344677657249
R 43 2 -1 inf
R 43 3 -1 inf
R 43 4 -1 inf
R 43 5 -1 inf
R 43 6 -1 inf
R 43 7 -1 inf
R 43 8 -1 inf
R 43 9 -1 inf
R 43 10 -1 inf
R 43 11 -1 inf
R 43 12 -1 inf
R 43 13 -1 inf
R 43 14 -1 inf
R 43 15 -1 inf
R 43 16 -1 inf
R 43 17 -1 inf
R 43 18 -1 inf
R 43 19 -1 inf
R 43 20 -1 inf
R 43 21 -1 inf
R 43 22 -1 inf
R 43 23 -1 inf
R 43 24 -1 inf
R 43 25 -1 inf
R 43 26 -1 inf
R 43 27 -1 inf
R 43 28 -1 inf
R 43 29 -1 inf
R 43 30 -1 inf
R 43 31 -1 inf
R 43 32 -1 inf
R 43 33 -1 inf
R 43 34 70 0.012759474608717486
R 43 35 -1 inf
R 43 36 -1 inf
R 43 37 -1 inf
R 43 38 -1 inf
R 43 39 -1 inf
R 43 40 -1 inf
R 43 41 -1 inf
R 43 42 -1 inf
R 43 43 43 0
R 43 44 -1 inf
R 43 45 -1 inf
R 43 46 -1 inf
R 43 47 -1 inf
R 43 48 -1 inf
R 43 49 -1 inf
R 43 50 -1 inf
R 43 51 -1 inf
R 43 52 52 0.0068955013170275163
R 43 53 52 0.024681903883338404
R 43 54 -1 inf
R 43 55 -1 inf
R 43 56 -1 inf
R 43 57 -1 inf
R 43 58 -1 inf
R 43 59 -1 inf
R 43 60 -1 inf
R 43 61 61 0.0072001736522466931
R 43 62 52 0.020137527327667035
R 43 63 52 0.041905464169918284
R 43 64 -1 inf
R 43 65 -1 inf
R 43 66 -1 inf
R 43 67 -1 inf
R 43 68 -1 inf
R 43 69 -1 inf
R 43 70 70 0.0052467677580548856
R 43 71 52 0.01594799962973549
R 43 72 52 0.033784953727911918
R 43 73 -1 inf
R 43 74 -1 inf
R 43 75 -1 inf
R 43 76 -1 inf
R 43 77 -1 inf
R 43 78 -1 inf
R 43 79 -1 inf
R 43 80 52 0.023328346408515312
R 43 81 52 0.029316336954613432
R 43 82 -1 inf
R 43 83 -1 inf
R 43 84 -1 inf
R 43 85 -1 inf
R 43 86 -1 inf
R 43 87 -1 inf
R 43 88 -1 inf
R 43 89 70 0.021222581153739546
R 43 90 52 0.03583381077087136
R 43 91 -1 inf
R 43 92 -1 inf
R 43 93 -1 inf
R 43 94 -1 inf
R 43 95 -1 inf
R 43 96 -1 inf
R 43 97 -1 inf
R 43 98 -1 inf
R 43 99 -1 inf
R 44 0 -1 inf
R 44 1 -1 inf
R 44 2 -1 inf
R 44 3 -1 inf
R 44 4 -1 inf
R 44 5 -1 inf
R 44 6 -1 inf
R 44 7 -1 inf
R 44 8 -1 inf
R 44 9 -1 inf
R 44 10 -1 inf
R 44 11 -1 inf
R 44 12 -1 inf
R 44 13 -1 inf
R 44 14 -1 inf
R 44 15 -1 inf
R 44 16 -1 inf
R 44 17 -1 inf
R 44 18 -1 inf
R 44 19 -1 inf
R 44 20 -1 inf
R 44 21 -1 inf
R 44 22 -1 inf
R 44 23 -1 inf
R 44 24 -1 inf
R 44 25 -1 inf
R 44 26 -1 inf
R 44 27 -1 inf
R 44 28 -1 inf
R 44 29 -1 inf
R 44 30 -1 inf
R 44 31 -1 inf
R 44 32 -1 inf
R 44 33 -1 inf
R 44 34 -1 inf
R 44 35 -1 inf
R 44 36 -1 inf
R 44 37 -1 inf
R 44 38 -1 inf
R 44 39 -1 inf
R 44 40 -1 inf
R 44 41 -1 inf
R 44 42 -1 inf
R 44 43 -1 inf
R 44 44 44 0
R 44 45 -1 inf
R 44 46 -1 inf
R 44 47 -1 inf
R 44 48 -1 inf
R 44 49 -1 inf
R 44 50 -1 inf
R 44 51 -1 inf
R 44 52 -1 inf
R 44 53 -1 inf
R 44 54 -1 inf
R 44 55 -1 inf
R 44 56 -1 inf
R 44 57 -1 inf
R 44 58 -1 inf
R 44 59 -1 inf
R 44 60 -1 inf
R 44 61 -1 inf
R 44 62 -1 inf
R 44 63 -1 inf
R 44 64 -1 inf
R 44 65 -1 inf
R 44 66 -1 inf
R 44 67 -1 inf
R 44 68 -1 inf
R 44 69 -1 inf
R 44 70 -1 inf
R 44 71 -1 inf
R 44 72 -1 inf
R 44 73 -1 inf
R 44 74 -1 inf
R 44 75 -1 inf
R 44 76 -1 inf
R 44 77 -1 inf
R 44 78 -1 inf
R 44 79 -1 inf
R 44 80 -1 inf
R 44 81 -1 inf
R 44 82 -1 inf
R 44 83 -1 inf
R 44 84 -1 inf
R 44 85 -1 inf
R 44 86 -1 inf
R 44 87 -1 inf
R 44 88 -1 inf
R 44 89 -1 inf
R 44 90 -1 inf
R 44 91 -1 inf
R 44 92 -1 inf
R 44 93 -1 inf
R 44 94 -1 inf
R 44 95 -1 inf
R 44 96 -1 inf
R 44 97 -1 inf
R 44 98 -1 inf
R 44 99 99 0.0079282470144933174
R 45 0 -1 inf
R 45 1 -1 inf
R 45 2 -1 inf
R 45 3 -1 inf
R 45 4 -1 inf
R 45 5 -1 inf
R 45 6 -1 inf
R 45 7 -1 inf
R 45 8 9 0.027335916768148519
R 45 9 9 0.0050404182307732196
R 45 10 -1 inf
R 45 11 -1 inf
R 45 12 -1 inf
R 45 13 -1 inf
R 45 14 -1 inf
R 45 15 -1 inf
R 45 16 -1 inf
R 45 17 9 0.031566320112609736
R 45 18 9 0.013867714052982748
R 45 19 9 0.03177653438352273
R 45 20 -1 inf
R 45 21 -1 inf
R 45 22 -1 inf
R 45 23 -1 inf
R 45 24 -1 inf
R 45 25 9 0.051502391469067946
R 45 26 9 0.034941706578750134
R 45 27 9 0.018020437724371129
R 45 28 9 0.028321097362009683
R 45 29 9 0.049999344572727492
R 45 30 -1 inf
R 45 31 -1 inf
R 45 32 -1 inf
R 45 33 -1 inf
R 45 34 -1 inf
R 45 35 -1 inf
R 45 36 9 0.01174011695610027
R 45 37 9 0.028048387071055812
R 45 38 9 0.042950982447459339
R 45 39 -1 inf
R 45 40 -1 inf
R 45 41 -1 inf
R 45 42 -1 inf
R 45 43 -1 inf
R 45 44 -1 inf
R 45 45 45 0
R 45 46 9 0.022582624242656099
R 45 47 9 0.0416397755805906
R 45 48 -1 inf
R 45 49 -1 inf
R 45 50 -1 inf
R 45 51 -1 inf
R 45 52 -1 inf
R 45 53 -1 inf
R 45 54 -1 inf
R 45 55 9 0.033537129031646101
R 45 56 9 0.036870174185855586
R 45 57 -1 inf
R 45 58 -1 inf
R 45 59 -1 inf
R 45 60 -1 inf
R 45 61 -1 inf
R 45 62 -1 inf
R 45 63 -1 inf
R 45 64 -1 inf
R 45 65 9 0.045935093233160855
R 45 66 -1 inf
R 45 67 -1 inf
R 45 68 -1 inf
R 45 69 -1 inf
R 45 70 -1 inf
R 45 71 -1 inf
R 45 72 -1 inf
R 45 73 -1 inf
R 45 74 -1 inf
R 45 75 -1 inf
R 45 76 -1 inf
R 45 77 -1 inf
R 45 78 -1 inf
R 45 79 9 0.057809966898363527
R 45 80 -1 inf
R 45 81 -1 inf
R 45 82 -1 inf
R 45 83 -1 inf
R 45 84 -1 inf
R 45 85 -1 inf
R 45 86 -1 inf
R 45 87 -1 inf
R 45 88 9 0.043788045808551168
R 45 89 -1 inf
R 45 90 -1 inf
R 45 91 -1 inf
R 45 92 -1 inf
R 45 93 -1 inf
R 45 94 -1 inf
R 45 95 -1 inf
R 45 96 -1 inf
R 45 97 9 0.033918097523723614
R 45 98 -1 inf
R 45 99 -1 inf
R 46 0 -1 inf
R 46 1 -1 inf
R 46 2 -1 inf
R 46 3 -1 inf
R 46 4 -1 inf
R 46 5 -1 inf
R 46 6 -1 inf
R 46 7 -1 inf
R 46 8 18 0.022637790985432546
R 46 9 18 0.017542206011882881
R 46 10 -1 inf
R 46 11 -1 inf
R 46 12 -1 inf
R 46 13 -1 inf
R 46 14 -1 inf
R 46 15 -1 inf
R 46 16 -1 inf
R 46 17 18 0.026868194329893763
R 46 18 18 0.0087149101896733527
R 46 19 19 0.0091939101408666304
R 46 20 -1 inf
R 46 21 -1 inf
R 46 22 -1 inf
R 46 23 -1 inf
R 46 24 -1 inf
R 46 25 18 0.046804265686351973
R 46 26 18 0.030243580796034158
R 46 27 18 0.013322311941655158
R 46 28 28 0.0057384731193535817
R 46 29 28 0.027416720330071392
R 46 30 -1 inf
R 46 31 -1 inf
R 46 32 -1 inf
R 46 33 -1 inf
R 46 34 -1 inf
R 46 35 -1 inf
R 46 36 18 0.015050835696347933
R 46 37 37 0.0054657628283997124
R 46 38 28 0.020368358204803243
R 46 39 -1 inf
R 46 40 -1 inf
R 46 41 -1 inf
R 46 42 -1 inf
R 46 43 -1 inf
R 46 44 -1 inf
R 46 45 18 0.022582624242656099
R 46 46 46 0
R 46 47 28 0.019057151337934501
R 46 48 -1 inf
R 46 49 -1 inf
R 46 50 -1 inf
R 46 51 -1 inf
R 46 52 -1 inf
R 46 53 -1 inf
R 46 54 -1 inf
R 46 55 19 0.010954504788990004
R 46 56 28 0.014287549943199489
R 46 57 -1 inf
R 46 58 -1 inf
R 46 59 -1 inf
R 46 60 -1 inf
R 46 61 -1 inf
R 46 62 -1 inf
R 46 63 -1 inf
R 46 64 -1 inf
R 46 65 28 0.023352468990504756
R 46 66 -1 inf
R 46 67 -1 inf
R 46 68 -1 inf
R 46 69 -1 inf
R 46 70 -1 inf
R 46 71 -1 inf
R 46 72 -1 inf
R 46 73 -1 inf
R 46 74 -1 inf
R 46 75 -1 inf
R 46 76 -1 inf
R 46 77 -1 inf
R 46 78 -1 inf
R 46 79 18 0.053111841115647554
R 46 80 -1 inf
R 46 81 -1 inf
R 46 82 -1 inf
R 46 83 -1 inf
R 46 84 -1 inf
R 46 85 -1 inf
R 46 86 -1 inf
R 46 87 -1 inf
R 46 88 18 0.039089920025835195
R 46 89 -1 inf
R 46 90 -1 inf
R 46 91 -1 inf
R 46 92 -1 inf
R 46 93 -1 inf
R 46 94 -1 inf
R 46 95 -1 inf
R 46 96 -1 inf
R 46 97 18 0.029219971741007641
R 46 98 -1 inf
R 46 99 -1 inf
R 47 0 -1 inf
R 47 1 -1 inf
R 47 2 -1 inf
R 47 3 -1 inf
R 47 4 -1 inf
R 47 5 -1 inf
R 47 6 -1 inf
R 47 7 -1 inf
R 47 8 56 0.041694942323367054
R 47 9 56 0.036599357349817382
R 47 10 -1 inf
R 47 11 -1 inf
R 47 12 -1 inf
R 47 13 -1 inf
R 47 14 -1 inf
R 47 15 -1 inf
R 47 16 -1 inf
R 47 17 56 0.045925345667828271
R 47 18 56 0.027772061527607854
R 47 19 56 0.028251061478801132
R 47 20 -1 inf
R 47 21 -1 inf
R 47 22 -1 inf
R 47 23 -1 inf
R 47 24 -1 inf
R 47 25 56 0.065861417024286481
R 47 26 56 0.049300732133968669
R 47 27 56 0.032379463279589661
R 47 28 56 0.013318678218580921
R 47 29 38 0.017478788362265296
R 47 30 -1 inf
R 47 31 -1 inf
R 47 32 -1 inf
R 47 33 -1 inf
R 47 34 -1 inf
R 47 35 -1 inf
R 47 36 56 0.03410798703428243
R 47 37 56 0.018569180600506316
R 47 38 38 0.0060391405841877408
R 47 39 -1 inf
R 47 40 -1 inf
R 47 41 -1 inf
R 47 42 -1 inf
R 47 43 -1 inf
R 47 44 -1 inf
R 47 45 56 0.0416397755805906
R 47 46 56 0.019057151337934501
R 47 47 47 0
R 47 48 -1 inf
R 47 49 -1 inf
R 47 50 -1 inf
R 47 51 -1 inf
R 47 52 -1 inf
R 47 53 -1 inf
R 47 54 -1 inf
R 47 55 56 0.030011656126924503
R 47 56 56 0.0047696013947350138
R 47 57 -1 inf
R 47 58 -1 inf
R 47 59 -1 inf
R 47 60 -1 inf
R 47 61 -1 inf
R 47 62 -1 inf
R 47 63 -1 inf
R 47 64 -1 inf
R 47 65 38 0.013414537022698656
R 47 66 -1 inf
R 47 67 -1 inf
R 47 68 -1 inf
R 47 69 -1 inf
R 47 70 -1 inf
R 47 71 -1 inf
R 47 72 -1 inf
R 47 73 -1 inf
R 47 74 -1 inf
R 47 75 -1 inf
R 47 76 -1 inf
R 47 77 -1 inf
R 47 78 -1 inf
R 47 79 56 0.072168992453582062
R 47 80 -1 inf
R 47 81 -1 inf
R 47 82 -1 inf
R 47 83 -1 inf
R 47 84 -1 inf
R 47 85 -1 inf
R 47 86 -1 inf
R 47 87 -1 inf
R 47 88 56 0.058147071363769703
R 47 89 -1 inf
R 47 90 -1 inf
R 47 91 -1 inf
R 47 92 -1 inf
R 47 93 -1 inf
R 47 94 -1 inf
R 47 95 -1 inf
R 47 96 -1 inf
R 47 97 56 0.04827712307894215
R 47 98 -1 inf
R 47 99 -1 inf
R 48 0 -1 inf
R 48 1 -1 inf
R 48 2 -1 inf
R 48 3 -1 inf
R 48 4 -1 inf
R 48 5 -1 inf
R 48 6 57 0.043042325526966074
R 48 7 -1 inf
R 48 8 -1 inf
R 48 9 -1 inf
R 48 10 -1 inf
R 48 11 -1 inf
R 48 12 -1 inf
R 48 13 -1 inf
R 48 14 -1 inf
R 48 15 -1 inf
R 48 16 -1 inf
R 48 17 -1 inf
R 48 18 -1 inf
R 48 19 -1 inf
R 48 20 -1 inf
R 48 21 -1 inf
R 48 22 -1 inf
R 48 23 -1 inf
R 48 24 -1 inf
R 48 25 -1 inf
R 48 26 -1 inf
R 48 27 -1 inf
R 48 28 -1 inf
R 48 29 -1 inf
R 48 30 -1 inf
R 48 31 -1 inf
R 48 32 -1 inf
R 48 33 -1 inf
R 48 34 -1 inf
R 48 35 -1 inf
R 48 36 -1 inf
R 48 37 -1 inf
R 48 38 -1 inf
R 48 39 75 0.012758757631314788
R 48 40 -1 inf
R 48 41 -1 inf
R 48 42 -1 inf
R 48 43 -1 inf
R 48 44 -1 inf
R 48 45 -1 inf
R 48 46 -1 inf
R 48 47 -1 inf
R 48 48 48 0
R 48 49 -1 inf
R 48 50 -1 inf
R 48 51 -1 inf
R 48 52 -1 inf
R 48 53 -1 inf
R 48 54 -1 inf
R 48 55 -1 inf
R 48 56 -1 inf
R 48 57 57 0.006890552599842603
R 48 58 57 0.024673634934412249
R 48 59 -1 inf
R 48 60 -1 inf
R 48 61 -1 inf
R 48 62 -1 inf
R 48 63 -1 inf
R 48 64 -1 inf
R 48 65 -1 inf
R 48 66 66 0.0071981950910254781
R 48 67 57 0.020132890716643363
R 48 68 57 0.041903033296364182
R 48 69 -1 inf
R 48 70 -1 inf
R 48 71 -1 inf
R 48 72 -1 inf
R 48 73 -1 inf
R 48 74 -1 inf
R 48 75 75 0.0052472343609762844
R 48 76 57 0.015943496517116858
R 48 77 57 0.033778359667239556
R 48 78 -1 inf
R 48 79 -1 inf
R 48 80 -1 inf
R 48 81 -1 inf
R 48 82 -1 inf
R 48 83 -1 inf
R 48 84 75 0.021222153111965236
R 48 85 57 0.023329823320637245
R 48 86 57 0.029310555650906862
R 48 87 -1 inf
R 48 88 -1 inf
R 48 89 -1 inf
R 48 90 -1 inf
R 48 91 -1 inf
R 48 92 -1 inf
R 48 93 -1 inf
R 48 94 -1 inf
R 48 95 57 0.035832244270871907
R 48 96 -1 inf
R 48 97 -1 inf
R 48 98 -1 inf
R 48 99 -1 inf
R 49 0 -1 inf
R 49 1 -1 inf
R 49 2 -1 inf
R 49 3 -1 inf
R 49 4 -1 inf
R 49 5 -1 inf
R 49 6 -1 inf
R 49 7 -1 inf
R 49 8 -1 inf
R 49 9 -1 inf
R 49 10 -1 inf
R 49 11 -1 inf
R 49 12 -1 inf
R 49 13 -1 inf
R 49 14 -1 inf
R 49 15 -1 inf
R 49 16 -1 inf
R 49 17 -1 inf
R 49 18 -1 inf
R 49 19 -1 inf
R 49 20 -1 inf
R 49 21 -1 inf
R 49 22 -1 inf
R 49 23 -1 inf
R 49 24 -1 inf
R 49 25 -1 inf
R 49 26 -1 inf
R 49 27 -1 inf
R 49 28 -1 inf
R 49 29 -1 inf
R 49 30 -1 inf
R 49 31 -1 inf
R 49 32 -1 inf
R 49 33 -1 inf
R 49 34 -1 inf
R 49 35 -1 inf
R 49 36 -1 inf
R 49 37 -1 inf
R 49 38 -1 inf
R 49 39 -1 inf
R 49 40 -1 inf
R 49 41 -1 inf
R 49 42 -1 inf
R 49 43 -1 inf
R 49 44 -1 inf
R 49 45 -1 inf
R 49 46 -1 inf
R 49 47 -1 inf
R 49 48 -1 inf
R 49 49 49 0
R 49 50 -1 inf
R 49 51 -1 inf
R 49 52 -1 inf
R 49 53 -1 inf
R 49 54 -1 inf
R 49 55 -1 inf
R 49 56 -1 inf
R 49 57 -1 inf
R 49 58 -1 inf
R 49 59 -1 inf
R 49 60 -1 inf
R 49 61 -1 inf
R 49 62 -1 inf
R 49 63 -1 inf
R 49 64 -1 inf
R 49 65 -1 inf
R 49 66 -1 inf
R 49 67 -1 inf
R 49 68 -1 inf
R 49 69 -1 inf
R 49 70 -1 inf
R 49 71 -1 inf
R 49 72 -1 inf
R 49 73 -1 inf
R 49 74 -1 inf
R 49 75 -1 inf
R 49 76 -1 inf
R 49 77 -1 inf
R 49 78 -1 inf
R 49 79 -1 inf
R 49 80 -1 inf
R 49 81 -1 inf
R 49 82 -1 inf
R 49 83 -1 inf
R 49 84 -1 inf
R 49 85 -1 inf
R 49 86 -1 inf
R 49 87 -1 inf
R 49 88 -1 inf
R 49 89 -1 inf
R 49 90 -1 inf
R 49 91 -1 inf
R 49 92 -1 inf
R 49 93 -1 inf
R 49 94 94 0.0079281726901806113
R 49 95 -1 inf
R 49 96 -1 inf
R 49 97 -1 inf
R 49 98 -1 inf
R 49 99 -1 inf
R 50 0 -1 inf
R 50 1 -1 inf
R 50 2 -1 inf
R 50 3 14 0.033596917494569806
R 50 4 14 0.028508157075311839
R 50 5 -1 inf
R 50 6 -1 inf
R 50 7 -1 inf
R 50 8 -1 inf
R 50 9 -1 inf
R 50 10 -1 inf
R 50 11 -1 inf
R 50 12 14 0.03782763256334179
R 50 13 14 0.019671373212973436
R 50 14 14 0.0017605840259878863
R 50 15 -1 inf
R 50 16 -1 inf
R 50 17 -1 inf
R 50 18 -1 inf
R 50 19 -1 inf
R 50 20 14 0.057762151129467018
R 50 21 14 0.041200282744477845
R 50 22 14 0.024279815894265769
R 50 23 14 0.016695698470278783
R 50 24 14 0.038364581275719553
R 50 25 -1 inf
R 50 26 -1 inf
R 50 27 -1 inf
R 50 28 -1 inf
R 50 29 -1 inf
R 50 30 -1 inf
R 50 31 14 0.02600624890290823
R 50 32 14 0.01642073595689883
R 50 33 14 0.031326816367230767
R 50 34 -1 inf
R 50 35 -1 inf
R 50 36 -1 inf
R 50 37 -1 inf
R 50 38 -1 inf
R 50 39 -1 inf
R 50 40 14 0.033548122582158856
R 50 41 14 0.010957341239510648
R 50 42 14 0.030013566331774572
R 50 43 -1 inf
R 50 44 -1 inf
R 50 45 -1 inf
R 50 46 -1 inf
R 50 47 -1 inf
R 50 48 -1 inf
R 50 49 -1 inf
R 50 50 50 0
R 50 51 14 0.025245255608565505
R 50 52 -1 inf
R 50 53 -1 inf
R 50 54 -1 inf
R 50 55 -1 inf
R 50 56 -1 inf
R 50 57 -1 inf
R 50 58 -1 inf
R 50 59 -1 inf
R 50 60 14 0.034300071473101254
R 50 61 -1 inf
R 50 62 -1 inf
R 50 63 -1 inf
R 50 64 -1 inf
R 50 65 -1 inf
R 50 66 -1 inf
R 50 67 -1 inf
R 50 68 -1 inf
R 50 69 -1 inf
R 50 70 -1 inf
R 50 71 -1 inf
R 50 72 -1 inf
R 50 73 -1 inf
R 50 74 14 0.064069818734685618
R 50 75 -1 inf
R 50 76 -1 inf
R 50 77 -1 inf
R 50 78 -1 inf
R 50 79 -1 inf
R 50 80 -1 inf
R 50 81 -1 inf
R 50 82 -1 inf
R 50 83 14 0.050048359579013865
R 50 84 -1 inf
R 50 85 -1 inf
R 50 86 -1 inf
R 50 87 -1 inf
R 50 88 -1 inf
R 50 89 -1 inf
R 50 90 -1 inf
R 50 91 -1 inf
R 50 92 14 0.040183911706635413
R 50 93 -1 inf
R 50 94 -1 inf
R 50 95 -1 inf
R 50 96 -1 inf
R 50 97 -1 inf
R 50 98 -1 inf
R 50 99 -1 inf
R 51 0 -1 inf
R 51 1 -1 inf
R 51 2 -1 inf
R 51 3 23 0.036927490624114018
R 51 4 23 0.031838730204856044
R 51 5 -1 inf
R 51 6 -1 inf
R 51 7 -1 inf
R 51 8 -1 inf
R 51 9 -1 inf
R 51 10 -1 inf
R 51 11 -1 inf
R 51 12 23 0.041158205692886002
R 51 13 23 0.023001946342517642
R 51 14 23 0.023484671582577617
R 51 15 -1 inf
R 51 16 -1 inf
R 51 17 -1 inf
R 51 18 -1 inf
R 51 19 -1 inf
R 51 20 23 0.06109272425901123
R 51 21 23 0.044530855874022057
R 51 22 23 0.027610389023809974
R 51 23 23 0.0085495571382867199
R 51 24 60 0.013119325667154055
R 51 25 -1 inf
R 51 26 -1 inf
R 51 27 -1 inf
R 51 28 -1 inf
R 51 29 -1 inf
R 51 30 -1 inf
R 51 31 23 0.029336822032452435
R 51 32 23 0.013802090248484182
R 51 33 33 0.0060815607586652614
R 51 34 -1 inf
R 51 35 -1 inf
R 51 36 -1 inf
R 51 37 -1 inf
R 51 38 -1 inf
R 51 39 -1 inf
R 51 40 23 0.036878695711703061
R 51 41 23 0.014287914369054855
R 51 42 42 0.0047683107232090651
R 51 43 -1 inf
R 51 44 -1 inf
R 51 45 -1 inf
R 51 46 -1 inf
R 51 47 -1 inf
R 51 48 -1 inf
R 51 49 -1 inf
R 51 50 23 0.025245255608565505
R 51 51 51 0
R 51 52 -1 inf
R 51 53 -1 inf
R 51 54 -1 inf
R 51 55 -1 inf
R 51 56 -1 inf
R 51 57 -1 inf
R 51 58 -1 inf
R 51 59 -1 inf
R 51 60 60 0.0090548158645357528
R 51 61 -1 inf
R 51 62 -1 inf
R 51 63 -1 inf
R 51 64 -1 inf
R 51 65 -1 inf
R 51 66 -1 inf
R 51 67 -1 inf
R 51 68 -1 inf
R 51 69 -1 inf
R 51 70 -1 inf
R 51 71 -1 inf
R 51 72 -1 inf
R 51 73 -1 inf
R 51 74 23 0.067400391864229831
R 51 75 -1 inf
R 51 76 -1 inf
R 51 77 -1 inf
R 51 78 -1 inf
R 51 79 -1 inf
R 51 80 -1 inf
R 51 81 -1 inf
R 51 82 -1 inf
R 51 83 23 0.053378932708558077
R 51 84 -1 inf
R 51 85 -1 inf
R 51 86 -1 inf
R 51 87 -1 inf
R 51 88 -1 inf
R 51 89 -1 inf
R 51 90 -1 inf
R 51 91 -1 inf
R 51 92 23 0.043514484836179625
R 51 93 -1 inf
R 51 94 -1 inf
R 51 95 -1 inf
R 51 96 -1 inf
R 51 97 -1 inf
R 51 98 -1 inf
R 51 99 -1 inf
R 52 0 -1 inf
R 52 1 71 0.036149843360629735
R 52 2 -1 inf
R 52 3 -1 inf
R 52 4 -1 inf
R 52 5 -1 inf
R 52 6 -1 inf
R 52 7 -1 inf
R 52 8 -1 inf
R 52 9 -1 inf
R 52 10 -1 inf
R 52 11 -1 inf
R 52 12 -1 inf
R 52 13 -1 inf
R 52 14 -1 inf
R 52 15 -1 inf
R 52 16 -1 inf
R 52 17 -1 inf
R 52 18 -1 inf
R 52 19 -1 inf
R 52 20 -1 inf
R 52 21 -1 inf
R 52 22 -1 inf
R 52 23 -1 inf
R 52 24 -1 inf
R 52 25 -1 inf
R 52 26 -1 inf
R 52 27 -1 inf
R 52 28 -1 inf
R 52 29 -1 inf
R 52 30 -1 inf
R 52 31 -1 inf
R 52 32 -1 inf
R 52 33 -1 inf
R 52 34 43 0.019654975925745003
R 52 35 -1 inf
R 52 36 -1 inf
R 52 37 -1 inf
R 52 38 -1 inf
R 52 39 -1 inf
R 52 40 -1 inf
R 52 41 -1 inf
R 52 42 -1 inf
R 52 43 43 0.0068955013170275163
R 52 44 -1 inf
R 52 45 -1 inf
R 52 46 -1 inf
R 52 47 -1 inf
R 52 48 -1 inf
R 52 49 -1 inf
R 52 50 -1 inf
R 52 51 -1 inf
R 52 52 52 0
R 52 53 71 0.017786402566310887
R 52 54 -1 inf
R 52 55 -1 inf
R 52 56 -1 inf
R 52 57 -1 inf
R 52 58 -1 inf
R 52 59 -1 inf
R 52 60 -1 inf
R 52 61 61 0.0043024687975237435
R 52 62 71 0.013242026010639516
R 52 63 71 0.035009962852890764
R 52 64 -1 inf
R 52 65 -1 inf
R 52 66 -1 inf
R 52 67 -1 inf
R 52 68 -1 inf
R 52 69 -1 inf
R 52 70 43 0.012142269075082403
R 52 71 71 0.0090524983127079732
R 52 72 71 0.026889452410884397
R 52 73 -1 inf
R 52 74 -1 inf
R 52 75 -1 inf
R 52 76 -1 inf
R 52 77 -1 inf
R 52 78 -1 inf
R 52 79 -1 inf
R 52 80 71 0.016432845091487795
R 52 81 71 0.022420835637585915
R 52 82 -1 inf
R 52 83 -1 inf
R 52 84 -1 inf
R 52 85 -1 inf
R 52 86 -1 inf
R 52 87 -1 inf
R 52 88 -1 inf
R 52 89 43 0.028118082470767063
R 52 90 71 0.02893830945384384
R 52 91 -1 inf
R 52 92 -1 inf
R 52 93 -1 inf
R 52 94 -1 inf
R 52 95 -1 inf
R 52 96 -1 inf
R 52 97 -1 inf
R 52 98 -1 inf
R 52 99 -1 inf
R 53 0 -1 inf
R 53 1 62 0.030668293747296276
R 53 2 -1 inf
R 53 3 -1 inf
R 53 4 -1 inf
R 53 5 -1 inf
R 53 6 -1 inf
R 53 7 -1 inf
R 53 8 -1 inf
R 53 9 -1 inf
R 53 10 -1 inf
R 53 11 -1 inf
R 53 12 -1 inf
R 53 13 -1 inf
R 53 14 -1 inf
R 53 15 -1 inf
R 53 16 -1 inf
R 53 17 -1 inf
R 53 18 -1 inf
R 53 19 -1 inf
R 53 20 -1 inf
R 53 21 -1 inf
R 53 22 -1 inf
R 53 23 -1 inf
R 53 24 -1 inf
R 53 25 -1 inf
R 53 26 -1 inf
R 53 27 -1 inf
R 53 28 -1 inf
R 53 29 -1 inf
R 53 30 -1 inf
R 53 31 -1 inf
R 53 32 -1 inf
R 53 33 -1 inf
R 53 34 71 0.037441378492055893
R 53 35 -1 inf
R 53 36 -1 inf
R 53 37 -1 inf
R 53 38 -1 inf
R 53 39 -1 inf
R 53 40 -1 inf
R 53 41 -1 inf
R 53 42 -1 inf
R 53 43 71 0.024681903883338404
R 53 44 -1 inf
R 53 45 -1 inf
R 53 46 -1 inf
R 53 47 -1 inf
R 53 48 -1 inf
R 53 49 -1 inf
R 53 50 -1 inf
R 53 51 -1 inf
R 53 52 71 0.017786402566310887
R 53 53 53 0
R 53 54 -1 inf
R 53 55 -1 inf
R 53 56 -1 inf
R 53 57 -1 inf
R 53 58 -1 inf
R 53 59 -1 inf
R 53 60 -1 inf
R 53 61 71 0.022088871363834632
R 53 62 62 0.0077604763973060584
R 53 63 62 0.029528413239557304
R 53 64 -1 inf
R 53 65 -1 inf
R 53 66 -1 inf
R 53 67 -1 inf
R 53 68 -1 inf
R 53 69 -1 inf
R 53 70 71 0.02992867164139329
R 53 71 71 0.0087339042536029136
R 53 72 62 0.021407902797550941
R 53 73 -1 inf
R 53 74 -1 inf
R 53 75 -1 inf
R 53 76 -1 inf
R 53 77 -1 inf
R 53 78 -1 inf
R 53 79 -1 inf
R 53 80 80 0.0046052299888743441
R 53 81 62 0.016939286024252456
R 53 82 -1 inf
R 53 83 -1 inf
R 53 84 -1 inf
R 53 85 -1 inf
R 53 86 -1 inf
R 53 87 -1 inf
R 53 88 -1 inf
R 53 89 71 0.045904485037077954
R 53 90 62 0.023456759840510381
R 53 91 -1 inf
R 53 92 -1 inf
R 53 93 -1 inf
R 53 94 -1 inf
R 53 95 -1 inf
R 53 96 -1 inf
R 53 97 -1 inf
R 53 98 -1 inf
R 53 99 -1 inf
R 54 0 0 0.0039637224185930858
R 54 1 -1 inf
R 54 2 -1 inf
R 54 3 -1 inf
R 54 4 -1 inf
R 54 5 -1 inf
R 54 6 -1 inf
R 54 7 -1 inf
R 54 8 -1 inf
R 54 9 -1 inf
R 54 10 -1 inf
R 54 11 -1 inf
R 54 12 -1 inf
R 54 13 -1 inf
R 54 14 -1 inf
R 54 15 -1 inf
R 54 16 -1 inf
R 54 17 -1 inf
R 54 18 -1 inf
R 54 19 -1 inf
R 54 20 -1 inf
R 54 21 -1 inf
R 54 22 -1 inf
R 54 23 -1 inf
R 54 24 -1 inf
R 54 25 -1 inf
R 54 26 -1 inf
R 54 27 -1 inf
R 54 28 -1 inf
R 54 29 -1 inf
R 54 30 -1 inf
R 54 31 -1 inf
R 54 32 -1 inf
R 54 33 -1 inf
R 54 34 -1 inf
R 54 35 -1 inf
R 54 36 -1 inf
R 54 37 -1 inf
R 54 38 -1 inf
R 54 39 -1 inf
R 54 40 -1 inf
R 54 41 -1 inf
R 54 42 -1 inf
R 54 43 -1 inf
R 54 44 -1 inf
R 54 45 -1 inf
R 54 46 -1 inf
R 54 47 -1 inf
R 54 48 -1 inf
R 54 49 -1 inf
R 54 50 -1 inf
R 54 51 -1 inf
R 54 52 -1 inf
R 54 53 -1 inf
R 54 54 54 0
R 54 55 -1 inf
R 54 56 -1 inf
R 54 57 -1 inf
R 54 58 -1 inf
R 54 59 -1 inf
R 54 60 -1 inf
R 54 61 -1 inf
R 54 62 -1 inf
R 54 63 -1 inf
R 54 64 -1 inf
R 54 65 -1 inf
R 54 66 -1 inf
R 54 67 -1 inf
R 54 68 -1 inf
R 54 69 -1 inf
R 54 70 -1 inf
R 54 71 -1 inf
R 54 72 -1 inf
R 54 73 -1 inf
R 54 74 -1 inf
R 54 75 -1 inf
R 54 76 -1 inf
R 54 77 -1 inf
R 54 78 -1 inf
R 54 79 -1 inf
R 54 80 -1 inf
R 54 81 -1 inf
R 54 82 -1 inf
R 54 83 -1 inf
R 54 84 -1 inf
R 54 85 -1 inf
R 54 86 -1 inf
R 54 87 -1 inf
R 54 88 -1 inf
R 54 89 -1 inf
R 54 90 -1 inf
R 54 91 -1 inf
R 54 92 -1 inf
R 54 93 -1 inf
R 54 94 -1 inf
R 54 95 -1 inf
R 54 96 -1 inf
R 54 97 -1 inf
R 54 98 -1 inf
R 54 99 -1 inf
R 55 0 -1 inf
R 55 1 -1 inf
R 55 2 -1 inf
R 55 3 -1 inf
R 55 4 -1 inf
R 55 5 -1 inf
R 55 6 -1 inf
R 55 7 -1 inf
R 55 8 19 0.033592295774422548
R 55 9 19 0.028496710800872883
R 55 10 -1 inf
R 55 11 -1 inf
R 55 12 -1 inf
R 55 13 -1 inf
R 55 14 -1 inf
R 55 15 -1 inf
R 55 16 -1 inf
R 55 17 19 0.037822699118883765
R 55 18 19 0.019669414978663355
R 55 19 19 0.0017605946481233732
R 55 20 -1 inf
R 55 21 -1 inf
R 55 22 -1 inf
R 55 23 -1 inf
R 55 24 -1 inf
R 55 25 19 0.057758770475341975
R 55 26 19 0.041198085585024163
R 55 27 19 0.024276816730645162
R 55 28 19 0.016692977908343586
R 55 29 19 0.038371225119061401
R 55 30 -1 inf
R 55 31 -1 inf
R 55 32 -1 inf
R 55 33 -1 inf
R 55 34 -1 inf
R 55 35 -1 inf
R 55 36 19 0.026005340485337935
R 55 37 19 0.016420267617389718
R 55 38 19 0.031322862993793249
R 55 39 -1 inf
R 55 40 -1 inf
R 55 41 -1 inf
R 55 42 -1 inf
R 55 43 -1 inf
R 55 44 -1 inf
R 55 45 19 0.033537129031646101
R 55 46 19 0.010954504788990004
R 55 47 19 0.030011656126924507
R 55 48 -1 inf
R 55 49 -1 inf
R 55 50 -1 inf
R 55 51 -1 inf
R 55 52 -1 inf
R 55 53 -1 inf
R 55 54 -1 inf
R 55 55 55 0
R 55 56 19 0.025242054732189493
R 55 57 -1 inf
R 55 58 -1 inf
R 55 59 -1 inf
R 55 60 -1 inf
R 55 61 -1 inf
R 55 62 -1 inf
R 55 63 -1 inf
R 55 64 -1 inf
R 55 65 19 0.034306973779494765
R 55 66 -1 inf
R 55 67 -1 inf
R 55 68 -1 inf
R 55 69 -1 inf
R 55 70 -1 inf
R 55 71 -1 inf
R 55 72 -1 inf
R 55 73 -1 inf
R 55 74 -1 inf
R 55 75 -1 inf
R 55 76 -1 inf
R 55 77 -1 inf
R 55 78 -1 inf
R 55 79 19 0.064066345904637556
R 55 80 -1 inf
R 55 81 -1 inf
R 55 82 -1 inf
R 55 83 -1 inf
R 55 84 -1 inf
R 55 85 -1 inf
R 55 86 -1 inf
R 55 87 -1 inf
R 55 88 19 0.050044424814825197
R 55 89 -1 inf
R 55 90 -1 inf
R 55 91 -1 inf
R 55 92 -1 inf
R 55 93 -1 inf
R 55 94 -1 inf
R 55 95 -1 inf
R 55 96 -1 inf
R 55 97 19 0.040174476529997644
R 55 98 -1 inf
R 55 99 -1 inf
R 56 0 -1 inf
R 56 1 -1 inf
R 56 2 -1 inf
R 56 3 -1 inf
R 56 4 -1 inf
R 56 5 -1 inf
R 56 6 -1 inf
R 56 7 -1 inf
R 56 8 28 0.036925340928632033
R 56 9 28 0.031829755955082369
R 56 10 -1 inf
R 56 11 -1 inf
R 56 12 -1 inf
R 56 13 -1 inf
R 56 14 -1 inf
R 56 15 -1 inf
R 56 16 -1 inf
R 56 17 28 0.04115574427309325
R 56 18 28 0.02300246013287284
R 56 19 28 0.023481460084066118
R 56 20 -1 inf
R 56 21 -1 inf
R 56 22 -1 inf
R 56 23 -1 inf
R 56 24 -1 inf
R 56 25 28 0.06109181562955146
R 56 26 28 0.044531130739233649
R 56 27 28 0.027609861884854647
R 56 28 28 0.0085490768238459074
R 56 29 65 0.013129170386871907
R 56 30 -1 inf
R 56 31 -1 inf
R 56 32 -1 inf
R 56 33 -1 inf
R 56 34 -1 inf
R 56 35 -1 inf
R 56 36 28 0.02933838563954742
R 56 37 28 0.0137995792057713
R 56 38 38 0.0060808082616037552
R 56 39 -1 inf
R 56 40 -1 inf
R 56 41 -1 inf
R 56 42 -1 inf
R 56 43 -1 inf
R 56 44 -1 inf
R 56 45 28 0.036870174185855586
R 56 46 28 0.014287549943199489
R 56 47 47 0.0047696013947350138
R 56 48 -1 inf
R 56 49 -1 inf
R 56 50 -1 inf
R 56 51 -1 inf
R 56 52 -1 inf
R 56 53 -1 inf
R 56 54 -1 inf
R 56 55 28 0.025242054732189489
R 56 56 56 0
R 56 57 -1 inf
R 56 58 -1 inf
R 56 59 -1 inf
R 56 60 -1 inf
R 56 61 -1 inf
R 56 62 -1 inf
R 56 63 -1 inf
R 56 64 -1 inf
R 56 65 65 0.0090649190473052685
R 56 66 -1 inf
R 56 67 -1 inf
R 56 68 -1 inf
R 56 69 -1 inf
R 56 70 -1 inf
R 56 71 -1 inf
R 56 72 -1 inf
R 56 73 -1 inf
R 56 74 -1 inf
R 56 75 -1 inf
R 56 76 -1 inf
R 56 77 -1 inf
R 56 78 -1 inf
R 56 79 28 0.067399391058847041
R 56 80 -1 inf
R 56 81 -1 inf
R 56 82 -1 inf
R 56 83 -1 inf
R 56 84 -1 inf
R 56 85 -1 inf
R 56 86 -1 inf
R 56 87 -1 inf
R 56 88 28 0.053377469969034683
R 56 89 -1 inf
R 56 90 -1 inf
R 56 91 -1 inf
R 56 92 -1 inf
R 56 93 -1 inf
R 56 94 -1 inf
R 56 95 -1 inf
R 56 96 -1 inf
R 56 97 28 0.043507521684207129
R 56 98 -1 inf
R 56 99 -1 inf
R 57 0 -1 inf
R 57 1 -1 inf
R 57 2 -1 inf
R 57 3 -1 inf
R 57 4 -1 inf
R 57 5 -1 inf
R 57 6 76 0.036151772927123474
R 57 7 -1 inf
R 57 8 -1 inf
R 57 9 -1 inf
R 57 10 -1 inf
R 57 11 -1 inf
R 57 12 -1 inf
R 57 13 -1 inf
R 57 14 -1 inf
R 57 15 -1 inf
R 57 16 -1 inf
R 57 17 -1 inf
R 57 18 -1 inf
R 57 19 -1 inf
R 57 20 -1 inf
R 57 21 -1 inf
R 57 22 -1 inf
R 57 23 -1 inf
R 57 24 -1 inf
R 57 25 -1 inf
R 57 26 -1 inf
R 57 27 -1 inf
R 57 28 -1 inf
R 57 29 -1 inf
R 57 30 -1 inf
R 57 31 -1 inf
R 57 32 -1 inf
R 57 33 -1 inf
R 57 34 -1 inf
R 57 35 -1 inf
R 57 36 -1 inf
R 57 37 -1 inf
R 57 38 -1 inf
R 57 39 48 0.019649310231157392
R 57 40 -1 inf
R 57 41 -1 inf
R 57 42 -1 inf
R 57 43 -1 inf
R 57 44 -1 inf
R 57 45 -1 inf
R 57 46 -1 inf
R 57 47 -1 inf
R 57 48 48 0.006890552599842603
R 57 49 -1 inf
R 57 50 -1 inf
R 57 51 -1 inf
R 57 52 -1 inf
R 57 53 -1 inf
R 57 54 -1 inf
R 57 55 -1 inf
R 57 56 -1 inf
R 57 57 57 0
R 57 58 76 0.017783082334569645
R 57 59 -1 inf
R 57 60 -1 inf
R 57 61 -1 inf
R 57 62 -1 inf
R 57 63 -1 inf
R 57 64 -1 inf
R 57 65 -1 inf
R 57 66 66 0.0043029676770021709
R 57 67 76 0.013242338116800758
R 57 68 76 0.035012480696521582
R 57 69 -1 inf
R 57 70 -1 inf
R 57 71 -1 inf
R 57 72 -1 inf
R 57 73 -1 inf
R 57 74 -1 inf
R 57 75 48 0.012137786960818887
R 57 76 76 0.0090529439172742539
R 57 77 76 0.026887807067396952
R 57 78 -1 inf
R 57 79 -1 inf
R 57 80 -1 inf
R 57 81 -1 inf
R 57 82 -1 inf
R 57 83 -1 inf
R 57 84 48 0.02811270571180784
R 57 85 76 0.016439270720794642
R 57 86 76 0.022420003051064258
R 57 87 -1 inf
R 57 88 -1 inf
R 57 89 -1 inf
R 57 90 -1 inf
R 57 91 -1 inf
R 57 92 -1 inf
R 57 93 -1 inf
R 57 94 -1 inf
R 57 95 76 0.028941691671029307
R 57 96 -1 inf
R 57 97 -1 inf
R 57 98 -1 inf
R 57 99 -1 inf
R 58 0 -1 inf
R 58 1 -1 inf
R 58 2 -1 inf
R 58 3 -1 inf
R 58 4 -1 inf
R 58 5 -1 inf
R 58 6 67 0.03066309254806962
R 58 7 -1 inf
R 58 8 -1 inf
R 58 9 -1 inf
R 58 10 -1 inf
R 58 11 -1 inf
R 58 12 -1 inf
R 58 13 -1 inf
R 58 14 -1 inf
R 58 15 -1 inf
R 58 16 -1 inf
R 58 17 -1 inf
R 58 18 -1 inf
R 58 19 -1 inf
R 58 20 -1 inf
R 58 21 -1 inf
R 58 22 -1 inf
R 58 23 -1 inf
R 58 24 -1 inf
R 58 25 -1 inf
R 58 26 -1 inf
R 58 27 -1 inf
R 58 28 -1 inf
R 58 29 -1 inf
R 58 30 -1 inf
R 58 31 -1 inf
R 58 32 -1 inf
R 58 33 -1 inf
R 58 34 -1 inf
R 58 35 -1 inf
R 58 36 -1 inf
R 58 37 -1 inf
R 58 38 -1 inf
R 58 39 76 0.037432392565727036
R 58 40 -1 inf
R 58 41 -1 inf
R 58 42 -1 inf
R 58 43 -1 inf
R 58 44 -1 inf
R 58 45 -1 inf
R 58 46 -1 inf
R 58 47 -1 inf
R 58 48 76 0.024673634934412249
R 58 49 -1 inf
R 58 50 -1 inf
R 58 51 -1 inf
R 58 52 -1 inf
R 58 53 -1 inf
R 58 54 -1 inf
R 58 55 -1 inf
R 58 56 -1 inf
R 58 57 76 0.017783082334569645
R 58 58 58 0
R 58 59 -1 inf
R 58 60 -1 inf
R 58 61 -1 inf
R 58 62 -1 inf
R 58 63 -1 inf
R 58 64 -1 inf
R 58 65 -1 inf
R 58 66 76 0.022086050011571816
R 58 67 67 0.007753657737746905
R 58 68 67 0.029523800317467732
R 58 69 -1 inf
R 58 70 -1 inf
R 58 71 -1 inf
R 58 72 -1 inf
R 58 73 -1 inf
R 58 74 -1 inf
R 58 75 76 0.029920869295388532
R 58 76 76 0.0087301384172953911
R 58 77 67 0.021399126688343099
R 58 78 -1 inf
R 58 79 -1 inf
R 58 80 -1 inf
R 58 81 -1 inf
R 58 82 -1 inf
R 58 83 -1 inf
R 58 84 76 0.045895788046377485
R 58 85 85 0.0046051202309397073
R 58 86 67 0.016931322672010404
R 58 87 -1 inf
R 58 88 -1 inf
R 58 89 -1 inf
R 58 90 -1 inf
R 58 91 -1 inf
R 58 92 -1 inf
R 58 93 -1 inf
R 58 94 -1 inf
R 58 95 67 0.023453011291975454
R 58 96 -1 inf
R 58 97 -1 inf
R 58 98 -1 inf
R 58 99 -1 inf
R 59 0 -1 inf
R 59 1 -1 inf
R 59 2 -1 inf
R 59 3 -1 inf
R 59 4 -1 inf
R 59 5 5 0.003963746790934467
R 59 6 -1 inf
R 59 7 -1 inf
R 59 8 -1 inf
R 59 9 -1 inf
R 59 10 -1 inf
R 59 11 -1 inf
R 59 12 -1 inf
R 59 13 -1 inf
R 59 14 -1 inf
R 59 15 -1 inf
R 59 16 -1 inf
R 59 17 -1 inf
R 59 18 -1 inf
R 59 19 -1 inf
R 59 20 -1 inf
R 59 21 -1 inf
R 59 22 -1 inf
R 59 23 -1 inf
R 59 24 -1 inf
R 59 25 -1 inf
R 59 26 -1 inf
R 59 27 -1 inf
R 59 28 -1 inf
R 59 29 -1 inf
R 59 30 -1 inf
R 59 31 -1 inf
R 59 32 -1 inf
R 59 33 -1 inf
R 59 34 -1 inf
R 59 35 -1 inf
R 59 36 -1 inf
R 59 37 -1 inf
R 59 38 -1 inf
R 59 39 -1 inf
R 59 40 -1 inf
R 59 41 -1 inf
R 59 42 -1 inf
R 59 43 -1 inf
R 59 44 -1 inf
R 59 45 -1 inf
R 59 46 -1 inf
R 59 47 -1 inf
R 59 48 -1 inf
R 59 49 -1 inf
R 59 50 -1 inf
R 59 51 -1 inf
R 59 52 -1 inf
R 59 53 -1 inf
R 59 54 -1 inf
R 59 55 -1 inf
R 59 56 -1 inf
R 59 57 -1 inf
R 59 58 -1 inf
R 59 59 59 0
R 59 60 -1 inf
R 59 61 -1 inf
R 59 62 -1 inf
R 59 63 -1 inf
R 59 64 -1 inf
R 59 65 -1 inf
R 59 66 -1 inf
R 59 67 -1 inf
R 59 68 -1 inf
R 59 69 -1 inf
R 59 70 -1 inf
R 59 71 -1 inf
R 59 72 -1 inf
R 59 73 -1 inf
R 59 74 -1 inf
R 59 75 -1 inf
R 59 76 -1 inf
R 59 77 -1 inf
R 59 78 -1 inf
R 59 79 -1 inf
R 59 80 -1 inf
R 59 81 -1 inf
R 59 82 -1 inf
R 59 83 -1 inf
R 59 84 -1 inf
R 59 85 -1 inf
R 59 86 -1 inf
R 59 87 -1 inf
R 59 88 -1 inf
R 59 89 -1 inf
R 59 90 -1 inf
R 59 91 -1 inf
R 59 92 -1 inf
R 59 93 -1 inf
R 59 94 -1 inf
R 59 95 -1 inf
R 59 96 -1 inf
R 59 97 -1 inf
R 59 98 -1 inf
R 59 99 -1 inf
R 60 0 -1 inf
R 60 1 -1 inf
R 60 2 -1 inf
R 60 3 51 0.04598230648864976
R 60 4 51 0.040893546069391794
R 60 5 -1 inf
R 60 6 -1 inf
R 60 7 -1 inf
R 60 8 -1 inf
R 60 9 -1 inf
R 60 10 -1 inf
R 60 11 -1 inf
R 60 12 51 0.050213021557421744
R 60 13 51 0.032056762207053391
R 60 14 51 0.032539487447113366
R 60 15 -1 inf
R 60 16 -1 inf
R 60 17 -1 inf
R 60 18 -1 inf
R 60 19 -1 inf
R 60 20 51 0.070147540123546973
R 60 21 51 0.0535856717385578
R 60 22 51 0.036665204888345723
R 60 23 51 0.017604373002822471
R 60 24 24 0.0040645098026183026
R 60 25 -1 inf
R 60 26 -1 inf
R 60 27 -1 inf
R 60 28 -1 inf
R 60 29 -1 inf
R 60 30 -1 inf
R 60 31 51 0.038391637896988184
R 60 32 51 0.022856906113019933
R 60 33 33 0.0073738087128110905
R 60 34 -1 inf
R 60 35 -1 inf
R 60 36 -1 inf
R 60 37 -1 inf
R 60 38 -1 inf
R 60 39 -1 inf
R 60 40 51 0.04593351157623881
R 60 41 51 0.023342730233590604
R 60 42 33 0.013416286364901393
R 60 43 -1 inf
R 60 44 -1 inf
R 60 45 -1 inf
R 60 46 -1 inf
R 60 47 -1 inf
R 60 48 -1 inf
R 60 49 -1 inf
R 60 50 51 0.034300071473101254
R 60 51 51 0.0090548158645357528
R 60 52 -1 inf
R 60 53 -1 inf
R 60 54 -1 inf
R 60 55 -1 inf
R 60 56 -1 inf
R 60 57 -1 inf
R 60 58 -1 inf
R 60 59 -1 inf
R 60 60 60 0
R 60 61 -1 inf
R 60 62 -1 inf
R 60 63 -1 inf
R 60 64 -1 inf
R 60 65 -1 inf
R 60 66 -1 inf
R 60 67 -1 inf
R 60 68 -1 inf
R 60 69 -1 inf
R 60 70 -1 inf
R 60 71 -1 inf
R 60 72 -1 inf
R 60 73 -1 inf
R 60 74 51 0.076455207728765573
R 60 75 -1 inf
R 60 76 -1 inf
R 60 77 -1 inf
R 60 78 -1 inf
R 60 79 -1 inf
R 60 80 -1 inf
R 60 81 -1 inf
R 60 82 -1 inf
R 60 83 51 0.06243374857309382
R 60 84 -1 inf
R 60 85 -1 inf
R 60 86 -1 inf
R 60 87 -1 inf
R 60 88 -1 inf
R 60 89 -1 inf
R 60 90 -1 inf
R 60 91 -1 inf
R 60 92 51 0.052569300700715367
R 60 93 -1 inf
R 60 94 -1 inf
R 60 95 -1 inf
R 60 96 -1 inf
R 60 97 -1 inf
R 60 98 -1 inf
R 60 99 -1 inf
R 61 0 -1 inf
R 61 1 52 0.040452312158153481
R 61 2 -1 inf
R 61 3 -1 inf
R 61 4 -1 inf
R 61 5 -1 inf
R 61 6 -1 inf
R 61 7 -1 inf
R 61 8 -1 inf
R 61 9 -1 inf
R 61 10 -1 inf
R 61 11 -1 inf
R 61 12 -1 inf
R 61 13 -1 inf
R 61 14 -1 inf
R 61 15 -1 inf
R 61 16 -1 inf
R 61 17 -1 inf
R 61 18 -1 inf
R 61 19 -1 inf
R 61 20 -1 inf
R 61 21 -1 inf
R 61 22 -1 inf
R 61 23 -1 inf
R 61 24 -1 inf
R 61 25 -1 inf
R 61 26 -1 inf
R 61 27 -1 inf
R 61 28 -1 inf
R 61 29 -1 inf
R 61 30 -1 inf
R 61 31 -1 inf
R 61 32 -1 inf
R 61 33 -1 inf
R 61 34 70 0.015747535989250716
R 61 35 -1 inf
R 61 36 -1 inf
R 61 37 -1 inf
R 61 38 -1 inf
R 61 39 -1 inf
R 61 40 -1 inf
R 61 41 -1 inf
R 61 42 -1 inf
R 61 43 43 0.0072001736522466931
R 61 44 -1 inf
R 61 45 -1 inf
R 61 46 -1 inf
R 61 47 -1 inf
R 61 48 -1 inf
R 61 49 -1 inf
R 61 50 -1 inf
R 61 51 -1 inf
R 61 52 52 0.0043024687975237435
R 61 53 52 0.022088871363834632
R 61 54 -1 inf
R 61 55 -1 inf
R 61 56 -1 inf
R 61 57 -1 inf
R 61 58 -1 inf
R 61 59 -1 inf
R 61 60 -1 inf
R 61 61 61 0
R 61 62 52 0.017544494808163259
R 61 63 52 0.039312431650414502
R 61 64 -1 inf
R 61 65 -1 inf
R 61 66 -1 inf
R 61 67 -1 inf
R 61 68 -1 inf
R 61 69 -1 inf
R 61 70 70 0.0082348291385881175
R 61 71 52 0.013354967110231717
R 61 72 52 0.031191921208408142
R 61 73 -1 inf
R 61 74 -1 inf
R 61 75 -1 inf
R 61 76 -1 inf
R 61 77 -1 inf
R 61 78 -1 inf
R 61 79 -1 inf
R 61 80 52 0.020735313889011536
R 61 81 52 0.026723304435109656
R 61 82 -1 inf
R 61 83 -1 inf
R 61 84 -1 inf
R 61 85 -1 inf
R 61 86 -1 inf
R 61 87 -1 inf
R 61 88 -1 inf
R 61 89 70 0.024210642534272776
R 61 90 52 0.033240778251367578
R 61 91 -1 inf
R 61 92 -1 inf
R 61 93 -1 inf
R 61 94 -1 inf
R 61 95 -1 inf
R 61 96 -1 inf
R 61 97 -1 inf
R 61 98 -1 inf
R 61 99 -1 inf
R 62 0 -1 inf
R 62 1 81 0.022907817349990214
R 62 2 -1 inf
R 62 3 -1 inf
R 62 4 -1 inf
R 62 5 -1 inf
R 62 6 -1 inf
R 62 7 -1 inf
R 62 8 -1 inf
R 62 9 -1 inf
R 62 10 -1 inf
R 62 11 -1 inf
R 62 12 -1 inf
R 62 13 -1 inf
R 62 14 -1 inf
R 62 15 -1 inf
R 62 16 -1 inf
R 62 17 -1 inf
R 62 18 -1 inf
R 62 19 -1 inf
R 62 20 -1 inf
R 62 21 -1 inf
R 62 22 -1 inf
R 62 23 -1 inf
R 62 24 -1 inf
R 62 25 -1 inf
R 62 26 -1 inf
R 62 27 -1 inf
R 62 28 -1 inf
R 62 29 -1 inf
R 62 30 -1 inf
R 62 31 -1 inf
R 62 32 -1 inf
R 62 33 -1 inf
R 62 34 71 0.032897001936384521
R 62 35 -1 inf
R 62 36 -1 inf
R 62 37 -1 inf
R 62 38 -1 inf
R 62 39 -1 inf
R 62 40 -1 inf
R 62 41 -1 inf
R 62 42 -1 inf
R 62 43 71 0.020137527327667031
R 62 44 -1 inf
R 62 45 -1 inf
R 62 46 -1 inf
R 62 47 -1 inf
R 62 48 -1 inf
R 62 49 -1 inf
R 62 50 -1 inf
R 62 51 -1 inf
R 62 52 71 0.013242026010639516
R 62 53 53 0.0077604763973060584
R 62 54 -1 inf
R 62 55 -1 inf
R 62 56 -1 inf
R 62 57 -1 inf
R 62 58 -1 inf
R 62 59 -1 inf
R 62 60 -1 inf
R 62 61 71 0.017544494808163259
R 62 62 62 0
R 62 63 81 0.021767936842251246
R 62 64 -1 inf
R 62 65 -1 inf
R 62 66 -1 inf
R 62 67 -1 inf
R 62 68 -1 inf
R 62 69 -1 inf
R 62 70 71 0.025384295085721917
R 62 71 71 0.0041895276979315426
R 62 72 81 0.013647426400244881
R 62 73 -1 inf
R 62 74 -1 inf
R 62 75 -1 inf
R 62 76 -1 inf
R 62 77 -1 inf
R 62 78 -1 inf
R 62 79 -1 inf
R 62 80 80 0.0080339962923306387
R 62 81 81 0.0091788096269463972
R 62 82 -1 inf
R 62 83 -1 inf
R 62 84 -1 inf
R 62 85 -1 inf
R 62 86 -1 inf
R 62 87 -1 inf
R 62 88 -1 inf
R 62 89 71 0.041360108481406581
R 62 90 81 0.015696283443204322
R 62 91 -1 inf
R 62 92 -1 inf
R 62 93 -1 inf
R 62 94 -1 inf
R 62 95 -1 inf
R 62 96 -1 inf
R 62 97 -1 inf
R 62 98 -1 inf
R 62 99 -1 inf
R 63 0 -1 inf
R 63 1 1 0.0054440058738352125
R 63 2 -1 inf
R 63 3 -1 inf
R 63 4 -1 inf
R 63 5 -1 inf
R 63 6 -1 inf
R 63 7 -1 inf
R 63 8 -1 inf
R 63 9 -1 inf
R 63 10 -1 inf
R 63 11 -1 inf
R 63 12 -1 inf
R 63 13 -1 inf
R 63 14 -1 inf
R 63 15 -1 inf
R 63 16 -1 inf
R 63 17 -1 inf
R 63 18 -1 inf
R 63 19 -1 inf
R 63 20 -1 inf
R 63 21 -1 inf
R 63 22 -1 inf
R 63 23 -1 inf
R 63 24 -1 inf
R 63 25 -1 inf
R 63 26 -1 inf
R 63 27 -1 inf
R 63 28 -1 inf
R 63 29 -1 inf
R 63 30 -1 inf
R 63 31 -1 inf
R 63 32 -1 inf
R 63 33 -1 inf
R 63 34 90 0.054664938778635763
R 63 35 -1 inf
R 63 36 -1 inf
R 63 37 -1 inf
R 63 38 -1 inf
R 63 39 -1 inf
R 63 40 -1 inf
R 63 41 -1 inf
R 63 42 -1 inf
R 63 43 90 0.041905464169918277
R 63 44 -1 inf
R 63 45 -1 inf
R 63 46 -1 inf
R 63 47 -1 inf
R 63 48 -1 inf
R 63 49 -1 inf
R 63 50 -1 inf
R 63 51 -1 inf
R 63 52 90 0.035009962852890764
R 63 53 90 0.029528413239557304
R 63 54 -1 inf
R 63 55 -1 inf
R 63 56 -1 inf
R 63 57 -1 inf
R 63 58 -1 inf
R 63 59 -1 inf
R 63 60 -1 inf
R 63 61 90 0.039312431650414509
R 63 62 90 0.021767936842251246
R 63 63 63 0
R 63 64 -1 inf
R 63 65 -1 inf
R 63 66 -1 inf
R 63 67 -1 inf
R 63 68 -1 inf
R 63 69 -1 inf
R 63 70 90 0.047152231927973159
R 63 71 90 0.025957464540182787
R 63 72 72 0.008604740810594225
R 63 73 -1 inf
R 63 74 -1 inf
R 63 75 -1 inf
R 63 76 -1 inf
R 63 77 -1 inf
R 63 78 -1 inf
R 63 79 -1 inf
R 63 80 90 0.029801933134581883
R 63 81 90 0.012589127215304849
R 63 82 -1 inf
R 63 83 -1 inf
R 63 84 -1 inf
R 63 85 -1 inf
R 63 86 -1 inf
R 63 87 -1 inf
R 63 88 -1 inf
R 63 89 90 0.063128045323657817
R 63 90 90 0.0060716533990469246
R 63 91 -1 inf
R 63 92 -1 inf
R 63 93 -1 inf
R 63 94 -1 inf
R 63 95 -1 inf
R 63 96 -1 inf
R 63 97 -1 inf
R 63 98 -1 inf
R 63 99 -1 inf
R 64 0 -1 inf
R 64 1 -1 inf
R 64 2 -1 inf
R 64 3 -1 inf
R 64 4 -1 inf
R 64 5 -1 inf
R 64 6 -1 inf
R 64 7 -1 inf
R 64 8 -1 inf
R 64 9 -1 inf
R 64 10 10 0.0032208532795579103
R 64 11 -1 inf
R 64 12 -1 inf
R 64 13 -1 inf
R 64 14 -1 inf
R 64 15 -1 inf
R 64 16 -1 inf
R 64 17 -1 inf
R 64 18 -1 inf
R 64 19 -1 inf
R 64 20 -1 inf
R 64 21 -1 inf
R 64 22 -1 inf
R 64 23 -1 inf
R 64 24 -1 inf
R 64 25 -1 inf
R 64 26 -1 inf
R 64 27 -1 inf
R 64 28 -1 inf
R 64 29 -1 inf
R 64 30 -1 inf
R 64 31 -1 inf
R 64 32 -1 inf
R 64 33 -1 inf
R 64 34 -1 inf
R 64 35 -1 inf
R 64 36 -1 inf
R 64 37 -1 inf
R 64 38 -1 inf
R 64 39 -1 inf
R 64 40 -1 inf
R 64 41 -1 inf
R 64 42 -1 inf
R 64 43 -1 inf
R 64 44 -1 inf
R 64 45 -1 inf
R 64 46 -1 inf
R 64 47 -1 inf
R 64 48 -1 inf
R 64 49 -1 inf
R 64 50 -1 inf
R 64 51 -1 inf
R 64 52 -1 inf
R 64 53 -1 inf
R 64 54 -1 inf
R 64 55 -1 inf
R 64 56 -1 inf
R 64 57 -1 inf
R 64 58 -1 inf
R 64 59 -1 inf
R 64 60 -1 inf
R 64 61 -1 inf
R 64 62 -1 inf
R 64 63 -1 inf
R 64 64 64 0
R 64 65 -1 inf
R 64 66 -1 inf
R 64 67 -1 inf
R 64 68 -1 inf
R 64 69 -1 inf
R 64 70 -1 inf
R 64 71 -1 inf
R 64 72 -1 inf
R 64 73 -1 inf
R 64 74 -1 inf
R 64 75 -1 inf
R 64 76 -1 inf
R 64 77 -1 inf
R 64 78 -1 inf
R 64 79 -1 inf
R 64 80 -1 inf
R 64 81 -1 inf
R 64 82 -1 inf
R 64 83 -1 inf
R 64 84 -1 inf
R 64 85 -1 inf
R 64 86 -1 inf
R 64 87 -1 inf
R 64 88 -1 inf
R 64 89 -1 inf
R 64 90 -1 inf
R 64 91 -1 inf
R 64 92 -1 inf
R 64 93 -1 inf
R 64 94 -1 inf
R 64 95 -1 inf
R 64 96 -1 inf
R 64 97 -1 inf
R 64 98 -1 inf
R 64 99 -1 inf
R 65 0 -1 inf
R 65 1 -1 inf
R 65 2 -1 inf
R 65 3 -1 inf
R 65 4 -1 inf
R 65 5 -1 inf
R 65 6 -1 inf
R 65 7 -1 inf
R 65 8 56 0.045990259975937309
R 65 9 56 0.040894675002387637
R 65 10 -1 inf
R 65 11 -1 inf
R 65 12 -1 inf
R 65 13 -1 inf
R 65 14 -1 inf
R 65 15 -1 inf
R 65 16 -1 inf
R 65 17 56 0.050220663320398526
R 65 18 56 0.032067379180178109
R 65 19 56 0.032546379131371386
R 65 20 -1 inf
R 65 21 -1 inf
R 65 22 -1 inf
R 65 23 -1 inf
R 65 24 -1 inf
R 65 25 56 0.070156734676856736
R 65 26 56 0.053596049786538924
R 65 27 56 0.036674780932159916
R 65 28 56 0.017613995871151176
R 65 29 29 0.0040642513395666383
R 65 30 -1 inf
R 65 31 -1 inf
R 65 32 -1 inf
R 65 33 -1 inf
R 65 34 -1 inf
R 65 35 -1 inf
R 65 36 56 0.038403304686852685
R 65 37 56 0.022864498253076571
R 65 38 38 0.0073753964385109153
R 65 39 -1 inf
R 65 40 -1 inf
R 65 41 -1 inf
R 65 42 -1 inf
R 65 43 -1 inf
R 65 44 -1 inf
R 65 45 56 0.045935093233160855
R 65 46 56 0.023352468990504756
R 65 47 38 0.013414537022698656
R 65 48 -1 inf
R 65 49 -1 inf
R 65 50 -1 inf
R 65 51 -1 inf
R 65 52 -1 inf
R 65 53 -1 inf
R 65 54 -1 inf
R 65 55 56 0.034306973779494758
R 65 56 56 0.0090649190473052685
R 65 57 -1 inf
R 65 58 -1 inf
R 65 59 -1 inf
R 65 60 -1 inf
R 65 61 -1 inf
R 65 62 -1 inf
R 65 63 -1 inf
R 65 64 -1 inf
R 65 65 65 0
R 65 66 -1 inf
R 65 67 -1 inf
R 65 68 -1 inf
R 65 69 -1 inf
R 65 70 -1 inf
R 65 71 -1 inf
R 65 72 -1 inf
R 65 73 -1 inf
R 65 74 -1 inf
R 65 75 -1 inf
R 65 76 -1 inf
R 65 77 -1 inf
R 65 78 -1 inf
R 65 79 56 0.076464310106152317
R 65 80 -1 inf
R 65 81 -1 inf
R 65 82 -1 inf
R 65 83 -1 inf
R 65 84 -1 inf
R 65 85 -1 inf
R 65 86 -1 inf
R 65 87 -1 inf
R 65 88 56 0.062442389016339958
R 65 89 -1 inf
R 65 90 -1 inf
R 65 91 -1 inf
R 65 92 -1 inf
R 65 93 -1 inf
R 65 94 -1 inf
R 65 95 -1 inf
R 65 96 -1 inf
R 65 97 56 0.052572440731512404
R 65 98 -1 inf
R 65 99 -1 inf
R 66 0 -1 inf
R 66 1 -1 inf
R 66 2 -1 inf
R 66 3 -1 inf
R 66 4 -1 inf
R 66 5 -1 inf
R 66 6 57 0.040454740604125641
R 66 7 -1 inf
R 66 8 -1 inf
R 66 9 -1 inf
R 66 10 -1 inf
R 66 11 -1 inf
R 66 12 -1 inf
R 66 13 -1 inf
R 66 14 -1 inf
R 66 15 -1 inf
R 66 16 -1 inf
R 66 17 -1 inf
R 66 18 -1 inf
R 66 19 -1 inf
R 66 20 -1 inf
R 66 21 -1 inf
R 66 22 -1 inf
R 66 23 -1 inf
R 66 24 -1 inf
R 66 25 -1 inf
R 66 26 -1 inf
R 66 27 -1 inf
R 66 28 -1 inf
R 66 29 -1 inf
R 66 30 -1 inf
R 66 31 -1 inf
R 66 32 -1 inf
R 66 33 -1 inf
R 66 34 -1 inf
R 66 35 -1 inf
R 66 36 -1 inf
R 66 37 -1 inf
R 66 38 -1 inf
R 66 39 75 0.015754319926497801
R 66 40 -1 inf
R 66 41 -1 inf
R 66 42 -1 inf
R 66 43 -1 inf
R 66 44 -1 inf
R 66 45 -1 inf
R 66 46 -1 inf
R 66 47 -1 inf
R 66 48 48 0.0071981950910254781
R 66 49 -1 inf
R 66 50 -1 inf
R 66 51 -1 inf
R 66 52 -1 inf
R 66 53 -1 inf
R 66 54 -1 inf
R 66 55 -1 inf
R 66 56 -1 inf
R 66 57 57 0.0043029676770021709
R 66 58 57 0.022086050011571816
R 66 59 -1 inf
R 66 60 -1 inf
R 66 61 -1 inf
R 66 62 -1 inf
R 66 63 -1 inf
R 66 64 -1 inf
R 66 65 -1 inf
R 66 66 66 0
R 66 67 57 0.01754530579380293
R 66 68 57 0.039315448373523749
R 66 69 -1 inf
R 66 70 -1 inf
R 66 71 -1 inf
R 66 72 -1 inf
R 66 73 -1 inf
R 66 74 -1 inf
R 66 75 75 0.0082427966561592972
R 66 76 57 0.013355911594276425
R 66 77 57 0.031190774744399123
R 66 78 -1 inf
R 66 79 -1 inf
R 66 80 -1 inf
R 66 81 -1 inf
R 66 82 -1 inf
R 66 83 -1 inf
R 66 84 75 0.02421771540714825
R 66 85 57 0.020742238397796812
R 66 86 57 0.026722970728066429
R 66 87 -1 inf
R 66 88 -1 inf
R 66 89 -1 inf
R 66 90 -1 inf
R 66 91 -1 inf
R 66 92 -1 inf
R 66 93 -1 inf
R 66 94 -1 inf
R 66 95 57 0.033244659348031474
R 66 96 -1 inf
R 66 97 -1 inf
R 66 98 -1 inf
R 66 99 -1 inf
R 67 0 -1 inf
R 67 1 -1 inf
R 67 2 -1 inf
R 67 3 -1 inf
R 67 4 -1 inf
R 67 5 -1 inf
R 67 6 86 0.022909434810322715
R 67 7 -1 inf
R 67 8 -1 inf
R 67 9 -1 inf
R 67 10 -1 inf
R 67 11 -1 inf
R 67 12 -1 inf
R 67 13 -1 inf
R 67 14 -1 inf
R 67 15 -1 inf
R 67 16 -1 inf
R 67 17 -1 inf
R 67 18 -1 inf
R 67 19 -1 inf
R 67 20 -1 inf
R 67 21 -1 inf
R 67 22 -1 inf
R 67 23 -1 inf
R 67 24 -1 inf
R 67 25 -1 inf
R 67 26 -1 inf
R 67 27 -1 inf
R 67 28 -1 inf
R 67 29 -1 inf
R 67 30 -1 inf
R 67 31 -1 inf
R 67 32 -1 inf
R 67 33 -1 inf
R 67 34 -1 inf
R 67 35 -1 inf
R 67 36 -1 inf
R 67 37 -1 inf
R 67 38 -1 inf
R 67 39 76 0.032891648347958144
R 67 40 -1 inf
R 67 41 -1 inf
R 67 42 -1 inf
R 67 43 -1 inf
R 67 44 -1 inf
R 67 45 -1 inf
R 67 46 -1 inf
R 67 47 -1 inf
R 67 48 76 0.02013289071664336
R 67 49 -1 inf
R 67 50 -1 inf
R 67 51 -1 inf
R 67 52 -1 inf
R 67 53 -1 inf
R 67 54 -1 inf
R 67 55 -1 inf
R 67 56 -1 inf
R 67 57 76 0.013242338116800758
R 67 58 58 0.007753657737746905
R 67 59 -1 inf
R 67 60 -1 inf
R 67 61 -1 inf
R 67 62 -1 inf
R 67 63 -1 inf
R 67 64 -1 inf
R 67 65 -1 inf
R 67 66 76 0.01754530579380293
R 67 67 67 0
R 67 68 86 0.021770142579720826
R 67 69 -1 inf
R 67 70 -1 inf
R 67 71 -1 inf
R 67 72 -1 inf
R 67 73 -1 inf
R 67 74 -1 inf
R 67 75 76 0.025380125077619643
R 67 76 76 0.0041893941995265038
R 67 77 86 0.013645468950596193
R 67 78 -1 inf
R 67 79 -1 inf
R 67 80 -1 inf
R 67 81 -1 inf
R 67 82 -1 inf
R 67 83 -1 inf
R 67 84 76 0.041355043828608593
R 67 85 85 0.0080369142257448352
R 67 86 86 0.0091776649342634985
R 67 87 -1 inf
R 67 88 -1 inf
R 67 89 -1 inf
R 67 90 -1 inf
R 67 91 -1 inf
R 67 92 -1 inf
R 67 93 -1 inf
R 67 94 -1 inf
R 67 95 86 0.015699353554228548
R 67 96 -1 inf
R 67 97 -1 inf
R 67 98 -1 inf
R 67 99 -1 inf
R 68 0 -1 inf
R 68 1 -1 inf
R 68 2 -1 inf
R 68 3 -1 inf
R 68 4 -1 inf
R 68 5 -1 inf
R 68 6 6 0.0054440812827959654
R 68 7 -1 inf
R 68 8 -1 inf
R 68 9 -1 inf
R 68 10 -1 inf
R 68 11 -1 inf
R 68 12 -1 inf
R 68 13 -1 inf
R 68 14 -1 inf
R 68 15 -1 inf
R 68 16 -1 inf
R 68 17 -1 inf
R 68 18 -1 inf
R 68 19 -1 inf
R 68 20 -1 inf
R 68 21 -1 inf
R 68 22 -1 inf
R 68 23 -1 inf
R 68 24 -1 inf
R 68 25 -1 inf
R 68 26 -1 inf
R 68 27 -1 inf
R 68 28 -1 inf
R 68 29 -1 inf
R 68 30 -1 inf
R 68 31 -1 inf
R 68 32 -1 inf
R 68 33 -1 inf
R 68 34 -1 inf
R 68 35 -1 inf
R 68 36 -1 inf
R 68 37 -1 inf
R 68 38 -1 inf
R 68 39 95 0.054661790927678977
R 68 40 -1 inf
R 68 41 -1 inf
R 68 42 -1 inf
R 68 43 -1 inf
R 68 44 -1 inf
R 68 45 -1 inf
R 68 46 -1 inf
R 68 47 -1 inf
R 68 48 95 0.041903033296364189
R 68 49 -1 inf
R 68 50 -1 inf
R 68 51 -1 inf
R 68 52 -1 inf
R 68 53 -1 inf
R 68 54 -1 inf
R 68 55 -1 inf
R 68 56 -1 inf
R 68 57 95 0.035012480696521589
R 68 58 95 0.029523800317467732
R 68 59 -1 inf
R 68 60 -1 inf
R 68 61 -1 inf
R 68 62 -1 inf
R 68 63 -1 inf
R 68 64 -1 inf
R 68 65 -1 inf
R 68 66 95 0.039315448373523756
R 68 67 95 0.021770142579720826
R 68 68 68 0
R 68 69 -1 inf
R 68 70 -1 inf
R 68 71 -1 inf
R 68 72 -1 inf
R 68 73 -1 inf
R 68 74 -1 inf
R 68 75 95 0.047150267657340476
R 68 76 95 0.025959536779247332
R 68 77 77 0.0085958606971152339
R 68 78 -1 inf
R 68 79 -1 inf
R 68 80 -1 inf
R 68 81 -1 inf
R 68 82 -1 inf
R 68 83 -1 inf
R 68 84 95 0.063125186408329426
R 68 85 95 0.029807056805465661
R 68 86 95 0.012592477645457326
R 68 87 -1 inf
R 68 88 -1 inf
R 68 89 -1 inf
R 68 90 -1 inf
R 68 91 -1 inf
R 68 92 -1 inf
R 68 93 -1 inf
R 68 94 -1 inf
R 68 95 95 0.0060707890254922776
R 68 96 -1 inf
R 68 97 -1 inf
R 68 98 -1 inf
R 68 99 -1 inf
R 69 0 -1 inf
R 69 1 -1 inf
R 69 2 -1 inf
R 69 3 -1 inf
R 69 4 -1 inf
R 69 5 -1 inf
R 69 6 -1 inf
R 69 7 -1 inf
R 69 8 -1 inf
R 69 9 -1 inf
R 69 10 -1 inf
R 69 11 -1 inf
R 69 12 -1 inf
R 69 13 -1 inf
R 69 14 -1 inf
R 69 15 15 0.0032208430705943716
R 69 16 -1 inf
R 69 17 -1 inf
R 69 18 -1 inf
R 69 19 -1 inf
R 69 20 -1 inf
R 69 21 -1 inf
R 69 22 -1 inf
R 69 23 -1 inf
R 69 24 -1 inf
R 69 25 -1 inf
R 69 26 -1 inf
R 69 27 -1 inf
R 69 28 -1 inf
R 69 29 -1 inf
R 69 30 -1 inf
R 69 31 -1 inf
R 69 32 -1 inf
R 69 33 -1 inf
R 69 34 -1 inf
R 69 35 -1 inf
R 69 36 -1 inf
R 69 37 -1 inf
R 69 38 -1 inf
R 69 39 -1 inf
R 69 40 -1 inf
R 69 41 -1 inf
R 69 42 -1 inf
R 69 43 -1 inf
R 69 44 -1 inf
R 69 45 -1 inf
R 69 46 -1 inf
R 69 47 -1 inf
R 69 48 -1 inf
R 69 49 -1 inf
R 69 50 -1 inf
R 69 51 -1 inf
R 69 52 -1 inf
R 69 53 -1 inf
R 69 54 -1 inf
R 69 55 -1 inf
R 69 56 -1 inf
R 69 57 -1 inf
R 69 58 -1 inf
R 69 59 -1 inf
R 69 60 -1 inf
R 69 61 -1 inf
R 69 62 -1 inf
R 69 63 -1 inf
R 69 64 -1 inf
R 69 65 -1 inf
R 69 66 -1 inf
R 69 67 -1 inf
R 69 68 -1 inf
R 69 69 69 0
R 69 70 -1 inf
R 69 71 -1 inf
R 69 72 -1 inf
R 69 73 -1 inf
R 69 74 -1 inf
R 69 75 -1 inf
R 69 76 -1 inf
R 69 77 -1 inf
R 69 78 -1 inf
R 69 79 -1 inf
R 69 80 -1 inf
R 69 81 -1 inf
R 69 82 -1 inf
R 69 83 -1 inf
R 69 84 -1 inf
R 69 85 -1 inf
R 69 86 -1 inf
R 69 87 -1 inf
R 69 88 -1 inf
R 69 89 -1 inf
R 69 90 -1 inf
R 69 91 -1 inf
R 69 92 -1 inf
R 69 93 -1 inf
R 69 94 -1 inf
R 69 95 -1 inf
R 69 96 -1 inf
R 69 97 -1 inf
R 69 98 -1 inf
R 69 99 -1 inf
R 70 0 -1 inf
R 70 1 43 0.048292112435712131
R 70 2 -1 inf
R 70 3 -1 inf
R 70 4 -1 inf
R 70 5 -1 inf
R 70 6 -1 inf
R 70 7 -1 inf
R 70 8 -1 inf
R 70 9 -1 inf
R 70 10 -1 inf
R 70 11 -1 inf
R 70 12 -1 inf
R 70 13 -1 inf
R 70 14 -1 inf
R 70 15 -1 inf
R 70 16 -1 inf
R 70 17 -1 inf
R 70 18 -1 inf
R 70 19 -1 inf
R 70 20 -1 inf
R 70 21 -1 inf
R 70 22 -1 inf
R 70 23 -1 inf
R 70 24 -1 inf
R 70 25 -1 inf
R 70 26 -1 inf
R 70 27 -1 inf
R 70 28 -1 inf
R 70 29 -1 inf
R 70 30 -1 inf
R 70 31 -1 inf
R 70 32 -1 inf
R 70 33 -1 inf
R 70 34 34 0.0075127068506626003
R 70 35 -1 inf
R 70 36 -1 inf
R 70 37 -1 inf
R 70 38 -1 inf
R 70 39 -1 inf
R 70 40 -1 inf
R 70 41 -1 inf
R 70 42 -1 inf
R 70 43 43 0.0052467677580548856
R 70 44 -1 inf
R 70 45 -1 inf
R 70 46 -1 inf
R 70 47 -1 inf
R 70 48 -1 inf
R 70 49 -1 inf
R 70 50 -1 inf
R 70 51 -1 inf
R 70 52 43 0.012142269075082403
R 70 53 43 0.02992867164139329
R 70 54 -1 inf
R 70 55 -1 inf
R 70 56 -1 inf
R 70 57 -1 inf
R 70 58 -1 inf
R 70 59 -1 inf
R 70 60 -1 inf
R 70 61 61 0.0082348291385881175
R 70 62 43 0.025384295085721917
R 70 63 43 0.047152231927973159
R 70 64 -1 inf
R 70 65 -1 inf
R 70 66 -1 inf
R 70 67 -1 inf
R 70 68 -1 inf
R 70 69 -1 inf
R 70 70 70 0
R 70 71 43 0.021194767387790376
R 70 72 43 0.039031721485966793
R 70 73 -1 inf
R 70 74 -1 inf
R 70 75 -1 inf
R 70 76 -1 inf
R 70 77 -1 inf
R 70 78 -1 inf
R 70 79 -1 inf
R 70 80 43 0.028575114166570197
R 70 81 43 0.034563104712668311
R 70 82 -1 inf
R 70 83 -1 inf
R 70 84 -1 inf
R 70 85 -1 inf
R 70 86 -1 inf
R 70 87 -1 inf
R 70 88 -1 inf
R 70 89 34 0.015975813395684661
R 70 90 43 0.041080578528926236
R 70 91 -1 inf
R 70 92 -1 inf
R 70 93 -1 inf
R 70 94 -1 inf
R 70 95 -1 inf
R 70 96 -1 inf
R 70 97 -1 inf
R 70 98 -1 inf
R 70 99 -1 inf
R 71 0 -1 inf
R 71 1 62 0.027097345047921759
R 71 2 -1 inf
R 71 3 -1 inf
R 71 4 -1 inf
R 71 5 -1 inf
R 71 6 -1 inf
R 71 7 -1 inf
R 71 8 -1 inf
R 71 9 -1 inf
R 71 10 -1 inf
R 71 11 -1 inf
R 71 12 -1 inf
R 71 13 -1 inf
R 71 14 -1 inf
R 71 15 -1 inf
R 71 16 -1 inf
R 71 17 -1 inf
R 71 18 -1 inf
R 71 19 -1 inf
R 71 20 -1 inf
R 71 21 -1 inf
R 71 22 -1 inf
R 71 23 -1 inf
R 71 24 -1 inf
R 71 25 -1 inf
R 71 26 -1 inf
R 71 27 -1 inf
R 71 28 -1 inf
R 71 29 -1 inf
R 71 30 -1 inf
R 71 31 -1 inf
R 71 32 -1 inf
R 71 33 -1 inf
R 71 34 52 0.028707474238452976
R 71 35 -1 inf
R 71 36 -1 inf
R 71 37 -1 inf
R 71 38 -1 inf
R 71 39 -1 inf
R 71 40 -1 inf
R 71 41 -1 inf
R 71 42 -1 inf
R 71 43 52 0.01594799962973549
R 71 44 -1 inf
R 71 45 -1 inf
R 71 46 -1 inf
R 71 47 -1 inf
R 71 48 -1 inf
R 71 49 -1 inf
R 71 50 -1 inf
R 71 51 -1 inf
R 71 52 52 0.0090524983127079732
R 71 53 53 0.0087339042536029136
R 71 54 -1 inf
R 71 55 -1 inf
R 71 56 -1 inf
R 71 57 -1 inf
R 71 58 -1 inf
R 71 59 -1 inf
R 71 60 -1 inf
R 71 61 52 0.013354967110231717
R 71 62 62 0.0041895276979315426
R 71 63 62 0.025957464540182787
R 71 64 -1 inf
R 71 65 -1 inf
R 71 66 -1 inf
R 71 67 -1 inf
R 71 68 -1 inf
R 71 69 -1 inf
R 71 70 52 0.021194767387790376
R 71 71 71 0
R 71 72 62 0.017836954098176424
R 71 73 -1 inf
R 71 74 -1 inf
R 71 75 -1 inf
R 71 76 -1 inf
R 71 77 -1 inf
R 71 78 -1 inf
R 71 79 -1 inf
R 71 80 80 0.0073803467787798213
R 71 81 62 0.01336833732487794
R 71 82 -1 inf
R 71 83 -1 inf
R 71 84 -1 inf
R 71 85 -1 inf
R 71 86 -1 inf
R 71 87 -1 inf
R 71 88 -1 inf
R 71 89 52 0.037170580783475037
R 71 90 62 0.019885811141135863
R 71 91 -1 inf
R 71 92 -1 inf
R 71 93 -1 inf
R 71 94 -1 inf
R 71 95 -1 inf
R 71 96 -1 inf
R 71 97 -1 inf
R 71 98 -1 inf
R 71 99 -1 inf
R 72 0 -1 inf
R 72 1 1 0.0092603909497453347
R 72 2 -1 inf
R 72 3 -1 inf
R 72 4 -1 inf
R 72 5 -1 inf
R 72 6 -1 inf
R 72 7 -1 inf
R 72 8 -1 inf
R 72 9 -1 inf
R 72 10 -1 inf
R 72 11 -1 inf
R 72 12 -1 inf
R 72 13 -1 inf
R 72 14 -1 inf
R 72 15 -1 inf
R 72 16 -1 inf
R 72 17 -1 inf
R 72 18 -1 inf
R 72 19 -1 inf
R 72 20 -1 inf
R 72 21 -1 inf
R 72 22 -1 inf
R 72 23 -1 inf
R 72 24 -1 inf
R 72 25 -1 inf
R 72 26 -1 inf
R 72 27 -1 inf
R 72 28 -1 inf
R 72 29 -1 inf
R 72 30 -1 inf
R 72 31 -1 inf
R 72 32 -1 inf
R 72 33 -1 inf
R 72 34 81 0.046544428336629404
R 72 35 -1 inf
R 72 36 -1 inf
R 72 37 -1 inf
R 72 38 -1 inf
R 72 39 -1 inf
R 72 40 -1 inf
R 72 41 -1 inf
R 72 42 -1 inf
R 72 43 81 0.033784953727911911
R 72 44 -1 inf
R 72 45 -1 inf
R 72 46 -1 inf
R 72 47 -1 inf
R 72 48 -1 inf
R 72 49 -1 inf
R 72 50 -1 inf
R 72 51 -1 inf
R 72 52 81 0.026889452410884397
R 72 53 81 0.021407902797550941
R 72 54 -1 inf
R 72 55 -1 inf
R 72 56 -1 inf
R 72 57 -1 inf
R 72 58 -1 inf
R 72 59 -1 inf
R 72 60 -1 inf
R 72 61 81 0.031191921208408142
R 72 62 81 0.013647426400244881
R 72 63 63 0.008604740810594225
R 72 64 -1 inf
R 72 65 -1 inf
R 72 66 -1 inf
R 72 67 -1 inf
R 72 68 -1 inf
R 72 69 -1 inf
R 72 70 81 0.0390317214859668
R 72 71 81 0.017836954098176424
R 72 72 72 0
R 72 73 -1 inf
R 72 74 -1 inf
R 72 75 -1 inf
R 72 76 -1 inf
R 72 77 -1 inf
R 72 78 -1 inf
R 72 79 -1 inf
R 72 80 81 0.02168142269257552
R 72 81 81 0.0044686167732984842
R 72 82 -1 inf
R 72 83 -1 inf
R 72 84 -1 inf
R 72 85 -1 inf
R 72 86 -1 inf
R 72 87 -1 inf
R 72 88 -1 inf
R 72 89 81 0.055007534881651464
R 72 90 90 0.0066428696095376721
R 72 91 -1 inf
R 72 92 -1 inf
R 72 93 -1 inf
R 72 94 -1 inf
R 72 95 -1 inf
R 72 96 -1 inf
R 72 97 -1 inf
R 72 98 -1 inf
R 72 99 -1 inf
R 73 0 -1 inf
R 73 1 -1 inf
R 73 2 11 0.014339959451590729
R 73 3 -1 inf
R 73 4 -1 inf
R 73 5 -1 inf
R 73 6 -1 inf
R 73 7 -1 inf
R 73 8 -1 inf
R 73 9 -1 inf
R 73 10 -1 inf
R 73 11 11 0.0063445664876136268
R 73 12 -1 inf
R 73 13 -1 inf
R 73 14 -1 inf
R 73 15 -1 inf
R 73 16 -1 inf
R 73 17 -1 inf
R 73 18 -1 inf
R 73 19 -1 inf
R 73 20 -1 inf
R 73 21 -1 inf
R 73 22 -1 inf
R 73 23 -1 inf
R 73 24 -1 inf
R 73 25 -1 inf
R 73 26 -1 inf
R 73 27 -1 inf
R 73 28 -1 inf
R 73 29 -1 inf
R 73 30 -1 inf
R 73 31 -1 inf
R 73 32 -1 inf
R 73 33 -1 inf
R 73 34 -1 inf
R 73 35 -1 inf
R 73 36 -1 inf
R 73 37 -1 inf
R 73 38 -1 inf
R 73 39 -1 inf
R 73 40 -1 inf
R 73 41 -1 inf
R 73 42 -1 inf
R 73 43 -1 inf
R 73 44 -1 inf
R 73 45 -1 inf
R 73 46 -1 inf
R 73 47 -1 inf
R 73 48 -1 inf
R 73 49 -1 inf
R 73 50 -1 inf
R 73 51 -1 inf
R 73 52 -1 inf
R 73 53 -1 inf
R 73 54 -1 inf
R 73 55 -1 inf
R 73 56 -1 inf
R 73 57 -1 inf
R 73 58 -1 inf
R 73 59 -1 inf
R 73 60 -1 inf
R 73 61 -1 inf
R 73 62 -1 inf
R 73 63 -1 inf
R 73 64 -1 inf
R 73 65 -1 inf
R 73 66 -1 inf
R 73 67 -1 inf
R 73 68 -1 inf
R 73 69 -1 inf
R 73 70 -1 inf
R 73 71 -1 inf
R 73 72 -1 inf
R 73 73 73 0
R 73 74 -1 inf
R 73 75 -1 inf
R 73 76 -1 inf
R 73 77 -1 inf
R 73 78 -1 inf
R 73 79 -1 inf
R 73 80 -1 inf
R 73 81 -1 inf
R 73 82 11 0.012729644271265222
R 73 83 -1 inf
R 73 84 -1 inf
R 73 85 -1 inf
R 73 86 -1 inf
R 73 87 -1 inf
R 73 88 -1 inf
R 73 89 -1 inf
R 73 90 -1 inf
R 73 91 11 0.017780371607890259
R 73 92 -1 inf
R 73 93 -1 inf
R 73 94 -1 inf
R 73 95 -1 inf
R 73 96 -1 inf
R 73 97 -1 inf
R 73 98 -1 inf
R 73 99 -1 inf
R 74 0 -1 inf
R 74 1 -1 inf
R 74 2 -1 inf
R 74 3 20 0.030472901240115802
R 74 4 20 0.052767454468530983
R 74 5 -1 inf
R 74 6 -1 inf
R 74 7 -1 inf
R 74 8 -1 inf
R 74 9 -1 inf
R 74 10 -1 inf
R 74 11 -1 inf
R 74 12 20 0.030004989578967623
R 74 13 20 0.044398445521712175
R 74 14 20 0.062309234708697724
R 74 15 -1 inf
R 74 16 -1 inf
R 74 17 -1 inf
R 74 18 -1 inf
R 74 19 -1 inf
R 74 20 20 0.006307667605218596
R 74 21 20 0.022869535990207763
R 74 22 20 0.039790002840419843
R 74 23 20 0.058850834725943095
R 74 24 20 0.080519717531383872
R 74 25 -1 inf
R 74 26 -1 inf
R 74 27 -1 inf
R 74 28 -1 inf
R 74 29 -1 inf
R 74 30 -1 inf
R 74 31 20 0.0460665595763807
R 74 32 20 0.058575872212563142
R 74 33 20 0.073481952622895072
R 74 34 -1 inf
R 74 35 -1 inf
R 74 36 -1 inf
R 74 37 -1 inf
R 74 38 -1 inf
R 74 39 -1 inf
R 74 40 20 0.057807419975377999
R 74 41 20 0.053112477495174962
R 74 42 20 0.072168702587438877
R 74 43 -1 inf
R 74 44 -1 inf
R 74 45 -1 inf
R 74 46 -1 inf
R 74 47 -1 inf
R 74 48 -1 inf
R 74 49 -1 inf
R 74 50 20 0.064069818734685605
R 74 51 20 0.067400391864229817
R 74 52 -1 inf
R 74 53 -1 inf
R 74 54 -1 inf
R 74 55 -1 inf
R 74 56 -1 inf
R 74 57 -1 inf
R 74 58 -1 inf
R 74 59 -1 inf
R 74 60 20 0.076455207728765573
R 74 61 -1 inf
R 74 62 -1 inf
R 74 63 -1 inf
R 74 64 -1 inf
R 74 65 -1 inf
R 74 66 -1 inf
R 74 67 -1 inf
R 74 68 -1 inf
R 74 69 -1 inf
R 74 70 -1 inf
R 74 71 -1 inf
R 74 72 -1 inf
R 74 73 -1 inf
R 74 74 74 0
R 74 75 -1 inf
R 74 76 -1 inf
R 74 77 -1 inf
R 74 78 -1 inf
R 74 79 -1 inf
R 74 80 -1 inf
R 74 81 -1 inf
R 74 82 -1 inf
R 74 83 20 0.014021459155671746
R 74 84 -1 inf
R 74 85 -1 inf
R 74 86 -1 inf
R 74 87 -1 inf
R 74 88 -1 inf
R 74 89 -1 inf
R 74 90 -1 inf
R 74 91 -1 inf
R 74 92 20 0.026400905464689196
R 74 93 -1 inf
R 74 94 -1 inf
R 74 95 -1 inf
R 74 96 -1 inf
R 74 97 -1 inf
R 74 98 -1 inf
R 74 99 -1 inf
R 75 0 -1 inf
R 75 1 -1 inf
R 75 2 -1 inf
R 75 3 -1 inf
R 75 4 -1 inf
R 75 5 -1 inf
R 75 6 48 0.048289559887942354
R 75 7 -1 inf
R 75 8 -1 inf
R 75 9 -1 inf
R 75 10 -1 inf
R 75 11 -1 inf
R 75 12 -1 inf
R 75 13 -1 inf
R 75 14 -1 inf
R 75 15 -1 inf
R 75 16 -1 inf
R 75 17 -1 inf
R 75 18 -1 inf
R 75 19 -1 inf
R 75 20 -1 inf
R 75 21 -1 inf
R 75 22 -1 inf
R 75 23 -1 inf
R 75 24 -1 inf
R 75 25 -1 inf
R 75 26 -1 inf
R 75 27 -1 inf
R 75 28 -1 inf
R 75 29 -1 inf
R 75 30 -1 inf
R 75 31 -1 inf
R 75 32 -1 inf
R 75 33 -1 inf
R 75 34 -1 inf
R 75 35 -1 inf
R 75 36 -1 inf
R 75 37 -1 inf
R 75 38 -1 inf
R 75 39 39 0.0075115232703385042
R 75 40 -1 inf
R 75 41 -1 inf
R 75 42 -1 inf
R 75 43 -1 inf
R 75 44 -1 inf
R 75 45 -1 inf
R 75 46 -1 inf
R 75 47 -1 inf
R 75 48 48 0.0052472343609762844
R 75 49 -1 inf
R 75 50 -1 inf
R 75 51 -1 inf
R 75 52 -1 inf
R 75 53 -1 inf
R 75 54 -1 inf
R 75 55 -1 inf
R 75 56 -1 inf
R 75 57 48 0.012137786960818887
R 75 58 48 0.029920869295388532
R 75 59 -1 inf
R 75 60 -1 inf
R 75 61 -1 inf
R 75 62 -1 inf
R 75 63 -1 inf
R 75 64 -1 inf
R 75 65 -1 inf
R 75 66 66 0.0082427966561592972
R 75 67 48 0.025380125077619643
R 75 68 48 0.047150267657340462
R 75 69 -1 inf
R 75 70 -1 inf
R 75 71 -1 inf
R 75 72 -1 inf
R 75 73 -1 inf
R 75 74 -1 inf
R 75 75 75 0
R 75 76 48 0.021190730878093141
R 75 77 48 0.039025594028215829
R 75 78 -1 inf
R 75 79 -1 inf
R 75 80 -1 inf
R 75 81 -1 inf
R 75 82 -1 inf
R 75 83 -1 inf
R 75 84 39 0.015974918750988953
R 75 85 48 0.028577057681613529
R 75 86 48 0.034557790011883138
R 75 87 -1 inf
R 75 88 -1 inf
R 75 89 -1 inf
R 75 90 -1 inf
R 75 91 -1 inf
R 75 92 -1 inf
R 75 93 -1 inf
R 75 94 -1 inf
R 75 95 48 0.041079478631848187
R 75 96 -1 inf
R 75 97 -1 inf
R 75 98 -1 inf
R 75 99 -1 inf
R 76 0 -1 inf
R 76 1 -1 inf
R 76 2 -1 inf
R 76 3 -1 inf
R 76 4 -1 inf
R 76 5 -1 inf
R 76 6 67 0.02709882900984922
R 76 7 -1 inf
R 76 8 -1 inf
R 76 9 -1 inf
R 76 10 -1 inf
R 76 11 -1 inf
R 76 12 -1 inf
R 76 13 -1 inf
R 76 14 -1 inf
R 76 15 -1 inf
R 76 16 -1 inf
R 76 17 -1 inf
R 76 18 -1 inf
R 76 19 -1 inf
R 76 20 -1 inf
R 76 21 -1 inf
R 76 22 -1 inf
R 76 23 -1 inf
R 76 24 -1 inf
R 76 25 -1 inf
R 76 26 -1 inf
R 76 27 -1 inf
R 76 28 -1 inf
R 76 29 -1 inf
R 76 30 -1 inf
R 76 31 -1 inf
R 76 32 -1 inf
R 76 33 -1 inf
R 76 34 -1 inf
R 76 35 -1 inf
R 76 36 -1 inf
R 76 37 -1 inf
R 76 38 -1 inf
R 76 39 57 0.028702254148431645
R 76 40 -1 inf
R 76 41 -1 inf
R 76 42 -1 inf
R 76 43 -1 inf
R 76 44 -1 inf
R 76 45 -1 inf
R 76 46 -1 inf
R 76 47 -1 inf
R 76 48 57 0.015943496517116858
R 76 49 -1 inf
R 76 50 -1 inf
R 76 51 -1 inf
R 76 52 -1 inf
R 76 53 -1 inf
R 76 54 -1 inf
R 76 55 -1 inf
R 76 56 -1 inf
R 76 57 57 0.0090529439172742539
R 76 58 58 0.0087301384172953911
R 76 59 -1 inf
R 76 60 -1 inf
R 76 61 -1 inf
R 76 62 -1 inf
R 76 63 -1 inf
R 76 64 -1 inf
R 76 65 -1 inf
R 76 66 57 0.013355911594276425
R 76 67 67 0.0041893941995265038
R 76 68 67 0.025959536779247328
R 76 69 -1 inf
R 76 70 -1 inf
R 76 71 -1 inf
R 76 72 -1 inf
R 76 73 -1 inf
R 76 74 -1 inf
R 76 75 57 0.021190730878093141
R 76 76 76 0
R 76 77 67 0.017834863150122698
R 76 78 -1 inf
R 76 79 -1 inf
R 76 80 -1 inf
R 76 81 -1 inf
R 76 82 -1 inf
R 76 83 -1 inf
R 76 84 57 0.037165649629082094
R 76 85 85 0.0073863268035203869
R 76 86 67 0.013367059133790002
R 76 87 -1 inf
R 76 88 -1 inf
R 76 89 -1 inf
R 76 90 -1 inf
R 76 91 -1 inf
R 76 92 -1 inf
R 76 93 -1 inf
R 76 94 -1 inf
R 76 95 67 0.01988874775375505
R 76 96 -1 inf
R 76 97 -1 inf
R 76 98 -1 inf
R 76 99 -1 inf
R 77 0 -1 inf
R 77 1 -1 inf
R 77 2 -1 inf
R 77 3 -1 inf
R 77 4 -1 inf
R 77 5 -1 inf
R 77 6 6 0.0092639658597265216
R 77 7 -1 inf
R 77 8 -1 inf
R 77 9 -1 inf
R 77 10 -1 inf
R 77 11 -1 inf
R 77 12 -1 inf
R 77 13 -1 inf
R 77 14 -1 inf
R 77 15 -1 inf
R 77 16 -1 inf
R 77 17 -1 inf
R 77 18 -1 inf
R 77 19 -1 inf
R 77 20 -1 inf
R 77 21 -1 inf
R 77 22 -1 inf
R 77 23 -1 inf
R 77 24 -1 inf
R 77 25 -1 inf
R 77 26 -1 inf
R 77 27 -1 inf
R 77 28 -1 inf
R 77 29 -1 inf
R 77 30 -1 inf
R 77 31 -1 inf
R 77 32 -1 inf
R 77 33 -1 inf
R 77 34 -1 inf
R 77 35 -1 inf
R 77 36 -1 inf
R 77 37 -1 inf
R 77 38 -1 inf
R 77 39 86 0.046537117298554351
R 77 40 -1 inf
R 77 41 -1 inf
R 77 42 -1 inf
R 77 43 -1 inf
R 77 44 -1 inf
R 77 45 -1 inf
R 77 46 -1 inf
R 77 47 -1 inf
R 77 48 86 0.033778359667239556
R 77 49 -1 inf
R 77 50 -1 inf
R 77 51 -1 inf
R 77 52 -1 inf
R 77 53 -1 inf
R 77 54 -1 inf
R 77 55 -1 inf
R 77 56 -1 inf
R 77 57 86 0.026887807067396952
R 77 58 86 0.021399126688343099
R 77 59 -1 inf
R 77 60 -1 inf
R 77 61 -1 inf
R 77 62 -1 inf
R 77 63 -1 inf
R 77 64 -1 inf
R 77 65 -1 inf
R 77 66 86 0.031190774744399123
R 77 67 86 0.013645468950596193
R 77 68 68 0.0085958606971152339
R 77 69 -1 inf
R 77 70 -1 inf
R 77 71 -1 inf
R 77 72 -1 inf
R 77 73 -1 inf
R 77 74 -1 inf
R 77 75 86 0.039025594028215843
R 77 76 86 0.017834863150122698
R 77 77 77 0
R 77 78 -1 inf
R 77 79 -1 inf
R 77 80 -1 inf
R 77 81 -1 inf
R 77 82 -1 inf
R 77 83 -1 inf
R 77 84 86 0.055000512779204799
R 77 85 86 0.021682383176341028
R 77 86 86 0.0044678040163326944
R 77 87 -1 inf
R 77 88 -1 inf
R 77 89 -1 inf
R 77 90 -1 inf
R 77 91 -1 inf
R 77 92 -1 inf
R 77 93 -1 inf
R 77 94 -1 inf
R 77 95 95 0.0066442538393867391
R 77 96 -1 inf
R 77 97 -1 inf
R 77 98 -1 inf
R 77 99 -1 inf
R 78 0 -1 inf
R 78 1 -1 inf
R 78 2 -1 inf
R 78 3 -1 inf
R 78 4 -1 inf
R 78 5 -1 inf
R 78 6 -1 inf
R 78 7 16 0.014346796574826088
R 78 8 -1 inf
R 78 9 -1 inf
R 78 10 -1 inf
R 78 11 -1 inf
R 78 12 -1 inf
R 78 13 -1 inf
R 78 14 -1 inf
R 78 15 -1 inf
R 78 16 16 0.0063440173779235817
R 78 17 -1 inf
R 78 18 -1 inf
R 78 19 -1 inf
R 78 20 -1 inf
R 78 21 -1 inf
R 78 22 -1 inf
R 78 23 -1 inf
R 78 24 -1 inf
R 78 25 -1 inf
R 78 26 -1 inf
R 78 27 -1 inf
R 78 28 -1 inf
R 78 29 -1 inf
R 78 30 -1 inf
R 78 31 -1 inf
R 78 32 -1 inf
R 78 33 -1 inf
R 78 34 -1 inf
R 78 35 -1 inf
R 78 36 -1 inf
R 78 37 -1 inf
R 78 38 -1 inf
R 78 39 -1 inf
R 78 40 -1 inf
R 78 41 -1 inf
R 78 42 -1 inf
R 78 43 -1 inf
R 78 44 -1 inf
R 78 45 -1 inf
R 78 46 -1 inf
R 78 47 -1 inf
R 78 48 -1 inf
R 78 49 -1 inf
R 78 50 -1 inf
R 78 51 -1 inf
R 78 52 -1 inf
R 78 53 -1 inf
R 78 54 -1 inf
R 78 55 -1 inf
R 78 56 -1 inf
R 78 57 -1 inf
R 78 58 -1 inf
R 78 59 -1 inf
R 78 60 -1 inf
R 78 61 -1 inf
R 78 62 -1 inf
R 78 63 -1 inf
R 78 64 -1 inf
R 78 65 -1 inf
R 78 66 -1 inf
R 78 67 -1 inf
R 78 68 -1 inf
R 78 69 -1 inf
R 78 70 -1 inf
R 78 71 -1 inf
R 78 72 -1 inf
R 78 73 -1 inf
R 78 74 -1 inf
R 78 75 -1 inf
R 78 76 -1 inf
R 78 77 -1 inf
R 78 78 78 0
R 78 79 -1 inf
R 78 80 -1 inf
R 78 81 -1 inf
R 78 82 -1 inf
R 78 83 -1 inf
R 78 84 -1 inf
R 78 85 -1 inf
R 78 86 -1 inf
R 78 87 16 0.012730599695197718
R 78 88 -1 inf
R 78 89 -1 inf
R 78 90 -1 inf
R 78 91 -1 inf
R 78 92 -1 inf
R 78 93 -1 inf
R 78 94 -1 inf
R 78 95 -1 inf
R 78 96 16 0.017779607901172764
R 78 97 -1 inf
R 78 98 -1 inf
R 78 99 -1 inf
R 79 0 -1 inf
R 79 1 -1 inf
R 79 2 -1 inf
R 79 3 -1 inf
R 79 4 -1 inf
R 79 5 -1 inf
R 79 6 -1 inf
R 79 7 -1 inf
R 79 8 25 0.030474050130215001
R 79 9 25 0.052769548667590302
R 79 10 -1 inf
R 79 11 -1 inf
R 79 12 -1 inf
R 79 13 -1 inf
R 79 14 -1 inf
R 79 15 -1 inf
R 79 16 -1 inf
R 79 17 25 0.030009168568131014
R 79 18 25 0.044396930925974201
R 79 19 25 0.062305751256514184
R 79 20 -1 inf
R 79 21 -1 inf
R 79 22 -1 inf
R 79 23 -1 inf
R 79 24 -1 inf
R 79 25 25 0.0063075754292955775
R 79 26 25 0.022868260319613389
R 79 27 25 0.039789529173992394
R 79 28 25 0.058850314235001137
R 79 29 25 0.08052856144571896
R 79 30 -1 inf
R 79 31 -1 inf
R 79 32 -1 inf
R 79 33 -1 inf
R 79 34 -1 inf
R 79 35 -1 inf
R 79 36 25 0.04606984994226325
R 79 37 25 0.058577603944047263
R 79 38 25 0.073480199320450801
R 79 39 -1 inf
R 79 40 -1 inf
R 79 41 -1 inf
R 79 42 -1 inf
R 79 43 -1 inf
R 79 44 -1 inf
R 79 45 25 0.05780996689836352
R 79 46 25 0.053111841115647554
R 79 47 25 0.072168992453582048
R 79 48 -1 inf
R 79 49 -1 inf
R 79 50 -1 inf
R 79 51 -1 inf
R 79 52 -1 inf
R 79 53 -1 inf
R 79 54 -1 inf
R 79 55 25 0.064066345904637556
R 79 56 25 0.067399391058847041
R 79 57 -1 inf
R 79 58 -1 inf
R 79 59 -1 inf
R 79 60 -1 inf
R 79 61 -1 inf
R 79 62 -1 inf
R 79 63 -1 inf
R 79 64 -1 inf
R 79 65 25 0.076464310106152317
R 79 66 -1 inf
R 79 67 -1 inf
R 79 68 -1 inf
R 79 69 -1 inf
R 79 70 -1 inf
R 79 71 -1 inf
R 79 72 -1 inf
R 79 73 -1 inf
R 79 74 -1 inf
R 79 75 -1 inf
R 79 76 -1 inf
R 79 77 -1 inf
R 79 78 -1 inf
R 79 79 79 0
R 79 80 -1 inf
R 79 81 -1 inf
R 79 82 -1 inf
R 79 83 -1 inf
R 79 84 -1 inf
R 79 85 -1 inf
R 79 86 -1 inf
R 79 87 -1 inf
R 79 88 25 0.014021921089812355
R 79 89 -1 inf
R 79 90 -1 inf
R 79 91 -1 inf
R 79 92 -1 inf
R 79 93 -1 inf
R 79 94 -1 inf
R 79 95 -1 inf
R 79 96 -1 inf
R 79 97 25 0.026399941756642415
R 79 98 -1 inf
R 79 99 -1 inf
R 80 0 -1 inf
R 80 1 62 0.030941813642320851
R 80 2 -1 inf
R 80 3 -1 inf
R 80 4 -1 inf
R 80 5 -1 inf
R 80 6 -1 inf
R 80 7 -1 inf
R 80 8 -1 inf
R 80 9 -1 inf
R 80 10 -1 inf
R 80 11 -1 inf
R 80 12 -1 inf
R 80 13 -1 inf
R 80 14 -1 inf
R 80 15 -1 inf
R 80 16 -1 inf
R 80 17 -1 inf
R 80 18 -1 inf
R 80 19 -1 inf
R 80 20 -1 inf
R 80 21 -1 inf
R 80 22 -1 inf
R 80 23 -1 inf
R 80 24 -1 inf
R 80 25 -1 inf
R 80 26 -1 inf
R 80 27 -1 inf
R 80 28 -1 inf
R 80 29 -1 inf
R 80 30 -1 inf
R 80 31 -1 inf
R 80 32 -1 inf
R 80 33 -1 inf
R 80 34 71 0.036087821017232798
R 80 35 -1 inf
R 80 36 -1 inf
R 80 37 -1 inf
R 80 38 -1 inf
R 80 39 -1 inf
R 80 40 -1 inf
R 80 41 -1 inf
R 80 42 -1 inf
R 80 43 71 0.023328346408515312
R 80 44 -1 inf
R 80 45 -1 inf
R 80 46 -1 inf
R 80 47 -1 inf
R 80 48 -1 inf
R 80 49 -1 inf
R 80 50 -1 inf
R 80 51 -1 inf
R 80 52 71 0.016432845091487795
R 80 53 53 0.0046052299888743441
R 80 54 -1 inf
R 80 55 -1 inf
R 80 56 -1 inf
R 80 57 -1 inf
R 80 58 -1 inf
R 80 59 -1 inf
R 80 60 -1 inf
R 80 61 71 0.020735313889011536
R 80 62 62 0.0080339962923306387
R 80 63 62 0.029801933134581883
R 80 64 -1 inf
R 80 65 -1 inf
R 80 66 -1 inf
R 80 67 -1 inf
R 80 68 -1 inf
R 80 69 -1 inf
R 80 70 71 0.028575114166570197
R 80 71 71 0.0073803467787798213
R 80 72 62 0.021681422692575517
R 80 73 -1 inf
R 80 74 -1 inf
R 80 75 -1 inf
R 80 76 -1 inf
R 80 77 -1 inf
R 80 78 -1 inf
R 80 79 -1 inf
R 80 80 80 0
R 80 81 62 0.017212805919277034
R 80 82 -1 inf
R 80 83 -1 inf
R 80 84 -1 inf
R 80 85 -1 inf
R 80 86 -1 inf
R 80 87 -1 inf
R 80 88 -1 inf
R 80 89 71 0.044550927562254858
R 80 90 62 0.023730279735534959
R 80 91 -1 inf
R 80 92 -1 inf
R 80 93 -1 inf
R 80 94 -1 inf
R 80 95 -1 inf
R 80 96 -1 inf
R 80 97 -1 inf
R 80 98 -1 inf
R 80 99 -1 inf
R 81 0 -1 inf
R 81 1 72 0.013729007723043819
R 81 2 -1 inf
R 81 3 -1 inf
R 81 4 -1 inf
R 81 5 -1 inf
R 81 6 -1 inf
R 81 7 -1 inf
R 81 8 -1 inf
R 81 9 -1 inf
R 81 10 -1 inf
R 81 11 -1 inf
R 81 12 -1 inf
R 81 13 -1 inf
R 81 14 -1 inf
R 81 15 -1 inf
R 81 16 -1 inf
R 81 17 -1 inf
R 81 18 -1 inf
R 81 19 -1 inf
R 81 20 -1 inf
R 81 21 -1 inf
R 81 22 -1 inf
R 81 23 -1 inf
R 81 24 -1 inf
R 81 25 -1 inf
R 81 26 -1 inf
R 81 27 -1 inf
R 81 28 -1 inf
R 81 29 -1 inf
R 81 30 -1 inf
R 81 31 -1 inf
R 81 32 -1 inf
R 81 33 -1 inf
R 81 34 62 0.042075811563330914
R 81 35 -1 inf
R 81 36 -1 inf
R 81 37 -1 inf
R 81 38 -1 inf
R 81 39 -1 inf
R 81 40 -1 inf
R 81 41 -1 inf
R 81 42 -1 inf
R 81 43 62 0.029316336954613432
R 81 44 -1 inf
R 81 45 -1 inf
R 81 46 -1 inf
R 81 47 -1 inf
R 81 48 -1 inf
R 81 49 -1 inf
R 81 50 -1 inf
R 81 51 -1 inf
R 81 52 62 0.022420835637585915
R 81 53 62 0.016939286024252456
R 81 54 -1 inf
R 81 55 -1 inf
R 81 56 -1 inf
R 81 57 -1 inf
R 81 58 -1 inf
R 81 59 -1 inf
R 81 60 -1 inf
R 81 61 62 0.02672330443510966
R 81 62 62 0.0091788096269463972
R 81 63 90 0.012589127215304849
R 81 64 -1 inf
R 81 65 -1 inf
R 81 66 -1 inf
R 81 67 -1 inf
R 81 68 -1 inf
R 81 69 -1 inf
R 81 70 62 0.034563104712668317
R 81 71 62 0.01336833732487794
R 81 72 72 0.0044686167732984842
R 81 73 -1 inf
R 81 74 -1 inf
R 81 75 -1 inf
R 81 76 -1 inf
R 81 77 -1 inf
R 81 78 -1 inf
R 81 79 -1 inf
R 81 80 62 0.017212805919277034
R 81 81 81 0
R 81 82 -1 inf
R 81 83 -1 inf
R 81 84 -1 inf
R 81 85 -1 inf
R 81 86 -1 inf
R 81 87 -1 inf
R 81 88 -1 inf
R 81 89 62 0.050538918108352975
R 81 90 90 0.0065174738162579252
R 81 91 -1 inf
R 81 92 -1 inf
R 81 93 -1 inf
R 81 94 -1 inf
R 81 95 -1 inf
R 81 96 -1 inf
R 81 97 -1 inf
R 81 98 -1 inf
R 81 99 -1 inf
R 82 0 -1 inf
R 82 1 -1 inf
R 82 2 2 0.002925836430349812
R 82 3 -1 inf
R 82 4 -1 inf
R 82 5 -1 inf
R 82 6 -1 inf
R 82 7 -1 inf
R 82 8 -1 inf
R 82 9 -1 inf
R 82 10 -1 inf
R 82 11 11 0.0063850777836515953
R 82 12 -1 inf
R 82 13 -1 inf
R 82 14 -1 inf
R 82 15 -1 inf
R 82 16 -1 inf
R 82 17 -1 inf
R 82 18 -1 inf
R 82 19 -1 inf
R 82 20 -1 inf
R 82 21 -1 inf
R 82 22 -1 inf
R 82 23 -1 inf
R 82 24 -1 inf
R 82 25 -1 inf
R 82 26 -1 inf
R 82 27 -1 inf
R 82 28 -1 inf
R 82 29 -1 inf
R 82 30 -1 inf
R 82 31 -1 inf
R 82 32 -1 inf
R 82 33 -1 inf
R 82 34 -1 inf
R 82 35 -1 inf
R 82 36 -1 inf
R 82 37 -1 inf
R 82 38 -1 inf
R 82 39 -1 inf
R 82 40 -1 inf
R 82 41 -1 inf
R 82 42 -1 inf
R 82 43 -1 inf
R 82 44 -1 inf
R 82 45 -1 inf
R 82 46 -1 inf
R 82 47 -1 inf
R 82 48 -1 inf
R 82 49 -1 inf
R 82 50 -1 inf
R 82 51 -1 inf
R 82 52 -1 inf
R 82 53 -1 inf
R 82 54 -1 inf
R 82 55 -1 inf
R 82 56 -1 inf
R 82 57 -1 inf
R 82 58 -1 inf
R 82 59 -1 inf
R 82 60 -1 inf
R 82 61 -1 inf
R 82 62 -1 inf
R 82 63 -1 inf
R 82 64 -1 inf
R 82 65 -1 inf
R 82 66 -1 inf
R 82 67 -1 inf
R 82 68 -1 inf
R 82 69 -1 inf
R 82 70 -1 inf
R 82 71 -1 inf
R 82 72 -1 inf
R 82 73 11 0.012729644271265222
R 82 74 -1 inf
R 82 75 -1 inf
R 82 76 -1 inf
R 82 77 -1 inf
R 82 78 -1 inf
R 82 79 -1 inf
R 82 80 -1 inf
R 82 81 -1 inf
R 82 82 82 0
R 82 83 -1 inf
R 82 84 -1 inf
R 82 85 -1 inf
R 82 86 -1 inf
R 82 87 -1 inf
R 82 88 -1 inf
R 82 89 -1 inf
R 82 90 -1 inf
R 82 91 91 0.0050507273366250365
R 82 92 -1 inf
R 82 93 -1 inf
R 82 94 -1 inf
R 82 95 -1 inf
R 82 96 -1 inf
R 82 97 -1 inf
R 82 98 -1 inf
R 82 99 -1 inf
R 83 0 -1 inf
R 83 1 -1 inf
R 83 2 -1 inf
R 83 3 21 0.016451442084444056
R 83 4 21 0.038745995312859237
R 83 5 -1 inf
R 83 6 -1 inf
R 83 7 -1 inf
R 83 8 -1 inf
R 83 9 -1 inf
R 83 10 -1 inf
R 83 11 -1 inf
R 83 12 21 0.015983530423295877
R 83 13 21 0.030376986366040429
R 83 14 21 0.048287775553025977
R 83 15 -1 inf
R 83 16 -1 inf
R 83 17 -1 inf
R 83 18 -1 inf
R 83 19 -1 inf
R 83 20 20 0.0077137915504531503
R 83 21 21 0.0088480768345360165
R 83 22 21 0.025768543684748096
R 83 23 21 0.044829375570271349
R 83 24 21 0.066498258375712119
R 83 25 -1 inf
R 83 26 -1 inf
R 83 27 -1 inf
R 83 28 -1 inf
R 83 29 -1 inf
R 83 30 -1 inf
R 83 31 21 0.032045100420708954
R 83 32 21 0.044554413056891395
R 83 33 21 0.059460493467223333
R 83 34 -1 inf
R 83 35 -1 inf
R 83 36 -1 inf
R 83 37 -1 inf
R 83 38 -1 inf
R 83 39 -1 inf
R 83 40 21 0.043785960819706253
R 83 41 21 0.039091018339503215
R 83 42 21 0.058147243431767137
R 83 43 -1 inf
R 83 44 -1 inf
R 83 45 -1 inf
R 83 46 -1 inf
R 83 47 -1 inf
R 83 48 -1 inf
R 83 49 -1 inf
R 83 50 21 0.050048359579013865
R 83 51 21 0.05337893270855807
R 83 52 -1 inf
R 83 53 -1 inf
R 83 54 -1 inf
R 83 55 -1 inf
R 83 56 -1 inf
R 83 57 -1 inf
R 83 58 -1 inf
R 83 59 -1 inf
R 83 60 21 0.06243374857309382
R 83 61 -1 inf
R 83 62 -1 inf
R 83 63 -1 inf
R 83 64 -1 inf
R 83 65 -1 inf
R 83 66 -1 inf
R 83 67 -1 inf
R 83 68 -1 inf
R 83 69 -1 inf
R 83 70 -1 inf
R 83 71 -1 inf
R 83 72 -1 inf
R 83 73 -1 inf
R 83 74 20 0.014021459155671746
R 83 75 -1 inf
R 83 76 -1 inf
R 83 77 -1 inf
R 83 78 -1 inf
R 83 79 -1 inf
R 83 80 -1 inf
R 83 81 -1 inf
R 83 82 -1 inf
R 83 83 83 0
R 83 84 -1 inf
R 83 85 -1 inf
R 83 86 -1 inf
R 83 87 -1 inf
R 83 88 -1 inf
R 83 89 -1 inf
R 83 90 -1 inf
R 83 91 -1 inf
R 83 92 21 0.012379446309017448
R 83 93 -1 inf
R 83 94 -1 inf
R 83 95 -1 inf
R 83 96 -1 inf
R 83 97 -1 inf
R 83 98 -1 inf
R 83 99 -1 inf
R 84 0 -1 inf
R 84 1 -1 inf
R 84 2 -1 inf
R 84 3 -1 inf
R 84 4 -1 inf
R 84 5 -1 inf
R 84 6 39 0.064264478638931311
R 84 7 -1 inf
R 84 8 -1 inf
R 84 9 -1 inf
R 84 10 -1 inf
R 84 11 -1 inf
R 84 12 -1 inf
R 84 13 -1 inf
R 84 14 -1 inf
R 84 15 -1 inf
R 84 16 -1 inf
R 84 17 -1 inf
R 84 18 -1 inf
R 84 19 -1 inf
R 84 20 -1 inf
R 84 21 -1 inf
R 84 22 -1 inf
R 84 23 -1 inf
R 84 24 -1 inf
R 84 25 -1 inf
R 84 26 -1 inf
R 84 27 -1 inf
R 84 28 -1 inf
R 84 29 -1 inf
R 84 30 -1 inf
R 84 31 -1 inf
R 84 32 -1 inf
R 84 33 -1 inf
R 84 34 -1 inf
R 84 35 -1 inf
R 84 36 -1 inf
R 84 37 -1 inf
R 84 38 -1 inf
R 84 39 39 0.0084633954806504486
R 84 40 -1 inf
R 84 41 -1 inf
R 84 42 -1 inf
R 84 43 -1 inf
R 84 44 -1 inf
R 84 45 -1 inf
R 84 46 -1 inf
R 84 47 -1 inf
R 84 48 39 0.021222153111965236
R 84 49 -1 inf
R 84 50 -1 inf
R 84 51 -1 inf
R 84 52 -1 inf
R 84 53 -1 inf
R 84 54 -1 inf
R 84 55 -1 inf
R 84 56 -1 inf
R 84 57 39 0.02811270571180784
R 84 58 39 0.045895788046377485
R 84 59 -1 inf
R 84 60 -1 inf
R 84 61 -1 inf
R 84 62 -1 inf
R 84 63 -1 inf
R 84 64 -1 inf
R 84 65 -1 inf
R 84 66 39 0.02421771540714825
R 84 67 39 0.041355043828608599
R 84 68 39 0.063125186408329426
R 84 69 -1 inf
R 84 70 -1 inf
R 84 71 -1 inf
R 84 72 -1 inf
R 84 73 -1 inf
R 84 74 -1 inf
R 84 75 39 0.015974918750988953
R 84 76 39 0.037165649629082094
R 84 77 39 0.055000512779204785
R 84 78 -1 inf
R 84 79 -1 inf
R 84 80 -1 inf
R 84 81 -1 inf
R 84 82 -1 inf
R 84 83 -1 inf
R 84 84 84 0
R 84 85 39 0.044551976432602482
R 84 86 39 0.050532708762872094
R 84 87 -1 inf
R 84 88 -1 inf
R 84 89 -1 inf
R 84 90 -1 inf
R 84 91 -1 inf
R 84 92 -1 inf
R 84 93 -1 inf
R 84 94 -1 inf
R 84 95 39 0.057054397382837144
R 84 96 -1 inf
R 84 97 -1 inf
R 84 98 -1 inf
R 84 99 -1 inf
R 85 0 -1 inf
R 85 1 -1 inf
R 85 2 -1 inf
R 85 3 -1 inf
R 85 4 -1 inf
R 85 5 -1 inf
R 85 6 67 0.03094634903606755
R 85 7 -1 inf
R 85 8 -1 inf
R 85 9 -1 inf
R 85 10 -1 inf
R 85 11 -1 inf
R 85 12 -1 inf
R 85 13 -1 inf
R 85 14 -1 inf
R 85 15 -1 inf
R 85 16 -1 inf
R 85 17 -1 inf
R 85 18 -1 inf
R 85 19 -1 inf
R 85 20 -1 inf
R 85 21 -1 inf
R 85 22 -1 inf
R 85 23 -1 inf
R 85 24 -1 inf
R 85 25 -1 inf
R 85 26 -1 inf
R 85 27 -1 inf
R 85 28 -1 inf
R 85 29 -1 inf
R 85 30 -1 inf
R 85 31 -1 inf
R 85 32 -1 inf
R 85 33 -1 inf
R 85 34 -1 inf
R 85 35 -1 inf
R 85 36 -1 inf
R 85 37 -1 inf
R 85 38 -1 inf
R 85 39 76 0.036088580951952033
R 85 40 -1 inf
R 85 41 -1 inf
R 85 42 -1 inf
R 85 43 -1 inf
R 85 44 -1 inf
R 85 45 -1 inf
R 85 46 -1 inf
R 85 47 -1 inf
R 85 48 76 0.023329823320637245
R 85 49 -1 inf
R 85 50 -1 inf
R 85 51 -1 inf
R 85 52 -1 inf
R 85 53 -1 inf
R 85 54 -1 inf
R 85 55 -1 inf
R 85 56 -1 inf
R 85 57 76 0.016439270720794642
R 85 58 58 0.0046051202309397073
R 85 59 -1 inf
R 85 60 -1 inf
R 85 61 -1 inf
R 85 62 -1 inf
R 85 63 -1 inf
R 85 64 -1 inf
R 85 65 -1 inf
R 85 66 76 0.020742238397796812
R 85 67 67 0.0080369142257448352
R 85 68 67 0.029807056805465661
R 85 69 -1 inf
R 85 70 -1 inf
R 85 71 -1 inf
R 85 72 -1 inf
R 85 73 -1 inf
R 85 74 -1 inf
R 85 75 76 0.028577057681613529
R 85 76 76 0.0073863268035203869
R 85 77 67 0.021682383176341028
R 85 78 -1 inf
R 85 79 -1 inf
R 85 80 -1 inf
R 85 81 -1 inf
R 85 82 -1 inf
R 85 83 -1 inf
R 85 84 76 0.044551976432602482
R 85 85 85 0
R 85 86 67 0.017214579160008334
R 85 87 -1 inf
R 85 88 -1 inf
R 85 89 -1 inf
R 85 90 -1 inf
R 85 91 -1 inf
R 85 92 -1 inf
R 85 93 -1 inf
R 85 94 -1 inf
R 85 95 67 0.023736267779973383
R 85 96 -1 inf
R 85 97 -1 inf
R 85 98 -1 inf
R 85 99 -1 inf
R 86 0 -1 inf
R 86 1 -1 inf
R 86 2 -1 inf
R 86 3 -1 inf
R 86 4 -1 inf
R 86 5 -1 inf
R 86 6 77 0.013731769876059216
R 86 7 -1 inf
R 86 8 -1 inf
R 86 9 -1 inf
R 86 10 -1 inf
R 86 11 -1 inf
R 86 12 -1 inf
R 86 13 -1 inf
R 86 14 -1 inf
R 86 15 -1 inf
R 86 16 -1 inf
R 86 17 -1 inf
R 86 18 -1 inf
R 86 19 -1 inf
R 86 20 -1 inf
R 86 21 -1 inf
R 86 22 -1 inf
R 86 23 -1 inf
R 86 24 -1 inf
R 86 25 -1 inf
R 86 26 -1 inf
R 86 27 -1 inf
R 86 28 -1 inf
R 86 29 -1 inf
R 86 30 -1 inf
R 86 31 -1 inf
R 86 32 -1 inf
R 86 33 -1 inf
R 86 34 -1 inf
R 86 35 -1 inf
R 86 36 -1 inf
R 86 37 -1 inf
R 86 38 -1 inf
R 86 39 67 0.042069313282221646
R 86 40 -1 inf
R 86 41 -1 inf
R 86 42 -1 inf
R 86 43 -1 inf
R 86 44 -1 inf
R 86 45 -1 inf
R 86 46 -1 inf
R 86 47 -1 inf
R 86 48 67 0.029310555650906862
R 86 49 -1 inf
R 86 50 -1 inf
R 86 51 -1 inf
R 86 52 -1 inf
R 86 53 -1 inf
R 86 54 -1 inf
R 86 55 -1 inf
R 86 56 -1 inf
R 86 57 67 0.022420003051064258
R 86 58 67 0.016931322672010404
R 86 59 -1 inf
R 86 60 -1 inf
R 86 61 -1 inf
R 86 62 -1 inf
R 86 63 -1 inf
R 86 64 -1 inf
R 86 65 -1 inf
R 86 66 67 0.026722970728066429
R 86 67 67 0.0091776649342634985
R 86 68 95 0.012592477645457326
R 86 69 -1 inf
R 86 70 -1 inf
R 86 71 -1 inf
R 86 72 -1 inf
R 86 73 -1 inf
R 86 74 -1 inf
R 86 75 67 0.034557790011883145
R 86 76 67 0.013367059133790002
R 86 77 77 0.0044678040163326944
R 86 78 -1 inf
R 86 79 -1 inf
R 86 80 -1 inf
R 86 81 -1 inf
R 86 82 -1 inf
R 86 83 -1 inf
R 86 84 67 0.050532708762872094
R 86 85 67 0.017214579160008334
R 86 86 86 0
R 86 87 -1 inf
R 86 88 -1 inf
R 86 89 -1 inf
R 86 90 -1 inf
R 86 91 -1 inf
R 86 92 -1 inf
R 86 93 -1 inf
R 86 94 -1 inf
R 86 95 95 0.0065216886199650484
R 86 96 -1 inf
R 86 97 -1 inf
R 86 98 -1 inf
R 86 99 -1 inf
R 87 0 -1 inf
R 87 1 -1 inf
R 87 2 -1 inf
R 87 3 -1 inf
R 87 4 -1 inf
R 87 5 -1 inf
R 87 6 -1 inf
R 87 7 7 0.0029255322710164031
R 87 8 -1 inf
R 87 9 -1 inf
R 87 10 -1 inf
R 87 11 -1 inf
R 87 12 -1 inf
R 87 13 -1 inf
R 87 14 -1 inf
R 87 15 -1 inf
R 87 16 16 0.0063865823172741358
R 87 17 -1 inf
R 87 18 -1 inf
R 87 19 -1 inf
R 87 20 -1 inf
R 87 21 -1 inf
R 87 22 -1 inf
R 87 23 -1 inf
R 87 24 -1 inf
R 87 25 -1 inf
R 87 26 -1 inf
R 87 27 -1 inf
R 87 28 -1 inf
R 87 29 -1 inf
R 87 30 -1 inf
R 87 31 -1 inf
R 87 32 -1 inf
R 87 33 -1 inf
R 87 34 -1 inf
R 87 35 -1 inf
R 87 36 -1 inf
R 87 37 -1 inf
R 87 38 -1 inf
R 87 39 -1 inf
R 87 40 -1 inf
R 87 41 -1 inf
R 87 42 -1 inf
R 87 43 -1 inf
R 87 44 -1 inf
R 87 45 -1 inf
R 87 46 -1 inf
R 87 47 -1 inf
R 87 48 -1 inf
R 87 49 -1 inf
R 87 50 -1 inf
R 87 51 -1 inf
R 87 52 -1 inf
R 87 53 -1 inf
R 87 54 -1 inf
R 87 55 -1 inf
R 87 56 -1 inf
R 87 57 -1 inf
R 87 58 -1 inf
R 87 59 -1 inf
R 87 60 -1 inf
R 87 61 -1 inf
R 87 62 -1 inf
R 87 63 -1 inf
R 87 64 -1 inf
R 87 65 -1 inf
R 87 66 -1 inf
R 87 67 -1 inf
R 87 68 -1 inf
R 87 69 -1 inf
R 87 70 -1 inf
R 87 71 -1 inf
R 87 72 -1 inf
R 87 73 -1 inf
R 87 74 -1 inf
R 87 75 -1 inf
R 87 76 -1 inf
R 87 77 -1 inf
R 87 78 16 0.012730599695197718
R 87 79 -1 inf
R 87 80 -1 inf
R 87 81 -1 inf
R 87 82 -1 inf
R 87 83 -1 inf
R 87 84 -1 inf
R 87 85 -1 inf
R 87 86 -1 inf
R 87 87 87 0
R 87 88 -1 inf
R 87 89 -1 inf
R 87 90 -1 inf
R 87 91 -1 inf
R 87 92 -1 inf
R 87 93 -1 inf
R 87 94 -1 inf
R 87 95 -1 inf
R 87 96 96 0.0050490082059750476
R 87 97 -1 inf
R 87 98 -1 inf
R 87 99 -1 inf
R 88 0 -1 inf
R 88 1 -1 inf
R 88 2 -1 inf
R 88 3 -1 inf
R 88 4 -1 inf
R 88 5 -1 inf
R 88 6 -1 inf
R 88 7 -1 inf
R 88 8 26 0.016452129040402646
R 88 9 26 0.038747627577777943
R 88 10 -1 inf
R 88 11 -1 inf
R 88 12 -1 inf
R 88 13 -1 inf
R 88 14 -1 inf
R 88 15 -1 inf
R 88 16 -1 inf
R 88 17 26 0.015987247478318659
R 88 18 26 0.030375009836161843
R 88 19 26 0.048283830166701826
R 88 20 -1 inf
R 88 21 -1 inf
R 88 22 -1 inf
R 88 23 -1 inf
R 88 24 -1 inf
R 88 25 25 0.0077143456605167785
R 88 26 26 0.008846339229801034
R 88 27 26 0.025767608084180035
R 88 28 26 0.044828393145188779
R 88 29 26 0.066506640355906588
R 88 30 -1 inf
R 88 31 -1 inf
R 88 32 -1 inf
R 88 33 -1 inf
R 88 34 -1 inf
R 88 35 -1 inf
R 88 36 26 0.032047928852450891
R 88 37 26 0.044555682854234904
R 88 38 26 0.059458278230638435
R 88 39 -1 inf
R 88 40 -1 inf
R 88 41 -1 inf
R 88 42 -1 inf
R 88 43 -1 inf
R 88 44 -1 inf
R 88 45 26 0.043788045808551161
R 88 46 26 0.039089920025835195
R 88 47 26 0.058147071363769696
R 88 48 -1 inf
R 88 49 -1 inf
R 88 50 -1 inf
R 88 51 -1 inf
R 88 52 -1 inf
R 88 53 -1 inf
R 88 54 -1 inf
R 88 55 26 0.050044424814825197
R 88 56 26 0.053377469969034683
R 88 57 -1 inf
R 88 58 -1 inf
R 88 59 -1 inf
R 88 60 -1 inf
R 88 61 -1 inf
R 88 62 -1 inf
R 88 63 -1 inf
R 88 64 -1 inf
R 88 65 26 0.062442389016339951
R 88 66 -1 inf
R 88 67 -1 inf
R 88 68 -1 inf
R 88 69 -1 inf
R 88 70 -1 inf
R 88 71 -1 inf
R 88 72 -1 inf
R 88 73 -1 inf
R 88 74 -1 inf
R 88 75 -1 inf
R 88 76 -1 inf
R 88 77 -1 inf
R 88 78 -1 inf
R 88 79 25 0.014021921089812355
R 88 80 -1 inf
R 88 81 -1 inf
R 88 82 -1 inf
R 88 83 -1 inf
R 88 84 -1 inf
R 88 85 -1 inf
R 88 86 -1 inf
R 88 87 -1 inf
R 88 88 88 0
R 88 89 -1 inf
R 88 90 -1 inf
R 88 91 -1 inf
R 88 92 -1 inf
R 88 93 -1 inf
R 88 94 -1 inf
R 88 95 -1 inf
R 88 96 -1 inf
R 88 97 26 0.012378020666830058
R 88 98 -1 inf
R 88 99 -1 inf
R 89 0 -1 inf
R 89 1 34 0.064267925831396802
R 89 2 -1 inf
R 89 3 -1 inf
R 89 4 -1 inf
R 89 5 -1 inf
R 89 6 -1 inf
R 89 7 -1 inf
R 89 8 -1 inf
R 89 9 -1 inf
R 89 10 -1 inf
R 89 11 -1 inf
R 89 12 -1 inf
R 89 13 -1 inf
R 89 14 -1 inf
R 89 15 -1 inf
R 89 16 -1 inf
R 89 17 -1 inf
R 89 18 -1 inf
R 89 19 -1 inf
R 89 20 -1 inf
R 89 21 -1 inf
R 89 22 -1 inf
R 89 23 -1 inf
R 89 24 -1 inf
R 89 25 -1 inf
R 89 26 -1 inf
R 89 27 -1 inf
R 89 28 -1 inf
R 89 29 -1 inf
R 89 30 -1 inf
R 89 31 -1 inf
R 89 32 -1 inf
R 89 33 -1 inf
R 89 34 34 0.0084631065450220602
R 89 35 -1 inf
R 89 36 -1 inf
R 89 37 -1 inf
R 89 38 -1 inf
R 89 39 -1 inf
R 89 40 -1 inf
R 89 41 -1 inf
R 89 42 -1 inf
R 89 43 34 0.021222581153739546
R 89 44 -1 inf
R 89 45 -1 inf
R 89 46 -1 inf
R 89 47 -1 inf
R 89 48 -1 inf
R 89 49 -1 inf
R 89 50 -1 inf
R 89 51 -1 inf
R 89 52 34 0.028118082470767063
R 89 53 34 0.045904485037077947
R 89 54 -1 inf
R 89 55 -1 inf
R 89 56 -1 inf
R 89 57 -1 inf
R 89 58 -1 inf
R 89 59 -1 inf
R 89 60 -1 inf
R 89 61 34 0.024210642534272776
R 89 62 34 0.041360108481406581
R 89 63 34 0.06312804532365783
R 89 64 -1 inf
R 89 65 -1 inf
R 89 66 -1 inf
R 89 67 -1 inf
R 89 68 -1 inf
R 89 69 -1 inf
R 89 70 34 0.015975813395684661
R 89 71 34 0.037170580783475037
R 89 72 34 0.055007534881651464
R 89 73 -1 inf
R 89 74 -1 inf
R 89 75 -1 inf
R 89 76 -1 inf
R 89 77 -1 inf
R 89 78 -1 inf
R 89 79 -1 inf
R 89 80 34 0.044550927562254858
R 89 81 34 0.050538918108352981
R 89 82 -1 inf
R 89 83 -1 inf
R 89 84 -1 inf
R 89 85 -1 inf
R 89 86 -1 inf
R 89 87 -1 inf
R 89 88 -1 inf
R 89 89 89 0
R 89 90 34 0.057056391924610907
R 89 91 -1 inf
R 89 92 -1 inf
R 89 93 -1 inf
R 89 94 -1 inf
R 89 95 -1 inf
R 89 96 -1 inf
R 89 97 -1 inf
R 89 98 -1 inf
R 89 99 -1 inf
R 90 0 -1 inf
R 90 1 63 0.011515659272882138
R 90 2 -1 inf
R 90 3 -1 inf
R 90 4 -1 inf
R 90 5 -1 inf
R 90 6 -1 inf
R 90 7 -1 inf
R 90 8 -1 inf
R 90 9 -1 inf
R 90 10 -1 inf
R 90 11 -1 inf
R 90 12 -1 inf
R 90 13 -1 inf
R 90 14 -1 inf
R 90 15 -1 inf
R 90 16 -1 inf
R 90 17 -1 inf
R 90 18 -1 inf
R 90 19 -1 inf
R 90 20 -1 inf
R 90 21 -1 inf
R 90 22 -1 inf
R 90 23 -1 inf
R 90 24 -1 inf
R 90 25 -1 inf
R 90 26 -1 inf
R 90 27 -1 inf
R 90 28 -1 inf
R 90 29 -1 inf
R 90 30 -1 inf
R 90 31 -1 inf
R 90 32 -1 inf
R 90 33 -1 inf
R 90 34 81 0.048593285379588846
R 90 35 -1 inf
R 90 36 -1 inf
R 90 37 -1 inf
R 90 38 -1 inf
R 90 39 -1 inf
R 90 40 -1 inf
R 90 41 -1 inf
R 90 42 -1 inf
R 90 43 81 0.035833810770871354
R 90 44 -1 inf
R 90 45 -1 inf
R 90 46 -1 inf
R 90 47 -1 inf
R 90 48 -1 inf
R 90 49 -1 inf
R 90 50 -1 inf
R 90 51 -1 inf
R 90 52 81 0.028938309453843836
R 90 53 81 0.023456759840510381
R 90 54 -1 inf
R 90 55 -1 inf
R 90 56 -1 inf
R 90 57 -1 inf
R 90 58 -1 inf
R 90 59 -1 inf
R 90 60 -1 inf
R 90 61 81 0.033240778251367578
R 90 62 81 0.015696283443204322
R 90 63 63 0.0060716533990469246
R 90 64 -1 inf
R 90 65 -1 inf
R 90 66 -1 inf
R 90 67 -1 inf
R 90 68 -1 inf
R 90 69 -1 inf
R 90 70 81 0.041080578528926243
R 90 71 81 0.019885811141135863
R 90 72 72 0.0066428696095376721
R 90 73 -1 inf
R 90 74 -1 inf
R 90 75 -1 inf
R 90 76 -1 inf
R 90 77 -1 inf
R 90 78 -1 inf
R 90 79 -1 inf
R 90 80 81 0.023730279735534959
R 90 81 81 0.0065174738162579252
R 90 82 -1 inf
R 90 83 -1 inf
R 90 84 -1 inf
R 90 85 -1 inf
R 90 86 -1 inf
R 90 87 -1 inf
R 90 88 -1 inf
R 90 89 81 0.057056391924610907
R 90 90 90 0
R 90 91 -1 inf
R 90 92 -1 inf
R 90 93 -1 inf
R 90 94 -1 inf
R 90 95 -1 inf
R 90 96 -1 inf
R 90 97 -1 inf
R 90 98 -1 inf
R 90 99 -1 inf
R 91 0 -1 inf
R 91 1 -1 inf
R 91 2 2 0.004265136538622441
R 91 3 -1 inf
R 91 4 -1 inf
R 91 5 -1 inf
R 91 6 -1 inf
R 91 7 -1 inf
R 91 8 -1 inf
R 91 9 -1 inf
R 91 10 -1 inf
R 91 11 82 0.011435805120276633
R 91 12 -1 inf
R 91 13 -1 inf
R 91 14 -1 inf
R 91 15 -1 inf
R 91 16 -1 inf
R 91 17 -1 inf
R 91 18 -1 inf
R 91 19 -1 inf
R 91 20 -1 inf
R 91 21 -1 inf
R 91 22 -1 inf
R 91 23 -1 inf
R 91 24 -1 inf
R 91 25 -1 inf
R 91 26 -1 inf
R 91 27 -1 inf
R 91 28 -1 inf
R 91 29 -1 inf
R 91 30 -1 inf
R 91 31 -1 inf
R 91 32 -1 inf
R 91 33 -1 inf
R 91 34 -1 inf
R 91 35 -1 inf
R 91 36 -1 inf
R 91 37 -1 inf
R 91 38 -1 inf
R 91 39 -1 inf
R 91 40 -1 inf
R 91 41 -1 inf
R 91 42 -1 inf
R 91 43 -1 inf
R 91 44 -1 inf
R 91 45 -1 inf
R 91 46 -1 inf
R 91 47 -1 inf
R 91 48 -1 inf
R 91 49 -1 inf
R 91 50 -1 inf
R 91 51 -1 inf
R 91 52 -1 inf
R 91 53 -1 inf
R 91 54 -1 inf
R 91 55 -1 inf
R 91 56 -1 inf
R 91 57 -1 inf
R 91 58 -1 inf
R 91 59 -1 inf
R 91 60 -1 inf
R 91 61 -1 inf
R 91 62 -1 inf
R 91 63 -1 inf
R 91 64 -1 inf
R 91 65 -1 inf
R 91 66 -1 inf
R 91 67 -1 inf
R 91 68 -1 inf
R 91 69 -1 inf
R 91 70 -1 inf
R 91 71 -1 inf
R 91 72 -1 inf
R 91 73 82 0.017780371607890259
R 91 74 -1 inf
R 91 75 -1 inf
R 91 76 -1 inf
R 91 77 -1 inf
R 91 78 -1 inf
R 91 79 -1 inf
R 91 80 -1 inf
R 91 81 -1 inf
R 91 82 82 0.0050507273366250365
R 91 83 -1 inf
R 91 84 -1 inf
R 91 85 -1 inf
R 91 86 -1 inf
R 91 87 -1 inf
R 91 88 -1 inf
R 91 89 -1 inf
R 91 90 -1 inf
R 91 91 91 0
R 91 92 -1 inf
R 91 93 -1 inf
R 91 94 -1 inf
R 91 95 -1 inf
R 91 96 -1 inf
R 91 97 -1 inf
R 91 98 -1 inf
R 91 99 -1 inf
R 92 0 -1 inf
R 92 1 -1 inf
R 92 2 -1 inf
R 92 3 3 0.0065869942120656078
R 92 4 3 0.028881547440480784
R 92 5 -1 inf
R 92 6 -1 inf
R 92 7 -1 inf
R 92 8 -1 inf
R 92 9 -1 inf
R 92 10 -1 inf
R 92 11 -1 inf
R 92 12 12 0.00504045423882907
R 92 13 3 0.02051253849366198
R 92 14 3 0.038423327680647532
R 92 15 -1 inf
R 92 16 -1 inf
R 92 17 -1 inf
R 92 18 -1 inf
R 92 19 -1 inf
R 92 20 21 0.020093237859470599
R 92 21 21 0.0035313694744814315
R 92 22 3 0.015904095812369647
R 92 23 3 0.034964927697892903
R 92 24 3 0.056633810503333673
R 92 25 -1 inf
R 92 26 -1 inf
R 92 27 -1 inf
R 92 28 -1 inf
R 92 29 -1 inf
R 92 30 -1 inf
R 92 31 3 0.022180652548330501
R 92 32 3 0.03468996518451295
R 92 33 3 0.049596045594844887
R 92 34 -1 inf
R 92 35 -1 inf
R 92 36 -1 inf
R 92 37 -1 inf
R 92 38 -1 inf
R 92 39 -1 inf
R 92 40 3 0.0339215129473278
R 92 41 3 0.029226570467124766
R 92 42 3 0.048282795559388691
R 92 43 -1 inf
R 92 44 -1 inf
R 92 45 -1 inf
R 92 46 -1 inf
R 92 47 -1 inf
R 92 48 -1 inf
R 92 49 -1 inf
R 92 50 3 0.04018391170663542
R 92 51 3 0.043514484836179625
R 92 52 -1 inf
R 92 53 -1 inf
R 92 54 -1 inf
R 92 55 -1 inf
R 92 56 -1 inf
R 92 57 -1 inf
R 92 58 -1 inf
R 92 59 -1 inf
R 92 60 3 0.052569300700715374
R 92 61 -1 inf
R 92 62 -1 inf
R 92 63 -1 inf
R 92 64 -1 inf
R 92 65 -1 inf
R 92 66 -1 inf
R 92 67 -1 inf
R 92 68 -1 inf
R 92 69 -1 inf
R 92 70 -1 inf
R 92 71 -1 inf
R 92 72 -1 inf
R 92 73 -1 inf
R 92 74 21 0.026400905464689196
R 92 75 -1 inf
R 92 76 -1 inf
R 92 77 -1 inf
R 92 78 -1 inf
R 92 79 -1 inf
R 92 80 -1 inf
R 92 81 -1 inf
R 92 82 -1 inf
R 92 83 21 0.012379446309017448
R 92 84 -1 inf
R 92 85 -1 inf
R 92 86 -1 inf
R 92 87 -1 inf
R 92 88 -1 inf
R 92 89 -1 inf
R 92 90 -1 inf
R 92 91 -1 inf
R 92 92 92 0
R 92 93 -1 inf
R 92 94 -1 inf
R 92 95 -1 inf
R 92 96 -1 inf
R 92 97 -1 inf
R 92 98 -1 inf
R 92 99 -1 inf
R 93 0 -1 inf
R 93 1 -1 inf
R 93 2 -1 inf
R 93 3 -1 inf
R 93 4 -1 inf
R 93 5 -1 inf
R 93 6 -1 inf
R 93 7 -1 inf
R 93 8 -1 inf
R 93 9 -1 inf
R 93 10 -1 inf
R 93 11 -1 inf
R 93 12 -1 inf
R 93 13 -1 inf
R 93 14 -1 inf
R 93 15 -1 inf
R 93 16 -1 inf
R 93 17 -1 inf
R 93 18 -1 inf
R 93 19 -1 inf
R 93 20 -1 inf
R 93 21 -1 inf
R 93 22 -1 inf
R 93 23 -1 inf
R 93 24 -1 inf
R 93 25 -1 inf
R 93 26 -1 inf
R 93 27 -1 inf
R 93 28 -1 inf
R 93 29 -1 inf
R 93 30 30 0.0060877089093961606
R 93 31 -1 inf
R 93 32 -1 inf
R 93 33 -1 inf
R 93 34 -1 inf
R 93 35 -1 inf
R 93 36 -1 inf
R 93 37 -1 inf
R 93 38 -1 inf
R 93 39 -1 inf
R 93 40 -1 inf
R 93 41 -1 inf
R 93 42 -1 inf
R 93 43 -1 inf
R 93 44 -1 inf
R 93 45 -1 inf
R 93 46 -1 inf
R 93 47 -1 inf
R 93 48 -1 inf
R 93 49 -1 inf
R 93 50 -1 inf
R 93 51 -1 inf
R 93 52 -1 inf
R 93 53 -1 inf
R 93 54 -1 inf
R 93 55 -1 inf
R 93 56 -1 inf
R 93 57 -1 inf
R 93 58 -1 inf
R 93 59 -1 inf
R 93 60 -1 inf
R 93 61 -1 inf
R 93 62 -1 inf
R 93 63 -1 inf
R 93 64 -1 inf
R 93 65 -1 inf
R 93 66 -1 inf
R 93 67 -1 inf
R 93 68 -1 inf
R 93 69 -1 inf
R 93 70 -1 inf
R 93 71 -1 inf
R 93 72 -1 inf
R 93 73 -1 inf
R 93 74 -1 inf
R 93 75 -1 inf
R 93 76 -1 inf
R 93 77 -1 inf
R 93 78 -1 inf
R 93 79 -1 inf
R 93 80 -1 inf
R 93 81 -1 inf
R 93 82 -1 inf
R 93 83 -1 inf
R 93 84 -1 inf
R 93 85 -1 inf
R 93 86 -1 inf
R 93 87 -1 inf
R 93 88 -1 inf
R 93 89 -1 inf
R 93 90 -1 inf
R 93 91 -1 inf
R 93 92 -1 inf
R 93 93 93 0
R 93 94 -1 inf
R 93 95 -1 inf
R 93 96 -1 inf
R 93 97 -1 inf
R 93 98 -1 inf
R 93 99 -1 inf
R 94 0 -1 inf
R 94 1 -1 inf
R 94 2 -1 inf
R 94 3 -1 inf
R 94 4 -1 inf
R 94 5 -1 inf
R 94 6 -1 inf
R 94 7 -1 inf
R 94 8 -1 inf
R 94 9 -1 inf
R 94 10 -1 inf
R 94 11 -1 inf
R 94 12 -1 inf
R 94 13 -1 inf
R 94 14 -1 inf
R 94 15 -1 inf
R 94 16 -1 inf
R 94 17 -1 inf
R 94 18 -1 inf
R 94 19 -1 inf
R 94 20 -1 inf
R 94 21 -1 inf
R 94 22 -1 inf
R 94 23 -1 inf
R 94 24 -1 inf
R 94 25 -1 inf
R 94 26 -1 inf
R 94 27 -1 inf
R 94 28 -1 inf
R 94 29 -1 inf
R 94 30 -1 inf
R 94 31 -1 inf
R 94 32 -1 inf
R 94 33 -1 inf
R 94 34 -1 inf
R 94 35 -1 inf
R 94 36 -1 inf
R 94 37 -1 inf
R 94 38 -1 inf
R 94 39 -1 inf
R 94 40 -1 inf
R 94 41 -1 inf
R 94 42 -1 inf
R 94 43 -1 inf
R 94 44 -1 inf
R 94 45 -1 inf
R 94 46 -1 inf
R 94 47 -1 inf
R 94 48 -1 inf
R 94 49 49 0.0079281726901806113
R 94 50 -1 inf
R 94 51 -1 inf
R 94 52 -1 inf
R 94 53 -1 inf
R 94 54 -1 inf
R 94 55 -1 inf
R 94 56 -1 inf
R 94 57 -1 inf
R 94 58 -1 inf
R 94 59 -1 inf
R 94 60 -1 inf
R 94 61 -1 inf
R 94 62 -1 inf
R 94 63 -1 inf
R 94 64 -1 inf
R 94 65 -1 inf
R 94 66 -1 inf
R 94 67 -1 inf
R 94 68 -1 inf
R 94 69 -1 inf
R 94 70 -1 inf
R 94 71 -1 inf
R 94 72 -1 inf
R 94 73 -1 inf
R 94 74 -1 inf
R 94 75 -1 inf
R 94 76 -1 inf
R 94 77 -1 inf
R 94 78 -1 inf
R 94 79 -1 inf
R 94 80 -1 inf
R 94 81 -1 inf
R 94 82 -1 inf
R 94 83 -1 inf
R 94 84 -1 inf
R 94 85 -1 inf
R 94 86 -1 inf
R 94 87 -1 inf
R 94 88 -1 inf
R 94 89 -1 inf
R 94 90 -1 inf
R 94 91 -1 inf
R 94 92 -1 inf
R 94 93 -1 inf
R 94 94 94 0
R 94 95 -1 inf
R 94 96 -1 inf
R 94 97 -1 inf
R 94 98 -1 inf
R 94 99 -1 inf
R 95 0 -1 inf
R 95 1 -1 inf
R 95 2 -1 inf
R 95 3 -1 inf
R 95 4 -1 inf
R 95 5 -1 inf
R 95 6 68 0.011514870308288242
R 95 7 -1 inf
R 95 8 -1 inf
R 95 9 -1 inf
R 95 10 -1 inf
R 95 11 -1 inf
R 95 12 -1 inf
R 95 13 -1 inf
R 95 14 -1 inf
R 95 15 -1 inf
R 95 16 -1 inf
R 95 17 -1 inf
R 95 18 -1 inf
R 95 19 -1 inf
R 95 20 -1 inf
R 95 21 -1 inf
R 95 22 -1 inf
R 95 23 -1 inf
R 95 24 -1 inf
R 95 25 -1 inf
R 95 26 -1 inf
R 95 27 -1 inf
R 95 28 -1 inf
R 95 29 -1 inf
R 95 30 -1 inf
R 95 31 -1 inf
R 95 32 -1 inf
R 95 33 -1 inf
R 95 34 -1 inf
R 95 35 -1 inf
R 95 36 -1 inf
R 95 37 -1 inf
R 95 38 -1 inf
R 95 39 86 0.048591001902186695
R 95 40 -1 inf
R 95 41 -1 inf
R 95 42 -1 inf
R 95 43 -1 inf
R 95 44 -1 inf
R 95 45 -1 inf
R 95 46 -1 inf
R 95 47 -1 inf
R 95 48 86 0.035832244270871907
R 95 49 -1 inf
R 95 50 -1 inf
R 95 51 -1 inf
R 95 52 -1 inf
R 95 53 -1 inf
R 95 54 -1 inf
R 95 55 -1 inf
R 95 56 -1 inf
R 95 57 86 0.028941691671029304
R 95 58 86 0.023453011291975454
R 95 59 -1 inf
R 95 60 -1 inf
R 95 61 -1 inf
R 95 62 -1 inf
R 95 63 -1 inf
R 95 64 -1 inf
R 95 65 -1 inf
R 95 66 86 0.033244659348031474
R 95 67 86 0.015699353554228548
R 95 68 68 0.0060707890254922776
R 95 69 -1 inf
R 95 70 -1 inf
R 95 71 -1 inf
R 95 72 -1 inf
R 95 73 -1 inf
R 95 74 -1 inf
R 95 75 86 0.041079478631848194
R 95 76 86 0.01988874775375505
R 95 77 77 0.0066442538393867391
R 95 78 -1 inf
R 95 79 -1 inf
R 95 80 -1 inf
R 95 81 -1 inf
R 95 82 -1 inf
R 95 83 -1 inf
R 95 84 86 0.057054397382837144
R 95 85 86 0.023736267779973383
R 95 86 86 0.0065216886199650484
R 95 87 -1 inf
R 95 88 -1 inf
R 95 89 -1 inf
R 95 90 -1 inf
R 95 91 -1 inf
R 95 92 -1 inf
R 95 93 -1 inf
R 95 94 -1 inf
R 95 95 95 0
R 95 96 -1 inf
R 95 97 -1 inf
R 95 98 -1 inf
R 95 99 -1 inf
R 96 0 -1 inf
R 96 1 -1 inf
R 96 2 -1 inf
R 96 3 -1 inf
R 96 4 -1 inf
R 96 5 -1 inf
R 96 6 -1 inf
R 96 7 7 0.0042662843812273851
R 96 8 -1 inf
R 96 9 -1 inf
R 96 10 -1 inf
R 96 11 -1 inf
R 96 12 -1 inf
R 96 13 -1 inf
R 96 14 -1 inf
R 96 15 -1 inf
R 96 16 87 0.011435590523249183
R 96 17 -1 inf
R 96 18 -1 inf
R 96 19 -1 inf
R 96 20 -1 inf
R 96 21 -1 inf
R 96 22 -1 inf
R 96 23 -1 inf
R 96 24 -1 inf
R 96 25 -1 inf
R 96 26 -1 inf
R 96 27 -1 inf
R 96 28 -1 inf
R 96 29 -1 inf
R 96 30 -1 inf
R 96 31 -1 inf
R 96 32 -1 inf
R 96 33 -1 inf
R 96 34 -1 inf
R 96 35 -1 inf
R 96 36 -1 inf
R 96 37 -1 inf
R 96 38 -1 inf
R 96 39 -1 inf
R 96 40 -1 inf
R 96 41 -1 inf
R 96 42 -1 inf
R 96 43 -1 inf
R 96 44 -1 inf
R 96 45 -1 inf
R 96 46 -1 inf
R 96 47 -1 inf
R 96 48 -1 inf
R 96 49 -1 inf
R 96 50 -1 inf
R 96 51 -1 inf
R 96 52 -1 inf
R 96 53 -1 inf
R 96 54 -1 inf
R 96 55 -1 inf
R 96 56 -1 inf
R 96 57 -1 inf
R 96 58 -1 inf
R 96 59 -1 inf
R 96 60 -1 inf
R 96 61 -1 inf
R 96 62 -1 inf
R 96 63 -1 inf
R 96 64 -1 inf
R 96 65 -1 inf
R 96 66 -1 inf
R 96 67 -1 inf
R 96 68 -1 inf
R 96 69 -1 inf
R 96 70 -1 inf
R 96 71 -1 inf
R 96 72 -1 inf
R 96 73 -1 inf
R 96 74 -1 inf
R 96 75 -1 inf
R 96 76 -1 inf
R 96 77 -1 inf
R 96 78 87 0.017779607901172764
R 96 79 -1 inf
R 96 80 -1 inf
R 96 81 -1 inf
R 96 82 -1 inf
R 96 83 -1 inf
R 96 84 -1 inf
R 96 85 -1 inf
R 96 86 -1 inf
R 96 87 87 0.0050490082059750476
R 96 88 -1 inf
R 96 89 -1 inf
R 96 90 -1 inf
R 96 91 -1 inf
R 96 92 -1 inf
R 96 93 -1 inf
R 96 94 -1 inf
R 96 95 -1 inf
R 96 96 96 0
R 96 97 -1 inf
R 96 98 -1 inf
R 96 99 -1 inf
R 97 0 -1 inf
R 97 1 -1 inf
R 97 2 -1 inf
R 97 3 -1 inf
R 97 4 -1 inf
R 97 5 -1 inf
R 97 6 -1 inf
R 97 7 -1 inf
R 97 8 8 0.0065821807555750955
R 97 9 8 0.028877679292950396
R 97 10 -1 inf
R 97 11 -1 inf
R 97 12 -1 inf
R 97 13 -1 inf
R 97 14 -1 inf
R 97 15 -1 inf
R 97 16 -1 inf
R 97 17 17 0.0050390791801343503
R 97 18 8 0.020505061551334289
R 97 19 8 0.038413881881874272
R 97 20 -1 inf
R 97 21 -1 inf
R 97 22 -1 inf
R 97 23 -1 inf
R 97 24 -1 inf
R 97 25 26 0.020092366327346838
R 97 26 26 0.0035316814370290246
R 97 27 8 0.015897659799352485
R 97 28 8 0.034958444860361225
R 97 29 8 0.056636692071079034
R 97 30 -1 inf
R 97 31 -1 inf
R 97 32 -1 inf
R 97 33 -1 inf
R 97 34 -1 inf
R 97 35 -1 inf
R 97 36 8 0.022177980567623344
R 97 37 8 0.03468573456940735
R 97 38 8 0.049588329945810881
R 97 39 -1 inf
R 97 40 -1 inf
R 97 41 -1 inf
R 97 42 -1 inf
R 97 43 -1 inf
R 97 44 -1 inf
R 97 45 8 0.033918097523723614
R 97 46 8 0.029219971741007641
R 97 47 8 0.048277123078942143
R 97 48 -1 inf
R 97 49 -1 inf
R 97 50 -1 inf
R 97 51 -1 inf
R 97 52 -1 inf
R 97 53 -1 inf
R 97 54 -1 inf
R 97 55 8 0.040174476529997644
R 97 56 8 0.043507521684207129
R 97 57 -1 inf
R 97 58 -1 inf
R 97 59 -1 inf
R 97 60 -1 inf
R 97 61 -1 inf
R 97 62 -1 inf
R 97 63 -1 inf
R 97 64 -1 inf
R 97 65 8 0.052572440731512397
R 97 66 -1 inf
R 97 67 -1 inf
R 97 68 -1 inf
R 97 69 -1 inf
R 97 70 -1 inf
R 97 71 -1 inf
R 97 72 -1 inf
R 97 73 -1 inf
R 97 74 -1 inf
R 97 75 -1 inf
R 97 76 -1 inf
R 97 77 -1 inf
R 97 78 -1 inf
R 97 79 26 0.026399941756642415
R 97 80 -1 inf
R 97 81 -1 inf
R 97 82 -1 inf
R 97 83 -1 inf
R 97 84 -1 inf
R 97 85 -1 inf
R 97 86 -1 inf
R 97 87 -1 inf
R 97 88 26 0.012378020666830058
R 97 89 -1 inf
R 97 90 -1 inf
R 97 91 -1 inf
R 97 92 -1 inf
R 97 93 -1 inf
R 97 94 -1 inf
R 97 95 -1 inf
R 97 96 -1 inf
R 97 97 97 0
R 97 98 -1 inf
R 97 99 -1 inf
R 98 0 -1 inf
R 98 1 -1 inf
R 98 2 -1 inf
R 98 3 -1 inf
R 98 4 -1 inf
R 98 5 -1 inf
R 98 6 -1 inf
R 98 7 -1 inf
R 98 8 -1 inf
R 98 9 -1 inf
R 98 10 -1 inf
R 98 11 -1 inf
R 98 12 -1 inf
R 98 13 -1 inf
R 98 14 -1 inf
R 98 15 -1 inf
R 98 16 -1 inf
R 98 17 -1 inf
R 98 18 -1 inf
R 98 19 -1 inf
R 98 20 -1 inf
R 98 21 -1 inf
R 98 22 -1 inf
R 98 23 -1 inf
R 98 24 -1 inf
R 98 25 -1 inf
R 98 26 -1 inf
R 98 27 -1 inf
R 98 28 -1 inf
R 98 29 -1 inf
R 98 30 -1 inf
R 98 31 -1 inf
R 98 32 -1 inf
R 98 33 -1 inf
R 98 34 -1 inf
R 98 35 35 0.0060878018201979377
R 98 36 -1 inf
R 98 37 -1 inf
R 98 38 -1 inf
R 98 39 -1 inf
R 98 40 -1 inf
R 98 41 -1 inf
R 98 42 -1 inf
R 98 43 -1 inf
R 98 44 -1 inf
R 98 45 -1 inf
R 98 46 -1 inf
R 98 47 -1 inf
R 98 48 -1 inf
R 98 49 -1 inf
R 98 50 -1 inf
R 98 51 -1 inf
R 98 52 -1 inf
R 98 53 -1 inf
R 98 54 -1 inf
R 98 55 -1 inf
R 98 56 -1 inf
R 98 57 -1 inf
R 98 58 -1 inf
R 98 59 -1 inf
R 98 60 -1 inf
R 98 61 -1 inf
R 98 62 -1 inf
R 98 63 -1 inf
R 98 64 -1 inf
R 98 65 -1 inf
R 98 66 -1 inf
R 98 67 -1 inf
R 98 68 -1 inf
R 98 69 -1 inf
R 98 70 -1 inf
R 98 71 -1 inf
R 98 72 -1 inf
R 98 73 -1 inf
R 98 74 -1 inf
R 98 75 -1 inf
R 98 76 -1 inf
R 98 77 -1 inf
R 98 78 -1 inf
R 98 79 -1 inf
R 98 80 -1 inf
R 98 81 -1 inf
R 98 82 -1 inf
R 98 83 -1 inf
R 98 84 -1 inf
R 98 85 -1 inf
R 98 86 -1 inf
R 98 87 -1 inf
R 98 88 -1 inf
R 98 89 -1 inf
R 98 90 -1 inf
R 98 91 -1 inf
R 98 92 -1 inf
R 98 93 -1 inf
R 98 94 -1 inf
R 98 95 -1 inf
R 98 96 -1 inf
R 98 97 -1 inf
R 98 98 98 0
R 98 99 -1 inf
R 99 0 -1 inf
R 99 1 -1 inf
R 99 2 -1 inf
R 99 3 -1 inf
R 99 4 -1 inf
R 99 5 -1 inf
R 99 6 -1 inf
R 99 7 -1 inf
R 99 8 -1 inf
R 99 9 -1 inf
R 99 10 -1 inf
R 99 11 -1 inf
R 99 12 -1 inf
R 99 13 -1 inf
R 99 14 -1 inf
R 99 15 -1 inf
R 99 16 -1 inf
R 99 17 -1 inf
R 99 18 -1 inf
R 99 19 -1 inf
R 99 20 -1 inf
R 99 21 -1 inf
R 99 22 -1 inf
R 99 23 -1 inf
R 99 24 -1 inf
R 99 25 -1 inf
R 99 26 -1 inf
R 99 27 -1 inf
R 99 28 -1 inf
R 99 29 -1 inf
R 99 30 -1 inf
R 99 31 -1 inf
R 99 32 -1 inf
R 99 33 -1 inf
R 99 34 -1 inf
R 99 35 -1 inf
R 99 36 -1 inf
R 99 37 -1 inf
R 99 38 -1 inf
R 99 39 -1 inf
R 99 40 -1 inf
R 99 41 -1 inf
R 99 42 -1 inf
R 99 43 -1 inf
R 99 44 44 0.0079282470144933174
R 99 45 -1 inf
R 99 46 -1 inf
R 99 47 -1 inf
R 99 48 -1 inf
R 99 49 -1 inf
R 99 50 -1 inf
R 99 51 -1 inf
R 99 52 -1 inf
R 99 53 -1 inf
R 99 54 -1 inf
R 99 55 -1 inf
R 99 56 -1 inf
R 99 57 -1 inf
R 99 58 -1 inf
R 99 59 -1 inf
R 99 60 -1 inf
R 99 61 -1 inf
R 99 62 -1 inf
R 99 63 -1 inf
R 99 64 -1 inf
R 99 65 -1 inf
R 99 66 -1 inf
R 99 67 -1 inf
R 99 68 -1 inf
R 99 69 -1 inf
R 99 70 -1 inf
R 99 71 -1 inf
R 99 72 -1 inf
R 99 73 -1 inf
R 99 74 -1 inf
R 99 75 -1 inf
R 99 76 -1 inf
R 99 77 -1 inf
R 99 78 -1 inf
R 99 79 -1 inf
R 99 80 -1 inf
R 99 81 -1 inf
R 99 82 -1 inf
R 99 83 -1 inf
R 99 84 -1 inf
R 99 85 -1 inf
R 99 86 -1 inf
R 99 87 -1 inf
R 99 88 -1 inf
R 99 89 -1 inf
R 99 90 -1 inf
R 99 91 -1 inf
R 99 92 -1 inf
R 99 93 -1 inf
R 99 94 -1 inf
R 99 95 -1 inf
R 99 96 -1 inf
R 99 97 -1 inf
R 99 98 -1 inf
R 99 99 99 0
EPOCH 50
POS 0 6662.8075451050836 1128.0949501490541 1497.032561891436
POS 1 4290.7977639779265 3270.2766154049955 4339.8036477395208
POS 2 279.50932467467692 4165.8898266666311 5528.322521919099
POS 3 -3843.0050324543822 3471.9857247323625 4607.4806767460723
POS 4 -6502.0091120048401 1450.9858312815977 1925.5232336468302
POS 5 -6677.6761986927222 -1125.9248346454488 -1494.1527213500599
POS 6 -4300.4034591366744 -3272.2981393462742 -4342.4863006175765
POS 7 -280.86457172188921 -4166.194332457123 -5528.7266147515165
POS 8 3841.4858886897068 -3467.0374189336399 -4600.9140531600797
POS 9 6492.1382262145808 -1444.5081232174448 -1916.9270247043276
POS 10 4317.1188586092358 5018.82762433669 2020.7947157007263
POS 11 951.26785378432157 5032.1232152642979 4660.4911525909865
POS 12 -2780.3569074932375 3124.8384951884686 5523.5589710529066
POS 13 -5454.6605973377091 22.205013324429856 4278.5693847387984
POS 14 -6047.8806893031469 -3092.1986361190134 1397.6619594172973
POS 15 -4329.7604671228873 -5026.4250909549301 -2019.0906953440513
POS 16 -956.57224212459892 -5038.6899556901853 -4663.4037019470015
POS 17 2779.5667205509208 -3124.8261229388695 -5522.9293286385828
POS 18 5449.3231264187389 -19.157250085770556 -4271.1339805433763
POS 19 6035.2186362299744 3090.5432629319412 -1389.5625496683174
POS 20 93.79629937599924 6444.5560808780738 2524.3998996599171
POS 21 -2570.361571757961 4122.8017755208757 4934.7156114720083
POS 22 -4255.8085087513819 225.37855534723877 5463.656147240803
POS 23 -4318.0959003357984 -3762.6590851591523 3906.8566378837422
POS 24 -2730.6009110089899 -6317.0753722842301 855.77424067369736
POS 25 -98.608396357126665 -6457.9530139040135 -2523.8203842112675
POS 26 2570.3843315199879 -4129.820800460493 -4937.6226939964426
POS 27 4254.4932147885538 -225.14079804574982 -5461.8986224279324
POS 28 4311.1187896367483 3761.0038790676972 -3898.7296298967885
POS 29 2721.4626544361163 6306.9934641333957 -848.37527903834837
POS 30 -3948.1046988519256 4828.4519623091301 3002.8330252798446
POS 31 -4468.7693001142707 1171.1700411368934 5159.7370038007339
POS 32 -3284.1694632828139 -2936.6583994869115 5349.1957481194577
POS 33 -843.97381019914849 -5927.8063771585221 3496.0461048801326
POS 34 1921.00246611023 -6656.690824020392 305.28490647418971
POS 35 3952.595968507836 -4841.1801403039117 -3003.2818689491642
POS 36 4472.2923210470262 -1175.5104576069689 -5162.4034741925452
POS 37 3282.0719569950461 2935.957711061918 -5346.261158817294
POS 38 839.37087250621641 5920.967409036245 -3487.4322419994883
POS 39 -1921.5333176581221 6642.4184554952963 -298.76211723647788
POS 40 -5904.0016724922616 1074.7884275205975 3451.3290838587877
POS 41 -3849.0965858055238 -2171.1412733768652 5333.3034234084607
POS 42 -322.77065799422508 -4591.5879313308005 5181.3038490373165
POS 43 3330.9373864198997 -5261.1910052918429 3050.2351643825918
POS 44 5714.915042941825 -3920.8581295118024 -248.29263542790855
POS 45 5914.7215011203562 -1081.3286484604978 -3452.6691433903002
POS 46 3853.1888289813219 2170.217546063715 -5335.5037288713493
POS 47 321.07160008190311 4588.9904921592179 -5177.189938940367
POS 48 -3329.5880858995843 5251.942662752519 -3041.358604915552
POS 49 -5705.8904462796463 3909.1730104672743 253.79845821770218
POS 50 -4950.2045622648993 -2912.8030068475232 3865.4201466373661
POS 51 -1162.411330208663 -4109.6379194101082 5453.6737196880604
POS 52 3073.2065550551738 -3738.8641823869739 4961.6403519786527
POS 53 6139.8210861564849 -1939.5533716721491 2573.8742581339297
POS 54 6862.3738393522935 602.40015754425463 -799.41200961242282
POS 55 4961.5427666299302 2914.3542748462542 -3867.478748802027
POS 56 1165.0451037764994 4110.788726286899 -5455.2008919945865
POS 57 -3072.6297457425712 3734.9091754606725 -4956.3918805176418
POS 58 -6131.8111232430165 1932.843255585206 -2564.9696333282764
POS 59 -6847.7129641626943 -605.70720904123721 803.80061517632646
POS 60 -1715.8416538197146 -5196.8669513806844 4240.9794776528488
POS 61 2060.2914647778307 -3644.34186066965 5519.6351694305695
POS 62 5054.0377272915684 -698.71888365284906 4692.38310286468
POS 63 6120.4837393283697 2517.0980957529514 2071.7225827227526
POS 64 4848.4331892300379 4773.1029945071232 -1342.5498980005834
POS 65 1722.7944679612933 5204.3177038831845 -4243.5553032101461
POS 66 -2059.2909464636882 3645.696486092555 -5520.3090760712057
POS 67 -5050.2186891776382 695.63196079136469 -4686.0900607983203
POS 68 -6108.9704623421303 -2516.8339231935238 -2063.0256427658187
POS 69 -4834.9831289975536 -4766.3261773875274 1345.7655755345988
POS 70 2075.8692561034859 -4765.7085403637666 4574.2623395548289
POS 71 4030.5404551633928 -1081.7235521325283 5530.5159919589814
POS 72 4448.5118408440076 3019.5032210099425 4376.2068079111623
POS 73 3167.4505268200915 5971.5794446126574 1548.8005562044784
POS 74 674.96279899580259 6642.9301276353735 -1872.2618947511971
POS 75 -2075.2790915631977 4774.5262306898821 -4577.133449238182
POS 76 -4030.0567970505826 1082.4184121428282 -5530.1905174320891
POS 77 -4442.6616341383869 -3019.0702896744237 -4369.0008296960077
POS 78 -3158.1770996656028 -5963.1855629690817 -1540.5387716036519
POS 79 -668.94025705515651 -6629.354176044515 1874.2956944510554
POS 80 4504.2616357428979 -2006.5901728241045 4861.9431016572162
POS 81 3651.6173119657378 2139.8440889042176 5486.1925667859332
POS 82 1403.6038886246636 5474.0033204951005 4016.256932676205
POS 83 -1382.9756082797719 6720.1268846039766 1010.3395336578843
POS 84 -3642.2765467070453 5398.1254226597703 -2383.2376062214121
POS 85 -4508.5536486151386 2012.6481308974164 -4864.8757842086598
POS 86 -3650.6780052737831 -2139.2450948551605 -5484.7614377372311
POS 87 -1398.9477669277544 -5468.9447443785739 -4008.3060486393711
POS 88 1384.6975300818247 -6706.8531657059484 -1002.7230266964322
POS 89 3638.4682143282985 -5384.2340502594816 2384.127696085252
POS 90 4424.8165676331446 1536.6167107840338 5101.1482917444537
POS 91 1101.5675791657127 4217.4383044908445 5387.0912616610849
POS 92 -2646.2485336116761 5290.8243879991041 3616.1188196327312
POS 93 -5386.5227233161195 4343.6128171541959 461.72927889063044
POS 94 -6068.7577506889274 1735.6361101477471 -2870.3544173575619
POS 95 -4430.5858790756192 -1534.9940666723351 -5103.9063812528229
POS 96 -1100.4440449914982 -4215.8337972926956 -5384.4922836465939
POS 97 2646.2206076243556 -5282.8886290175979 -3607.6207571580776
POS 98 5378.8903061207811 -4331.7459871347319 -454.94244669505724
POS 99 6057.5769600657632 -1727.6710014500516 2870.1845615406287
ROUTES 10000
R 0 0 0 0
R 0 1 -1 inf
R 0 2 -1 inf
R 0 3 -1 inf
R 0 4 -1 inf
R 0 5 -1 inf
R 0 6 54 0.10921559920118312
R 0 7 -1 inf
R 0 8 54 0.041982560820568934
R 0 9 54 0.01776285899614043
R 0 10 54 0.10253931913149461
R 0 11 -1 inf
R 0 12 -1 inf
R 0 13 -1 inf
R 0 14 -1 inf
R 0 15 -1 inf
R 0 16 -1 inf
R 0 17 54 0.047810482608982068
R 0 18 54 0.03010273806786163
R 0 19 -1 inf
R 0 20 -1 inf
R 0 21 -1 inf
R 0 22 -1 inf
R 0 23 -1 inf
R 0 24 -1 inf
R 0 25 -1 inf
R 0 26 54 0.047894402484151229
R 0 27 54 0.036771333968602028
R 0 28 54 0.054195247662409303
R 0 29 54 0.087105896795030863
R 0 30 -1 inf
R 0 31 -1 inf
R 0 32 -1 inf
R 0 33 -1 inf
R 0 34 -1 inf
R 0 35 54 0.050021507989904908
R 0 36 54 0.032836298028970229
R 0 37 54 0.05007033301983245
R 0 38 54 0.071464216223884602
R 0 39 -1 inf
R 0 40 -1 inf
R 0 41 -1 inf
R 0 42 -1 inf
R 0 43 -1 inf
R 0 44 -1 inf
R 0 45 54 0.024368138634552252
R 0 46 54 0.045883707727454537
R 0 47 54 0.063520589528989022
R 0 48 54 0.080587208109922787
R 0 49 -1 inf
R 0 50 -1 inf
R 0 51 -1 inf
R 0 52 -1 inf
R 0 53 -1 inf
R 0 54 54 0.0088864029262147454
R 0 55 54 0.053502484555583707
R 0 56 54 0.059154634764411518
R 0 57 54 0.078753218661629681
R 0 58 54 0.10401993707917161
R 0 59 -1 inf
R 0 60 -1 inf
R 0 61 -1 inf
R 0 62 -1 inf
R 0 63 63 0.0063304684918531343
R 0 64 -1 inf
R 0 65 54 0.065907986928714926
R 0 66 54 0.078690967400949288
R 0 67 54 0.093026491323587243
R 0 68 -1 inf
R 0 69 -1 inf
R 0 70 -1 inf
R 0 71 -1 inf
R 0 72 -1 inf
R 0 73 54 0.096315816386742872
R 0 74 54 0.078390999205170397
R 0 75 54 0.072783954445123963
R 0 76 54 0.092374359531003369
R 0 77 54 0.10839775462620321
R 0 78 -1 inf
R 0 79 -1 inf
R 0 80 -1 inf
R 0 81 -1 inf
R 0 82 -1 inf
R 0 83 -1 inf
R 0 84 54 0.084066078011508574
R 0 85 54 0.087239065658868672
R 0 86 54 0.10640118172666926
R 0 87 -1 inf
R 0 88 -1 inf
R 0 89 -1 inf
R 0 90 -1 inf
R 0 91 -1 inf
R 0 92 -1 inf
R 0 93 -1 inf
R 0 94 54 0.10178924263182607
R 0 95 54 0.10187355229381755
R 0 96 -1 inf
R 0 97 54 0.050955095987598148
R 0 98 -1 inf
R 0 99 -1 inf
R 1 0 -1 inf
R 1 1 1 0
R 1 2 -1 inf
R 1 3 90 0.085981495471294883
R 1 4 90 0.091411243252145377
R 1 5 90 0.10918982660628537
R 1 6 -1 inf
R 1 7 -1 inf
R 1 8 -1 inf
R 1 9 -1 inf
R 1 10 -1 inf
R 1 11 -1 inf
R 1 12 90 0.09180254302173016
R 1 13 90 0.079092159396009429
R 1 14 -1 inf
R 1 15 90 0.085187753669094382
R 1 16 -1 inf
R 1 17 -1 inf
R 1 18 -1 inf
R 1 19 -1 inf
R 1 20 -1 inf
R 1 21 90 0.091872807314045485
R 1 22 90 0.072428484211829
R 1 23 90 0.06666399843890132
R 1 24 90 0.06973084574346744
R 1 25 -1 inf
R 1 26 -1 inf
R 1 27 -1 inf
R 1 28 -1 inf
R 1 29 -1 inf
R 1 30 90 0.093998990141395317
R 1 31 90 0.076817470268674873
R 1 32 90 0.059134637307824083
R 1 33 90 0.054067157699321654
R 1 34 -1 inf
R 1 35 -1 inf
R 1 36 -1 inf
R 1 37 -1 inf
R 1 38 -1 inf
R 1 39 -1 inf
R 1 40 90 0.084802582567897272
R 1 41 90 0.063308603860510598
R 1 42 90 0.045685491950604833
R 1 43 90 0.039661254734316136
R 1 44 -1 inf
R 1 45 -1 inf
R 1 46 -1 inf
R 1 47 -1 inf
R 1 48 -1 inf
R 1 49 -1 inf
R 1 50 90 0.067576804416705605
R 1 51 90 0.050040187728654484
R 1 52 90 0.030465228599789139
R 1 53 90 0.027183980358664969
R 1 54 -1 inf
R 1 55 -1 inf
R 1 56 -1 inf
R 1 57 -1 inf
R 1 58 -1 inf
R 1 59 90 0.10031027700281601
R 1 60 90 0.052644275770240362
R 1 61 90 0.035335563562069641
R 1 62 90 0.016196868184995081
R 1 63 -1 inf
R 1 64 -1 inf
R 1 65 -1 inf
R 1 66 -1 inf
R 1 67 -1 inf
R 1 68 90 0.11554939380694523
R 1 69 -1 inf
R 1 70 90 0.036411830896537566
R 1 71 90 0.02179074456240479
R 1 72 72 0.0019955992296728179
R 1 73 -1 inf
R 1 74 -1 inf
R 1 75 -1 inf
R 1 76 -1 inf
R 1 77 -1 inf
R 1 78 90 0.07893569222607083
R 1 79 90 0.060990039271907576
R 1 80 90 0.021962904597173268
R 1 81 81 0.006778112854559688
R 1 82 -1 inf
R 1 83 -1 inf
R 1 84 -1 inf
R 1 85 -1 inf
R 1 86 -1 inf
R 1 87 -1 inf
R 1 88 -1 inf
R 1 89 90 0.043142698011936556
R 1 90 90 0.0073317313432885991
R 1 91 -1 inf
R 1 92 90 0.094961418508342277
R 1 93 -1 inf
R 1 94 -1 inf
R 1 95 -1 inf
R 1 96 -1 inf
R 1 97 -1 inf
R 1 98 -1 inf
R 1 99 90 0.024938315933545813
R 2 0 -1 inf
R 2 1 -1 inf
R 2 2 2 0
R 2 3 -1 inf
R 2 4 -1 inf
R 2 5 -1 inf
R 2 6 -1 inf
R 2 7 -1 inf
R 2 8 -1 inf
R 2 9 -1 inf
R 2 10 -1 inf
R 2 11 11 0.0056636401131126973
R 2 12 -1 inf
R 2 13 -1 inf
R 2 14 -1 inf
R 2 15 -1 inf
R 2 16 -1 inf
R 2 17 -1 inf
R 2 18 -1 inf
R 2 19 -1 inf
R 2 20 82 0.017022074823755447
R 2 21 -1 inf
R 2 22 -1 inf
R 2 23 -1 inf
R 2 24 -1 inf
R 2 25 -1 inf
R 2 26 -1 inf
R 2 27 -1 inf
R 2 28 -1 inf
R 2 29 -1 inf
R 2 30 -1 inf
R 2 31 -1 inf
R 2 32 -1 inf
R 2 33 -1 inf
R 2 34 -1 inf
R 2 35 -1 inf
R 2 36 -1 inf
R 2 37 -1 inf
R 2 38 -1 inf
R 2 39 82 0.030865481164429168
R 2 40 -1 inf
R 2 41 -1 inf
R 2 42 -1 inf
R 2 43 -1 inf
R 2 44 -1 inf
R 2 45 -1 inf
R 2 46 -1 inf
R 2 47 -1 inf
R 2 48 -1 inf
R 2 49 -1 inf
R 2 50 -1 inf
R 2 51 -1 inf
R 2 52 -1 inf
R 2 53 -1 inf
R 2 54 -1 inf
R 2 55 -1 inf
R 2 56 -1 inf
R 2 57 -1 inf
R 2 58 -1 inf
R 2 59 -1 inf
R 2 60 -1 inf
R 2 61 -1 inf
R 2 62 -1 inf
R 2 63 -1 inf
R 2 64 -1 inf
R 2 65 -1 inf
R 2 66 -1 inf
R 2 67 -1 inf
R 2 68 -1 inf
R 2 69 -1 inf
R 2 70 -1 inf
R 2 71 -1 inf
R 2 72 -1 inf
R 2 73 -1 inf
R 2 74 -1 inf
R 2 75 -1 inf
R 2 76 -1 inf
R 2 77 -1 inf
R 2 78 -1 inf
R 2 79 -1 inf
R 2 80 -1 inf
R 2 81 -1 inf
R 2 82 82 0.0086509830343211823
R 2 83 82 0.02513659375147672
R 2 84 -1 inf
R 2 85 -1 inf
R 2 86 -1 inf
R 2 87 -1 inf
R 2 88 -1 inf
R 2 89 -1 inf
R 2 90 -1 inf
R 2 91 91 0.00378757278789533
R 2 92 -1 inf
R 2 93 -1 inf
R 2 94 -1 inf
R 2 95 -1 inf
R 2 96 -1 inf
R 2 97 -1 inf
R 2 98 -1 inf
R 2 99 -1 inf
R 3 0 -1 inf
R 3 1 31 0.085981495471294855
R 3 2 -1 inf
R 3 3 3 0
R 3 4 31 0.024222329731991725
R 3 5 31 0.042000913086131728
R 3 6 -1 inf
R 3 7 -1 inf
R 3 8 -1 inf
R 3 9 -1 inf
R 3 10 -1 inf
R 3 11 -1 inf
R 3 12 12 0.0058210475504352792
R 3 13 31 0.016007168160637839
R 3 14 -1 inf
R 3 15 31 0.07933593515814448
R 3 16 -1 inf
R 3 17 -1 inf
R 3 18 -1 inf
R 3 19 -1 inf
R 3 20 -1 inf
R 3 21 21 0.0058913118427505982
R 3 22 31 0.013553011259465876
R 3 23 31 0.030971499435982382
R 3 24 31 0.063879027232517538
R 3 25 -1 inf
R 3 26 -1 inf
R 3 27 -1 inf
R 3 28 -1 inf
R 3 29 -1 inf
R 3 30 30 0.0080174946701004335
R 3 31 31 0.0091640252026200103
R 3 32 31 0.026846858163470787
R 3 33 31 0.048215339188371759
R 3 34 -1 inf
R 3 35 -1 inf
R 3 36 -1 inf
R 3 37 -1 inf
R 3 38 -1 inf
R 3 39 -1 inf
R 3 40 31 0.017613669047743613
R 3 41 31 0.022672891610784274
R 3 42 31 0.040296003520690037
R 3 43 31 0.057359441591969512
R 3 44 -1 inf
R 3 45 -1 inf
R 3 46 -1 inf
R 3 47 -1 inf
R 3 48 -1 inf
R 3 49 -1 inf
R 3 50 31 0.030274749692606462
R 3 51 31 0.035941307742640385
R 3 52 31 0.05551626687150573
R 3 53 31 0.080771739459969669
R 3 54 -1 inf
R 3 55 -1 inf
R 3 56 -1 inf
R 3 57 -1 inf
R 3 58 -1 inf
R 3 59 31 0.033121363482662369
R 3 60 31 0.042679171990563404
R 3 61 31 0.055462307046808219
R 3 62 31 0.069784627286299777
R 3 63 -1 inf
R 3 64 -1 inf
R 3 65 -1 inf
R 3 66 -1 inf
R 3 67 -1 inf
R 3 68 31 0.048360480286791595
R 3 69 -1 inf
R 3 70 31 0.049569664574757304
R 3 71 31 0.06914020652227415
R 3 72 31 0.085156152700949131
R 3 73 -1 inf
R 3 74 -1 inf
R 3 75 -1 inf
R 3 76 -1 inf
R 3 77 -1 inf
R 3 78 31 0.073083873715120928
R 3 79 31 0.05513822076095768
R 3 80 31 0.064018590874121595
R 3 81 31 0.083164047411912301
R 3 82 -1 inf
R 3 83 -1 inf
R 3 84 -1 inf
R 3 85 -1 inf
R 3 86 -1 inf
R 3 87 -1 inf
R 3 88 -1 inf
R 3 89 31 0.060840884869589926
R 3 90 31 0.078649764128006255
R 3 91 -1 inf
R 3 92 92 0.0089799230370473937
R 3 93 -1 inf
R 3 94 -1 inf
R 3 95 -1 inf
R 3 96 -1 inf
R 3 97 -1 inf
R 3 98 -1 inf
R 3 99 31 0.078526075034850512
R 4 0 -1 inf
R 4 1 40 0.091411243252145363
R 4 2 -1 inf
R 4 3 40 0.024222329731991725
R 4 4 4 0
R 4 5 59 0.017778583354139996
R 4 6 -1 inf
R 4 7 -1 inf
R 4 8 -1 inf
R 4 9 -1 inf
R 4 10 -1 inf
R 4 11 -1 inf
R 4 12 40 0.030043377282427005
R 4 13 40 0.012319083856135959
R 4 14 -1 inf
R 4 15 40 0.084765682938994988
R 4 16 -1 inf
R 4 17 -1 inf
R 4 18 -1 inf
R 4 19 -1 inf
R 4 20 -1 inf
R 4 21 40 0.030113641574742323
R 4 22 40 0.018982759040316384
R 4 23 40 0.03640124721683289
R 4 24 40 0.069308775013368046
R 4 25 -1 inf
R 4 26 -1 inf
R 4 27 -1 inf
R 4 28 -1 inf
R 4 29 -1 inf
R 4 30 40 0.032239824402092158
R 4 31 40 0.015058304529371713
R 4 32 40 0.032276605944321295
R 4 33 40 0.053645086969222266
R 4 34 -1 inf
R 4 35 -1 inf
R 4 36 -1 inf
R 4 37 -1 inf
R 4 38 -1 inf
R 4 39 -1 inf
R 4 40 40 0.0066086606842481101
R 4 41 40 0.028102639391634782
R 4 42 40 0.045725751301540545
R 4 43 40 0.06278918937282002
R 4 44 -1 inf
R 4 45 -1 inf
R 4 46 -1 inf
R 4 47 -1 inf
R 4 48 -1 inf
R 4 49 -1 inf
R 4 50 40 0.03570449747345697
R 4 51 40 0.041371055523490893
R 4 52 40 0.060946014652356238
R 4 53 40 0.086201487240820177
R 4 54 -1 inf
R 4 55 -1 inf
R 4 56 -1 inf
R 4 57 -1 inf
R 4 58 -1 inf
R 4 59 59 0.0088990337506706409
R 4 60 40 0.048108919771413912
R 4 61 40 0.060892054827658727
R 4 62 40 0.075214375067150285
R 4 63 -1 inf
R 4 64 -1 inf
R 4 65 -1 inf
R 4 66 -1 inf
R 4 67 -1 inf
R 4 68 59 0.024138150554799859
R 4 69 -1 inf
R 4 70 40 0.054999412355607812
R 4 71 40 0.074569954303124658
R 4 72 40 0.090585900481799639
R 4 73 -1 inf
R 4 74 -1 inf
R 4 75 -1 inf
R 4 76 -1 inf
R 4 77 -1 inf
R 4 78 40 0.078513621495971436
R 4 79 40 0.060567968541808188
R 4 80 40 0.069448338654972103
R 4 81 40 0.088593795192762809
R 4 82 -1 inf
R 4 83 -1 inf
R 4 84 -1 inf
R 4 85 -1 inf
R 4 86 -1 inf
R 4 87 -1 inf
R 4 88 -1 inf
R 4 89 40 0.066270632650440434
R 4 90 40 0.084079511908856763
R 4 91 -1 inf
R 4 92 40 0.033202252769039119
R 4 93 -1 inf
R 4 94 -1 inf
R 4 95 -1 inf
R 4 96 -1 inf
R 4 97 -1 inf
R 4 98 -1 inf
R 4 99 40 0.08395582281570102
R 5 0 -1 inf
R 5 1 59 0.10918982660628536
R 5 2 -1 inf
R 5 3 59 0.042000913086131721
R 5 4 59 0.017778583354139996
R 5 5 5 0
R 5 6 -1 inf
R 5 7 -1 inf
R 5 8 -1 inf
R 5 9 -1 inf
R 5 10 -1 inf
R 5 11 -1 inf
R 5 12 59 0.047821960636566997
R 5 13 59 0.030097667210275954
R 5 14 -1 inf
R 5 15 59 0.102544266293135
R 5 16 -1 inf
R 5 17 -1 inf
R 5 18 -1 inf
R 5 19 -1 inf
R 5 20 -1 inf
R 5 21 59 0.047892224928882315
R 5 22 59 0.03676134239445638
R 5 23 59 0.054179830570972878
R 5 24 59 0.087087358367508055
R 5 25 -1 inf
R 5 26 -1 inf
R 5 27 -1 inf
R 5 28 -1 inf
R 5 29 -1 inf
R 5 30 59 0.050018407756232154
R 5 31 59 0.03283688788351171
R 5 32 59 0.050055189298461283
R 5 33 59 0.071423670323362262
R 5 34 -1 inf
R 5 35 -1 inf
R 5 36 -1 inf
R 5 37 -1 inf
R 5 38 -1 inf
R 5 39 -1 inf
R 5 40 59 0.024387244038388108
R 5 41 59 0.045881222745774775
R 5 42 59 0.063504334655680533
R 5 43 59 0.080567772726960016
R 5 44 -1 inf
R 5 45 -1 inf
R 5 46 -1 inf
R 5 47 -1 inf
R 5 48 -1 inf
R 5 49 -1 inf
R 5 50 59 0.053483080827596965
R 5 51 59 0.059149638877630882
R 5 52 59 0.078724598006496227
R 5 53 59 0.10398007059496017
R 5 54 -1 inf
R 5 55 -1 inf
R 5 56 -1 inf
R 5 57 -1 inf
R 5 58 -1 inf
R 5 59 59 0.0088795496034693548
R 5 60 59 0.065887503125553901
R 5 61 59 0.078670638181798716
R 5 62 59 0.092992958421290281
R 5 63 -1 inf
R 5 64 -1 inf
R 5 65 -1 inf
R 5 66 -1 inf
R 5 67 -1 inf
R 5 68 68 0.0063595672006598646
R 5 69 -1 inf
R 5 70 59 0.0727779957097478
R 5 71 59 0.092348537657264654
R 5 72 59 0.10836448383593963
R 5 73 -1 inf
R 5 74 -1 inf
R 5 75 -1 inf
R 5 76 -1 inf
R 5 77 -1 inf
R 5 78 59 0.096292204850111446
R 5 79 59 0.078346551895948191
R 5 80 59 0.087226922009112098
R 5 81 59 0.1063723785469028
R 5 82 -1 inf
R 5 83 -1 inf
R 5 84 -1 inf
R 5 85 -1 inf
R 5 86 -1 inf
R 5 87 -1 inf
R 5 88 -1 inf
R 5 89 59 0.084049216004580429
R 5 90 59 0.10185809526299676
R 5 91 -1 inf
R 5 92 59 0.050980836123179114
R 5 93 -1 inf
R 5 94 -1 inf
R 5 95 -1 inf
R 5 96 -1 inf
R 5 97 -1 inf
R 5 98 -1 inf
R 5 99 59 0.10173440616984102
R 6 0 95 0.10921559920118311
R 6 1 -1 inf
R 6 2 -1 inf
R 6 3 -1 inf
R 6 4 -1 inf
R 6 5 -1 inf
R 6 6 6 0
R 6 7 -1 inf
R 6 8 95 0.085992777610940097
R 6 9 95 0.091452740205042682
R 6 10 95 0.085152420109746219
R 6 11 -1 inf
R 6 12 -1 inf
R 6 13 -1 inf
R 6 14 -1 inf
R 6 15 -1 inf
R 6 16 -1 inf
R 6 17 95 0.091820699399353237
R 6 18 95 0.079112861133321472
R 6 19 -1 inf
R 6 20 -1 inf
R 6 21 -1 inf
R 6 22 -1 inf
R 6 23 -1 inf
R 6 24 -1 inf
R 6 25 -1 inf
R 6 26 95 0.091904619274522384
R 6 27 95 0.072444265232581073
R 6 28 95 0.066677492056479576
R 6 29 95 0.069718997773282484
R 6 30 -1 inf
R 6 31 -1 inf
R 6 32 -1 inf
R 6 33 -1 inf
R 6 34 -1 inf
R 6 35 95 0.094031724780276063
R 6 36 95 0.076846514819341391
R 6 37 95 0.059145266181350659
R 6 38 95 0.054077317202136231
R 6 39 -1 inf
R 6 40 -1 inf
R 6 41 -1 inf
R 6 42 -1 inf
R 6 43 -1 inf
R 6 44 -1 inf
R 6 45 95 0.084847460566630853
R 6 46 95 0.063331891473728572
R 6 47 95 0.045695009672194094
R 6 48 95 0.039656639436678374
R 6 49 -1 inf
R 6 50 -1 inf
R 6 51 -1 inf
R 6 52 -1 inf
R 6 53 -1 inf
R 6 54 95 0.10032919627496836
R 6 55 95 0.06760986596986493
R 6 56 95 0.050060964436771591
R 6 57 95 0.030462380539553434
R 6 58 95 0.027182553633180232
R 6 59 -1 inf
R 6 60 -1 inf
R 6 61 -1 inf
R 6 62 -1 inf
R 6 63 95 0.11554606769303624
R 6 64 -1 inf
R 6 65 95 0.05267607360915938
R 6 66 95 0.035342086641455696
R 6 67 95 0.016189107877595879
R 6 68 -1 inf
R 6 69 -1 inf
R 6 70 -1 inf
R 6 71 -1 inf
R 6 72 -1 inf
R 6 73 95 0.078928917364994494
R 6 74 95 0.061004100183422026
R 6 75 95 0.036431644756059152
R 6 76 95 0.021790406190588738
R 6 77 77 0.0019728684473705057
R 6 78 -1 inf
R 6 79 -1 inf
R 6 80 -1 inf
R 6 81 -1 inf
R 6 82 -1 inf
R 6 83 -1 inf
R 6 84 95 0.043135509338264162
R 6 85 95 0.021976533542314446
R 6 86 86 0.0067878367571062442
R 6 87 -1 inf
R 6 88 -1 inf
R 6 89 -1 inf
R 6 90 -1 inf
R 6 91 -1 inf
R 6 92 -1 inf
R 6 93 -1 inf
R 6 94 95 0.024951859185834695
R 6 95 95 0.0073420469073655729
R 6 96 -1 inf
R 6 97 95 0.09496531277796931
R 6 98 -1 inf
R 6 99 -1 inf
R 7 0 -1 inf
R 7 1 -1 inf
R 7 2 -1 inf
R 7 3 -1 inf
R 7 4 -1 inf
R 7 5 -1 inf
R 7 6 -1 inf
R 7 7 7 0
R 7 8 -1 inf
R 7 9 -1 inf
R 7 10 -1 inf
R 7 11 -1 inf
R 7 12 -1 inf
R 7 13 -1 inf
R 7 14 -1 inf
R 7 15 -1 inf
R 7 16 16 0.0056777690199222401
R 7 17 -1 inf
R 7 18 -1 inf
R 7 19 -1 inf
R 7 20 -1 inf
R 7 21 -1 inf
R 7 22 -1 inf
R 7 23 -1 inf
R 7 24 -1 inf
R 7 25 87 0.017012595041330909
R 7 26 -1 inf
R 7 27 -1 inf
R 7 28 -1 inf
R 7 29 -1 inf
R 7 30 -1 inf
R 7 31 -1 inf
R 7 32 -1 inf
R 7 33 -1 inf
R 7 34 87 0.030866486877687463
R 7 35 -1 inf
R 7 36 -1 inf
R 7 37 -1 inf
R 7 38 -1 inf
R 7 39 -1 inf
R 7 40 -1 inf
R 7 41 -1 inf
R 7 42 -1 inf
R 7 43 -1 inf
R 7 44 -1 inf
R 7 45 -1 inf
R 7 46 -1 inf
R 7 47 -1 inf
R 7 48 -1 inf
R 7 49 -1 inf
R 7 50 -1 inf
R 7 51 -1 inf
R 7 52 -1 inf
R 7 53 -1 inf
R 7 54 -1 inf
R 7 55 -1 inf
R 7 56 -1 inf
R 7 57 -1 inf
R 7 58 -1 inf
R 7 59 -1 inf
R 7 60 -1 inf
R 7 61 -1 inf
R 7 62 -1 inf
R 7 63 -1 inf
R 7 64 -1 inf
R 7 65 -1 inf
R 7 66 -1 inf
R 7 67 -1 inf
R 7 68 -1 inf
R 7 69 -1 inf
R 7 70 -1 inf
R 7 71 -1 inf
R 7 72 -1 inf
R 7 73 -1 inf
R 7 74 -1 inf
R 7 75 -1 inf
R 7 76 -1 inf
R 7 77 -1 inf
R 7 78 -1 inf
R 7 79 -1 inf
R 7 80 -1 inf
R 7 81 -1 inf
R 7 82 -1 inf
R 7 83 -1 inf
R 7 84 -1 inf
R 7 85 -1 inf
R 7 86 -1 inf
R 7 87 87 0.0086494235602903972
R 7 88 87 0.025147970729863578
R 7 89 -1 inf
R 7 90 -1 inf
R 7 91 -1 inf
R 7 92 -1 inf
R 7 93 -1 inf
R 7 94 -1 inf
R 7 95 -1 inf
R 7 96 96 0.0037807687017086884
R 7 97 -1 inf
R 7 98 -1 inf
R 7 99 -1 inf
R 8 0 36 0.041982560820568941
R 8 1 -1 inf
R 8 2 -1 inf
R 8 3 -1 inf
R 8 4 -1 inf
R 8 5 -1 inf
R 8 6 36 0.085992777610940097
R 8 7 -1 inf
R 8 8 8 0
R 8 9 36 0.024219701824428511
R 8 10 36 0.079316497541251585
R 8 11 -1 inf
R 8 12 -1 inf
R 8 13 -1 inf
R 8 14 -1 inf
R 8 15 -1 inf
R 8 16 -1 inf
R 8 17 17 0.0058279217884131349
R 8 18 36 0.016006086124338598
R 8 19 -1 inf
R 8 20 -1 inf
R 8 21 -1 inf
R 8 22 -1 inf
R 8 23 -1 inf
R 8 24 -1 inf
R 8 25 -1 inf
R 8 26 26 0.0059118416635822934
R 8 27 36 0.013548512378359023
R 8 28 36 0.030972426072166291
R 8 29 36 0.063883075204787851
R 8 30 -1 inf
R 8 31 -1 inf
R 8 32 -1 inf
R 8 33 -1 inf
R 8 34 -1 inf
R 8 35 35 0.0080389471693359717
R 8 36 36 0.0091462627915987089
R 8 37 36 0.026847511429589441
R 8 38 36 0.048241394633641591
R 8 39 -1 inf
R 8 40 -1 inf
R 8 41 -1 inf
R 8 42 -1 inf
R 8 43 -1 inf
R 8 44 -1 inf
R 8 45 36 0.017614422186016689
R 8 46 36 0.022660886137211528
R 8 47 36 0.040297767938746003
R 8 48 36 0.057364386519679761
R 8 49 -1 inf
R 8 50 -1 inf
R 8 51 -1 inf
R 8 52 -1 inf
R 8 53 -1 inf
R 8 54 36 0.033096157894354196
R 8 55 36 0.030279662965340695
R 8 56 36 0.035931813174168506
R 8 57 36 0.055530397071386663
R 8 58 36 0.080797115488928581
R 8 59 -1 inf
R 8 60 -1 inf
R 8 61 -1 inf
R 8 62 -1 inf
R 8 63 36 0.048313029312422075
R 8 64 -1 inf
R 8 65 36 0.042685165338471921
R 8 66 36 0.055468145810706262
R 8 67 36 0.069803669733344217
R 8 68 -1 inf
R 8 69 -1 inf
R 8 70 -1 inf
R 8 71 -1 inf
R 8 72 -1 inf
R 8 73 36 0.073092994796499861
R 8 74 36 0.055168177614927386
R 8 75 36 0.049561132854880945
R 8 76 36 0.069151537940760344
R 8 77 36 0.085174933035960187
R 8 78 -1 inf
R 8 79 -1 inf
R 8 80 -1 inf
R 8 81 -1 inf
R 8 82 -1 inf
R 8 83 -1 inf
R 8 84 36 0.060843256421265549
R 8 85 36 0.064016244068625647
R 8 86 36 0.083178360136426238
R 8 87 -1 inf
R 8 88 -1 inf
R 8 89 -1 inf
R 8 90 -1 inf
R 8 91 -1 inf
R 8 92 -1 inf
R 8 93 -1 inf
R 8 94 36 0.07856642104158304
R 8 95 36 0.07865073070357452
R 8 96 -1 inf
R 8 97 97 0.0089725351670292101
R 8 98 -1 inf
R 8 99 -1 inf
R 9 0 54 0.01776285899614043
R 9 1 -1 inf
R 9 2 -1 inf
R 9 3 -1 inf
R 9 4 -1 inf
R 9 5 -1 inf
R 9 6 45 0.091452740205042668
R 9 7 -1 inf
R 9 8 45 0.024219701824428511
R 9 9 9 0
R 9 10 45 0.08477646013535417
R 9 11 -1 inf
R 9 12 -1 inf
R 9 13 -1 inf
R 9 14 -1 inf
R 9 15 -1 inf
R 9 16 -1 inf
R 9 17 45 0.030047623612841648
R 9 18 45 0.0123398790717212
R 9 19 -1 inf
R 9 20 -1 inf
R 9 21 -1 inf
R 9 22 -1 inf
R 9 23 -1 inf
R 9 24 -1 inf
R 9 25 -1 inf
R 9 26 45 0.030131543488010806
R 9 27 45 0.019008474972461598
R 9 28 45 0.03643238866626887
R 9 29 45 0.069343037798890422
R 9 30 -1 inf
R 9 31 -1 inf
R 9 32 -1 inf
R 9 33 -1 inf
R 9 34 -1 inf
R 9 35 45 0.032258648993764481
R 9 36 45 0.015073439032829802
R 9 37 45 0.032307474023692016
R 9 38 45 0.053701357227744162
R 9 39 -1 inf
R 9 40 -1 inf
R 9 41 -1 inf
R 9 42 -1 inf
R 9 43 -1 inf
R 9 44 -1 inf
R 9 45 45 0.006605279638411822
R 9 46 45 0.028120848731314103
R 9 47 45 0.045757730532848574
R 9 48 45 0.062824349113782332
R 9 49 -1 inf
R 9 50 -1 inf
R 9 51 -1 inf
R 9 52 -1 inf
R 9 53 -1 inf
R 9 54 54 0.0088764560699256846
R 9 55 45 0.035739625559443274
R 9 56 45 0.041391775768271077
R 9 57 45 0.060990359665489234
R 9 58 45 0.086257078083031138
R 9 59 -1 inf
R 9 60 -1 inf
R 9 61 -1 inf
R 9 62 -1 inf
R 9 63 54 0.024093327487993563
R 9 64 -1 inf
R 9 65 45 0.048145127932574493
R 9 66 45 0.060928108404808834
R 9 67 45 0.075263632327446789
R 9 68 -1 inf
R 9 69 -1 inf
R 9 70 -1 inf
R 9 71 -1 inf
R 9 72 -1 inf
R 9 73 45 0.078552957390602432
R 9 74 45 0.060628140209029957
R 9 75 45 0.055021095448983516
R 9 76 45 0.074611500534862915
R 9 77 45 0.090634895630062759
R 9 78 -1 inf
R 9 79 -1 inf
R 9 80 -1 inf
R 9 81 -1 inf
R 9 82 -1 inf
R 9 83 -1 inf
R 9 84 45 0.06630321901536812
R 9 85 45 0.069476206662728218
R 9 86 45 0.08863832273052881
R 9 87 -1 inf
R 9 88 -1 inf
R 9 89 -1 inf
R 9 90 -1 inf
R 9 91 -1 inf
R 9 92 -1 inf
R 9 93 -1 inf
R 9 94 45 0.084026383635685598
R 9 95 45 0.084110693297677092
R 9 96 -1 inf
R 9 97 45 0.033192236991457721
R 9 98 -1 inf
R 9 99 -1 inf
R 10 0 73 0.1025393191314946
R 10 1 -1 inf
R 10 2 -1 inf
R 10 3 -1 inf
R 10 4 -1 inf
R 10 5 -1 inf
R 10 6 73 0.085152420109746232
R 10 7 -1 inf
R 10 8 73 0.079316497541251585
R 10 9 73 0.08477646013535417
R 10 10 10 0
R 10 11 -1 inf
R 10 12 -1 inf
R 10 13 -1 inf
R 10 14 -1 inf
R 10 15 -1 inf
R 10 16 -1 inf
R 10 17 73 0.085144419329664725
R 10 18 73 0.07243658106363296
R 10 19 -1 inf
R 10 20 -1 inf
R 10 21 -1 inf
R 10 22 -1 inf
R 10 23 -1 inf
R 10 24 -1 inf
R 10 25 -1 inf
R 10 26 73 0.085228339204833872
R 10 27 73 0.065767985162892562
R 10 28 73 0.060001211986791071
R 10 29 73 0.015433422336463741
R 10 30 -1 inf
R 10 31 -1 inf
R 10 32 -1 inf
R 10 33 -1 inf
R 10 34 -1 inf
R 10 35 73 0.087355444710587551
R 10 36 73 0.070170234749652879
R 10 37 73 0.052468986111662147
R 10 38 73 0.031075102907609994
R 10 39 -1 inf
R 10 40 -1 inf
R 10 41 -1 inf
R 10 42 -1 inf
R 10 43 -1 inf
R 10 44 -1 inf
R 10 45 73 0.078171180496942341
R 10 46 73 0.05665561140404006
R 10 47 73 0.039457410437552132
R 10 48 73 0.05652402901848589
R 10 49 -1 inf
R 10 50 -1 inf
R 10 51 -1 inf
R 10 52 -1 inf
R 10 53 -1 inf
R 10 54 73 0.093652916205279851
R 10 55 73 0.060933585900176418
R 10 56 73 0.043384684367083079
R 10 57 73 0.054690039570192792
R 10 58 73 0.079956757987734703
R 10 59 -1 inf
R 10 60 -1 inf
R 10 61 -1 inf
R 10 62 -1 inf
R 10 63 73 0.10886978762334773
R 10 64 -1 inf
R 10 65 73 0.036631332202779664
R 10 66 73 0.054627788309512398
R 10 67 73 0.068963312232150353
R 10 68 -1 inf
R 10 69 -1 inf
R 10 70 -1 inf
R 10 71 -1 inf
R 10 72 -1 inf
R 10 73 73 0.0062235027447517313
R 10 74 73 0.024148319926324203
R 10 75 73 0.048720775353687074
R 10 76 73 0.06831118043956648
R 10 77 73 0.084334575534766323
R 10 78 -1 inf
R 10 79 -1 inf
R 10 80 -1 inf
R 10 81 -1 inf
R 10 82 -1 inf
R 10 83 -1 inf
R 10 84 73 0.060002898920071678
R 10 85 73 0.063175886567431783
R 10 86 73 0.082338002635232374
R 10 87 -1 inf
R 10 88 -1 inf
R 10 89 -1 inf
R 10 90 -1 inf
R 10 91 -1 inf
R 10 92 -1 inf
R 10 93 -1 inf
R 10 94 73 0.077726063540389162
R 10 95 73 0.077810373202380656
R 10 96 -1 inf
R 10 97 73 0.088289032708280799
R 10 98 -1 inf
R 10 99 -1 inf
R 11 0 -1 inf
R 11 1 -1 inf
R 11 2 2 0.0056636401131126973
R 11 3 -1 inf
R 11 4 -1 inf
R 11 5 -1 inf
R 11 6 -1 inf
R 11 7 -1 inf
R 11 8 -1 inf
R 11 9 -1 inf
R 11 10 -1 inf
R 11 11 11 0
R 11 12 -1 inf
R 11 13 -1 inf
R 11 14 -1 inf
R 11 15 -1 inf
R 11 16 -1 inf
R 11 17 -1 inf
R 11 18 -1 inf
R 11 19 -1 inf
R 11 20 82 0.012382242046918285
R 11 21 -1 inf
R 11 22 -1 inf
R 11 23 -1 inf
R 11 24 -1 inf
R 11 25 -1 inf
R 11 26 -1 inf
R 11 27 -1 inf
R 11 28 -1 inf
R 11 29 -1 inf
R 11 30 -1 inf
R 11 31 -1 inf
R 11 32 -1 inf
R 11 33 -1 inf
R 11 34 -1 inf
R 11 35 -1 inf
R 11 36 -1 inf
R 11 37 -1 inf
R 11 38 -1 inf
R 11 39 82 0.026225648387592008
R 11 40 -1 inf
R 11 41 -1 inf
R 11 42 -1 inf
R 11 43 -1 inf
R 11 44 -1 inf
R 11 45 -1 inf
R 11 46 -1 inf
R 11 47 -1 inf
R 11 48 -1 inf
R 11 49 -1 inf
R 11 50 -1 inf
R 11 51 -1 inf
R 11 52 -1 inf
R 11 53 -1 inf
R 11 54 -1 inf
R 11 55 -1 inf
R 11 56 -1 inf
R 11 57 -1 inf
R 11 58 -1 inf
R 11 59 -1 inf
R 11 60 -1 inf
R 11 61 -1 inf
R 11 62 -1 inf
R 11 63 -1 inf
R 11 64 -1 inf
R 11 65 -1 inf
R 11 66 -1 inf
R 11 67 -1 inf
R 11 68 -1 inf
R 11 69 -1 inf
R 11 70 -1 inf
R 11 71 -1 inf
R 11 72 -1 inf
R 11 73 -1 inf
R 11 74 -1 inf
R 11 75 -1 inf
R 11 76 -1 inf
R 11 77 -1 inf
R 11 78 -1 inf
R 11 79 -1 inf
R 11 80 -1 inf
R 11 81 -1 inf
R 11 82 82 0.00401115025748402
R 11 83 82 0.020496760974639559
R 11 84 -1 inf
R 11 85 -1 inf
R 11 86 -1 inf
R 11 87 -1 inf
R 11 88 -1 inf
R 11 89 -1 inf
R 11 90 -1 inf
R 11 91 91 0.0046756420848492863
R 11 92 -1 inf
R 11 93 -1 inf
R 11 94 -1 inf
R 11 95 -1 inf
R 11 96 -1 inf
R 11 97 -1 inf
R 11 98 -1 inf
R 11 99 -1 inf
R 12 0 -1 inf
R 12 1 3 0.091802543021730146
R 12 2 -1 inf
R 12 3 3 0.0058210475504352792
R 12 4 3 0.030043377282427002
R 12 5 3 0.047821960636567004
R 12 6 -1 inf
R 12 7 -1 inf
R 12 8 -1 inf
R 12 9 -1 inf
R 12 10 -1 inf
R 12 11 -1 inf
R 12 12 12 0
R 12 13 3 0.021828215711073115
R 12 14 -1 inf
R 12 15 3 0.08515698270857977
R 12 16 -1 inf
R 12 17 -1 inf
R 12 18 -1 inf
R 12 19 -1 inf
R 12 20 -1 inf
R 12 21 21 0.0049280840564083894
R 12 22 3 0.019374058809901156
R 12 23 3 0.036792546986417658
R 12 24 3 0.069700074782952828
R 12 25 -1 inf
R 12 26 -1 inf
R 12 27 -1 inf
R 12 28 -1 inf
R 12 29 -1 inf
R 12 30 3 0.013838542220535714
R 12 31 3 0.01498507275305529
R 12 32 3 0.03266790571390607
R 12 33 3 0.054036386738807042
R 12 34 -1 inf
R 12 35 -1 inf
R 12 36 -1 inf
R 12 37 -1 inf
R 12 38 -1 inf
R 12 39 -1 inf
R 12 40 3 0.023434716598178893
R 12 41 3 0.028493939161219554
R 12 42 3 0.04611705107112532
R 12 43 3 0.063180489142404803
R 12 44 -1 inf
R 12 45 -1 inf
R 12 46 -1 inf
R 12 47 -1 inf
R 12 48 -1 inf
R 12 49 -1 inf
R 12 50 3 0.036095797243041745
R 12 51 3 0.041762355293075669
R 12 52 3 0.061337314421941014
R 12 53 3 0.086592787010404959
R 12 54 -1 inf
R 12 55 -1 inf
R 12 56 -1 inf
R 12 57 -1 inf
R 12 58 -1 inf
R 12 59 3 0.038942411033097646
R 12 60 3 0.048500219540998687
R 12 61 3 0.061283354597243503
R 12 62 3 0.075605674836735068
R 12 63 -1 inf
R 12 64 -1 inf
R 12 65 -1 inf
R 12 66 -1 inf
R 12 67 -1 inf
R 12 68 3 0.054181527837226871
R 12 69 -1 inf
R 12 70 3 0.055390712125192587
R 12 71 3 0.074961254072709441
R 12 72 3 0.090977200251384421
R 12 73 -1 inf
R 12 74 -1 inf
R 12 75 -1 inf
R 12 76 -1 inf
R 12 77 -1 inf
R 12 78 3 0.078904921265556219
R 12 79 3 0.060959268311392964
R 12 80 3 0.069839638424556885
R 12 81 3 0.088985094962347591
R 12 82 -1 inf
R 12 83 -1 inf
R 12 84 -1 inf
R 12 85 -1 inf
R 12 86 -1 inf
R 12 87 -1 inf
R 12 88 -1 inf
R 12 89 3 0.066661932420025216
R 12 90 3 0.084470811678441546
R 12 91 -1 inf
R 12 92 21 0.011809352727118357
R 12 93 -1 inf
R 12 94 -1 inf
R 12 95 -1 inf
R 12 96 -1 inf
R 12 97 -1 inf
R 12 98 -1 inf
R 12 99 3 0.084347122585285803
R 13 0 -1 inf
R 13 1 22 0.079092159396009415
R 13 2 -1 inf
R 13 3 31 0.016007168160637839
R 13 4 40 0.012319083856135959
R 13 5 40 0.030097667210275954
R 13 6 -1 inf
R 13 7 -1 inf
R 13 8 -1 inf
R 13 9 -1 inf
R 13 10 -1 inf
R 13 11 -1 inf
R 13 12 31 0.021828215711073119
R 13 13 13 0
R 13 14 -1 inf
R 13 15 22 0.072446599082859039
R 13 16 -1 inf
R 13 17 -1 inf
R 13 18 -1 inf
R 13 19 -1 inf
R 13 20 -1 inf
R 13 21 31 0.021898480003388437
R 13 22 22 0.0066636751841804261
R 13 23 22 0.024082163360696927
R 13 24 22 0.056989691157232097
R 13 25 -1 inf
R 13 26 -1 inf
R 13 27 -1 inf
R 13 28 -1 inf
R 13 29 -1 inf
R 13 30 31 0.024024662830738272
R 13 31 31 0.0068431429580178265
R 13 32 22 0.019957522088185336
R 13 33 22 0.041326003113086311
R 13 34 -1 inf
R 13 35 -1 inf
R 13 36 -1 inf
R 13 37 -1 inf
R 13 38 -1 inf
R 13 39 -1 inf
R 13 40 40 0.0057104231718878478
R 13 41 22 0.015783555535498824
R 13 42 22 0.033406667445404589
R 13 43 22 0.050470105516684065
R 13 44 -1 inf
R 13 45 -1 inf
R 13 46 -1 inf
R 13 47 -1 inf
R 13 48 -1 inf
R 13 49 -1 inf
R 13 50 22 0.023385413617321014
R 13 51 22 0.029051971667354935
R 13 52 22 0.048626930796220283
R 13 53 22 0.073882403384684228
R 13 54 -1 inf
R 13 55 -1 inf
R 13 56 -1 inf
R 13 57 -1 inf
R 13 58 -1 inf
R 13 59 40 0.0212181176068066
R 13 60 22 0.035789835915277957
R 13 61 22 0.048572970971522772
R 13 62 22 0.062895291211014337
R 13 63 -1 inf
R 13 64 -1 inf
R 13 65 -1 inf
R 13 66 -1 inf
R 13 67 -1 inf
R 13 68 40 0.036457234410935818
R 13 69 -1 inf
R 13 70 22 0.042680328499471856
R 13 71 22 0.06225087044698871
R 13 72 22 0.07826681662566369
R 13 73 -1 inf
R 13 74 -1 inf
R 13 75 -1 inf
R 13 76 -1 inf
R 13 77 -1 inf
R 13 78 22 0.066194537639835488
R 13 79 22 0.048248884685672233
R 13 80 22 0.057129254798836154
R 13 81 22 0.07627471133662686
R 13 82 -1 inf
R 13 83 -1 inf
R 13 84 -1 inf
R 13 85 -1 inf
R 13 86 -1 inf
R 13 87 -1 inf
R 13 88 -1 inf
R 13 89 22 0.053951548794304485
R 13 90 22 0.071760428052720815
R 13 91 -1 inf
R 13 92 31 0.024987091197685232
R 13 93 -1 inf
R 13 94 -1 inf
R 13 95 -1 inf
R 13 96 -1 inf
R 13 97 -1 inf
R 13 98 -1 inf
R 13 99 22 0.071636738959565072
R 14 0 -1 inf
R 14 1 -1 inf
R 14 2 -1 inf
R 14 3 -1 inf
R 14 4 -1 inf
R 14 5 -1 inf
R 14 6 -1 inf
R 14 7 -1 inf
R 14 8 -1 inf
R 14 9 -1 inf
R 14 10 -1 inf
R 14 11 -1 inf
R 14 12 -1 inf
R 14 13 -1 inf
R 14 14 14 0
R 14 15 -1 inf
R 14 16 -1 inf
R 14 17 -1 inf
R 14 18 -1 inf
R 14 19 -1 inf
R 14 20 -1 inf
R 14 21 -1 inf
R 14 22 -1 inf
R 14 23 -1 inf
R 14 24 -1 inf
R 14 25 -1 inf
R 14 26 -1 inf
R 14 27 -1 inf
R 14 28 -1 inf
R 14 29 -1 inf
R 14 30 -1 inf
R 14 31 -1 inf
R 14 32 -1 inf
R 14 33 -1 inf
R 14 34 -1 inf
R 14 35 -1 inf
R 14 36 -1 inf
R 14 37 -1 inf
R 14 38 -1 inf
R 14 39 -1 inf
R 14 40 -1 inf
R 14 41 -1 inf
R 14 42 -1 inf
R 14 43 -1 inf
R 14 44 -1 inf
R 14 45 -1 inf
R 14 46 -1 inf
R 14 47 -1 inf
R 14 48 -1 inf
R 14 49 -1 inf
R 14 50 -1 inf
R 14 51 -1 inf
R 14 52 -1 inf
R 14 53 -1 inf
R 14 54 -1 inf
R 14 55 -1 inf
R 14 56 -1 inf
R 14 57 -1 inf
R 14 58 -1 inf
R 14 59 -1 inf
R 14 60 -1 inf
R 14 61 -1 inf
R 14 62 -1 inf
R 14 63 -1 inf
R 14 64 -1 inf
R 14 65 -1 inf
R 14 66 -1 inf
R 14 67 -1 inf
R 14 68 -1 inf
R 14 69 69 0.007898018992863836
R 14 70 -1 inf
R 14 71 -1 inf
R 14 72 -1 inf
R 14 73 -1 inf
R 14 74 -1 inf
R 14 75 -1 inf
R 14 76 -1 inf
R 14 77 -1 inf
R 14 78 -1 inf
R 14 79 -1 inf
R 14 80 -1 inf
R 14 81 -1 inf
R 14 82 -1 inf
R 14 83 -1 inf
R 14 84 -1 inf
R 14 85 -1 inf
R 14 86 -1 inf
R 14 87 -1 inf
R 14 88 -1 inf
R 14 89 -1 inf
R 14 90 -1 inf
R 14 91 -1 inf
R 14 92 -1 inf
R 14 93 -1 inf
R 14 94 -1 inf
R 14 95 -1 inf
R 14 96 -1 inf
R 14 97 -1 inf
R 14 98 -1 inf
R 14 99 -1 inf
R 15 0 -1 inf
R 15 1 78 0.085187753669094368
R 15 2 -1 inf
R 15 3 78 0.079335935158144494
R 15 4 78 0.084765682938994988
R 15 5 78 0.10254426629313498
R 15 6 -1 inf
R 15 7 -1 inf
R 15 8 -1 inf
R 15 9 -1 inf
R 15 10 -1 inf
R 15 11 -1 inf
R 15 12 78 0.08515698270857977
R 15 13 78 0.072446599082859039
R 15 14 -1 inf
R 15 15 15 0
R 15 16 -1 inf
R 15 17 -1 inf
R 15 18 -1 inf
R 15 19 -1 inf
R 15 20 -1 inf
R 15 21 78 0.085227247000895096
R 15 22 78 0.065782923898678611
R 15 23 78 0.060018438125750945
R 15 24 78 0.015456907925626942
R 15 25 -1 inf
R 15 26 -1 inf
R 15 27 -1 inf
R 15 28 -1 inf
R 15 29 -1 inf
R 15 30 78 0.087353429828244927
R 15 31 78 0.070171909955524484
R 15 32 78 0.0524890769946737
R 15 33 78 0.031120595969772728
R 15 34 -1 inf
R 15 35 -1 inf
R 15 36 -1 inf
R 15 37 -1 inf
R 15 38 -1 inf
R 15 39 -1 inf
R 15 40 78 0.078157022254746883
R 15 41 78 0.056663043547360209
R 15 42 78 0.039502261718489549
R 15 43 78 0.056565699789769025
R 15 44 -1 inf
R 15 45 -1 inf
R 15 46 -1 inf
R 15 47 -1 inf
R 15 48 -1 inf
R 15 49 -1 inf
R 15 50 78 0.060931244103555222
R 15 51 78 0.043394627415504101
R 15 52 78 0.054722525069305243
R 15 53 78 0.079977997657769181
R 15 54 -1 inf
R 15 55 -1 inf
R 15 56 -1 inf
R 15 57 -1 inf
R 15 58 -1 inf
R 15 59 78 0.093664716689665625
R 15 60 78 0.036656763167581083
R 15 61 78 0.054668565244607732
R 15 62 78 0.06899088548409929
R 15 63 -1 inf
R 15 64 -1 inf
R 15 65 -1 inf
R 15 66 -1 inf
R 15 67 -1 inf
R 15 68 78 0.10890383349379484
R 15 69 -1 inf
R 15 70 78 0.048775922772556816
R 15 71 78 0.068346464720073663
R 15 72 78 0.084362410898748644
R 15 73 -1 inf
R 15 74 -1 inf
R 15 75 -1 inf
R 15 76 -1 inf
R 15 77 -1 inf
R 15 78 78 0.0062520614430235525
R 15 79 78 0.024197714397186803
R 15 80 78 0.063224849071921108
R 15 81 78 0.082370305609711814
R 15 82 -1 inf
R 15 83 -1 inf
R 15 84 -1 inf
R 15 85 -1 inf
R 15 86 -1 inf
R 15 87 -1 inf
R 15 88 -1 inf
R 15 89 78 0.060047143067389439
R 15 90 78 0.077856022325805768
R 15 91 -1 inf
R 15 92 78 0.088315858195191888
R 15 93 -1 inf
R 15 94 -1 inf
R 15 95 -1 inf
R 15 96 -1 inf
R 15 97 -1 inf
R 15 98 -1 inf
R 15 99 78 0.077732333232650025
R 16 0 -1 inf
R 16 1 -1 inf
R 16 2 -1 inf
R 16 3 -1 inf
R 16 4 -1 inf
R 16 5 -1 inf
R 16 6 -1 inf
R 16 7 7 0.0056777690199222401
R 16 8 -1 inf
R 16 9 -1 inf
R 16 10 -1 inf
R 16 11 -1 inf
R 16 12 -1 inf
R 16 13 -1 inf
R 16 14 -1 inf
R 16 15 -1 inf
R 16 16 16 0
R 16 17 -1 inf
R 16 18 -1 inf
R 16 19 -1 inf
R 16 20 -1 inf
R 16 21 -1 inf
R 16 22 -1 inf
R 16 23 -1 inf
R 16 24 -1 inf
R 16 25 87 0.012365189451144325
R 16 26 -1 inf
R 16 27 -1 inf
R 16 28 -1 inf
R 16 29 -1 inf
R 16 30 -1 inf
R 16 31 -1 inf
R 16 32 -1 inf
R 16 33 -1 inf
R 16 34 87 0.026219081287500882
R 16 35 -1 inf
R 16 36 -1 inf
R 16 37 -1 inf
R 16 38 -1 inf
R 16 39 -1 inf
R 16 40 -1 inf
R 16 41 -1 inf
R 16 42 -1 inf
R 16 43 -1 inf
R 16 44 -1 inf
R 16 45 -1 inf
R 16 46 -1 inf
R 16 47 -1 inf
R 16 48 -1 inf
R 16 49 -1 inf
R 16 50 -1 inf
R 16 51 -1 inf
R 16 52 -1 inf
R 16 53 -1 inf
R 16 54 -1 inf
R 16 55 -1 inf
R 16 56 -1 inf
R 16 57 -1 inf
R 16 58 -1 inf
R 16 59 -1 inf
R 16 60 -1 inf
R 16 61 -1 inf
R 16 62 -1 inf
R 16 63 -1 inf
R 16 64 -1 inf
R 16 65 -1 inf
R 16 66 -1 inf
R 16 67 -1 inf
R 16 68 -1 inf
R 16 69 -1 inf
R 16 70 -1 inf
R 16 71 -1 inf
R 16 72 -1 inf
R 16 73 -1 inf
R 16 74 -1 inf
R 16 75 -1 inf
R 16 76 -1 inf
R 16 77 -1 inf
R 16 78 -1 inf
R 16 79 -1 inf
R 16 80 -1 inf
R 16 81 -1 inf
R 16 82 -1 inf
R 16 83 -1 inf
R 16 84 -1 inf
R 16 85 -1 inf
R 16 86 -1 inf
R 16 87 87 0.0040020179701038116
R 16 88 87 0.020500565139676994
R 16 89 -1 inf
R 16 90 -1 inf
R 16 91 -1 inf
R 16 92 -1 inf
R 16 93 -1 inf
R 16 94 -1 inf
R 16 95 -1 inf
R 16 96 96 0.0046809521034295778
R 16 97 -1 inf
R 16 98 -1 inf
R 16 99 -1 inf
R 17 0 8 0.047810482608982074
R 17 1 -1 inf
R 17 2 -1 inf
R 17 3 -1 inf
R 17 4 -1 inf
R 17 5 -1 inf
R 17 6 8 0.091820699399353237
R 17 7 -1 inf
R 17 8 8 0.0058279217884131349
R 17 9 8 0.030047623612841648
R 17 10 8 0.085144419329664739
R 17 11 -1 inf
R 17 12 -1 inf
R 17 13 -1 inf
R 17 14 -1 inf
R 17 15 -1 inf
R 17 16 -1 inf
R 17 17 17 0
R 17 18 8 0.021834007912751731
R 17 19 -1 inf
R 17 20 -1 inf
R 17 21 -1 inf
R 17 22 -1 inf
R 17 23 -1 inf
R 17 24 -1 inf
R 17 25 -1 inf
R 17 26 26 0.004941642992174468
R 17 27 8 0.019376434166772157
R 17 28 8 0.036800347860579424
R 17 29 8 0.069710996993200991
R 17 30 -1 inf
R 17 31 -1 inf
R 17 32 -1 inf
R 17 33 -1 inf
R 17 34 -1 inf
R 17 35 8 0.013866868957749107
R 17 36 8 0.014974184580011844
R 17 37 8 0.032675433218002578
R 17 38 8 0.054069316422054731
R 17 39 -1 inf
R 17 40 -1 inf
R 17 41 -1 inf
R 17 42 -1 inf
R 17 43 -1 inf
R 17 44 -1 inf
R 17 45 8 0.023442343974429826
R 17 46 8 0.028488807925624662
R 17 47 8 0.046125689727159143
R 17 48 8 0.063192308308092901
R 17 49 -1 inf
R 17 50 -1 inf
R 17 51 -1 inf
R 17 52 -1 inf
R 17 53 -1 inf
R 17 54 8 0.038924079682767329
R 17 55 8 0.036107584753753828
R 17 56 8 0.041759734962581646
R 17 57 8 0.061358318859799803
R 17 58 8 0.086625037277341707
R 17 59 -1 inf
R 17 60 -1 inf
R 17 61 -1 inf
R 17 62 -1 inf
R 17 63 8 0.054140951100835208
R 17 64 -1 inf
R 17 65 8 0.048513087126885061
R 17 66 8 0.061296067599119403
R 17 67 8 0.075631591521757358
R 17 68 -1 inf
R 17 69 -1 inf
R 17 70 -1 inf
R 17 71 -1 inf
R 17 72 -1 inf
R 17 73 8 0.078920916584913001
R 17 74 8 0.060996099403340526
R 17 75 8 0.055389054643294085
R 17 76 8 0.074979459729173484
R 17 77 8 0.091002854824373328
R 17 78 -1 inf
R 17 79 -1 inf
R 17 80 -1 inf
R 17 81 -1 inf
R 17 82 -1 inf
R 17 83 -1 inf
R 17 84 8 0.066671178209678689
R 17 85 8 0.069844165857038787
R 17 86 8 0.089006281924839378
R 17 87 -1 inf
R 17 88 -1 inf
R 17 89 -1 inf
R 17 90 -1 inf
R 17 91 -1 inf
R 17 92 -1 inf
R 17 93 -1 inf
R 17 94 8 0.084394342829996166
R 17 95 8 0.08447865249198766
R 17 96 -1 inf
R 17 97 26 0.011818642617542207
R 17 98 -1 inf
R 17 99 -1 inf
R 18 0 45 0.03010273806786163
R 18 1 -1 inf
R 18 2 -1 inf
R 18 3 -1 inf
R 18 4 -1 inf
R 18 5 -1 inf
R 18 6 27 0.079112861133321472
R 18 7 -1 inf
R 18 8 36 0.016006086124338598
R 18 9 45 0.0123398790717212
R 18 10 27 0.07243658106363296
R 18 11 -1 inf
R 18 12 -1 inf
R 18 13 -1 inf
R 18 14 -1 inf
R 18 15 -1 inf
R 18 16 -1 inf
R 18 17 36 0.021834007912751731
R 18 18 18 0
R 18 19 -1 inf
R 18 20 -1 inf
R 18 21 -1 inf
R 18 22 -1 inf
R 18 23 -1 inf
R 18 24 -1 inf
R 18 25 -1 inf
R 18 26 36 0.021917927787920892
R 18 27 27 0.0066685959007403983
R 18 28 27 0.024092509594547666
R 18 29 27 0.057003158727169226
R 18 30 -1 inf
R 18 31 -1 inf
R 18 32 -1 inf
R 18 33 -1 inf
R 18 34 -1 inf
R 18 35 36 0.024045033293674571
R 18 36 36 0.006859823332739887
R 18 37 27 0.019967594951970816
R 18 38 27 0.041361478156022966
R 18 39 -1 inf
R 18 40 -1 inf
R 18 41 -1 inf
R 18 42 -1 inf
R 18 43 -1 inf
R 18 44 -1 inf
R 18 45 45 0.0057345994333093779
R 18 46 27 0.015780969659592903
R 18 47 27 0.033417851461127378
R 18 48 27 0.050484470042061136
R 18 49 -1 inf
R 18 50 -1 inf
R 18 51 -1 inf
R 18 52 -1 inf
R 18 53 -1 inf
R 18 54 45 0.021216335141646885
R 18 55 27 0.02339974648772207
R 18 56 27 0.029051896696549881
R 18 57 27 0.048650480593768038
R 18 58 27 0.073917199011309956
R 18 59 -1 inf
R 18 60 -1 inf
R 18 61 -1 inf
R 18 62 -1 inf
R 18 63 45 0.036433206559714763
R 18 64 -1 inf
R 18 65 27 0.035805248860853296
R 18 66 27 0.048588229333087637
R 18 67 27 0.062923753255725592
R 18 68 -1 inf
R 18 69 -1 inf
R 18 70 -1 inf
R 18 71 -1 inf
R 18 72 -1 inf
R 18 73 27 0.066213078318881236
R 18 74 27 0.048288261137308761
R 18 75 27 0.04268121637726232
R 18 76 27 0.062271621463141733
R 18 77 27 0.078295016558341562
R 18 78 -1 inf
R 18 79 -1 inf
R 18 80 -1 inf
R 18 81 -1 inf
R 18 82 -1 inf
R 18 83 -1 inf
R 18 84 27 0.053963339943646924
R 18 85 27 0.057136327591007029
R 18 86 27 0.076298443658807613
R 18 87 -1 inf
R 18 88 -1 inf
R 18 89 -1 inf
R 18 90 -1 inf
R 18 91 -1 inf
R 18 92 -1 inf
R 18 93 -1 inf
R 18 94 27 0.071686504563964415
R 18 95 27 0.071770814225955895
R 18 96 -1 inf
R 18 97 36 0.024978621291367808
R 18 98 -1 inf
R 18 99 -1 inf
R 19 0 -1 inf
R 19 1 -1 inf
R 19 2 -1 inf
R 19 3 -1 inf
R 19 4 -1 inf
R 19 5 -1 inf
R 19 6 -1 inf
R 19 7 -1 inf
R 19 8 -1 inf
R 19 9 -1 inf
R 19 10 -1 inf
R 19 11 -1 inf
R 19 12 -1 inf
R 19 13 -1 inf
R 19 14 -1 inf
R 19 15 -1 inf
R 19 16 -1 inf
R 19 17 -1 inf
R 19 18 -1 inf
R 19 19 19 0
R 19 20 -1 inf
R 19 21 -1 inf
R 19 22 -1 inf
R 19 23 -1 inf
R 19 24 -1 inf
R 19 25 -1 inf
R 19 26 -1 inf
R 19 27 -1 inf
R 19 28 -1 inf
R 19 29 -1 inf
R 19 30 -1 inf
R 19 31 -1 inf
R 19 32 -1 inf
R 19 33 -1 inf
R 19 34 -1 inf
R 19 35 -1 inf
R 19 36 -1 inf
R 19 37 -1 inf
R 19 38 -1 inf
R 19 39 -1 inf
R 19 40 -1 inf
R 19 41 -1 inf
R 19 42 -1 inf
R 19 43 -1 inf
R 19 44 -1 inf
R 19 45 -1 inf
R 19 46 -1 inf
R 19 47 -1 inf
R 19 48 -1 inf
R 19 49 -1 inf
R 19 50 -1 inf
R 19 51 -1 inf
R 19 52 -1 inf
R 19 53 -1 inf
R 19 54 -1 inf
R 19 55 -1 inf
R 19 56 -1 inf
R 19 57 -1 inf
R 19 58 -1 inf
R 19 59 -1 inf
R 19 60 -1 inf
R 19 61 -1 inf
R 19 62 -1 inf
R 19 63 -1 inf
R 19 64 64 0.0078698633932446881
R 19 65 -1 inf
R 19 66 -1 inf
R 19 67 -1 inf
R 19 68 -1 inf
R 19 69 -1 inf
R 19 70 -1 inf
R 19 71 -1 inf
R 19 72 -1 inf
R 19 73 -1 inf
R 19 74 -1 inf
R 19 75 -1 inf
R 19 76 -1 inf
R 19 77 -1 inf
R 19 78 -1 inf
R 19 79 -1 inf
R 19 80 -1 inf
R 19 81 -1 inf
R 19 82 -1 inf
R 19 83 -1 inf
R 19 84 -1 inf
R 19 85 -1 inf
R 19 86 -1 inf
R 19 87 -1 inf
R 19 88 -1 inf
R 19 89 -1 inf
R 19 90 -1 inf
R 19 91 -1 inf
R 19 92 -1 inf
R 19 93 -1 inf
R 19 94 -1 inf
R 19 95 -1 inf
R 19 96 -1 inf
R 19 97 -1 inf
R 19 98 -1 inf
R 19 99 -1 inf
R 20 0 -1 inf
R 20 1 -1 inf
R 20 2 82 0.017022074823755447
R 20 3 -1 inf
R 20 4 -1 inf
R 20 5 -1 inf
R 20 6 -1 inf
R 20 7 -1 inf
R 20 8 -1 inf
R 20 9 -1 inf
R 20 10 -1 inf
R 20 11 82 0.012382242046918285
R 20 12 -1 inf
R 20 13 -1 inf
R 20 14 -1 inf
R 20 15 -1 inf
R 20 16 -1 inf
R 20 17 -1 inf
R 20 18 -1 inf
R 20 19 -1 inf
R 20 20 20 0
R 20 21 -1 inf
R 20 22 -1 inf
R 20 23 -1 inf
R 20 24 -1 inf
R 20 25 -1 inf
R 20 26 -1 inf
R 20 27 -1 inf
R 20 28 -1 inf
R 20 29 -1 inf
R 20 30 -1 inf
R 20 31 -1 inf
R 20 32 -1 inf
R 20 33 -1 inf
R 20 34 -1 inf
R 20 35 -1 inf
R 20 36 -1 inf
R 20 37 -1 inf
R 20 38 -1 inf
R 20 39 83 0.013843406340673721
R 20 40 -1 inf
R 20 41 -1 inf
R 20 42 -1 inf
R 20 43 -1 inf
R 20 44 -1 inf
R 20 45 -1 inf
R 20 46 -1 inf
R 20 47 -1 inf
R 20 48 -1 inf
R 20 49 -1 inf
R 20 50 -1 inf
R 20 51 -1 inf
R 20 52 -1 inf
R 20 53 -1 inf
R 20 54 -1 inf
R 20 55 -1 inf
R 20 56 -1 inf
R 20 57 -1 inf
R 20 58 -1 inf
R 20 59 -1 inf
R 20 60 -1 inf
R 20 61 -1 inf
R 20 62 -1 inf
R 20 63 -1 inf
R 20 64 -1 inf
R 20 65 -1 inf
R 20 66 -1 inf
R 20 67 -1 inf
R 20 68 -1 inf
R 20 69 -1 inf
R 20 70 -1 inf
R 20 71 -1 inf
R 20 72 -1 inf
R 20 73 -1 inf
R 20 74 -1 inf
R 20 75 -1 inf
R 20 76 -1 inf
R 20 77 -1 inf
R 20 78 -1 inf
R 20 79 -1 inf
R 20 80 -1 inf
R 20 81 -1 inf
R 20 82 82 0.0083710917894342651
R 20 83 83 0.0081145189277212725
R 20 84 -1 inf
R 20 85 -1 inf
R 20 86 -1 inf
R 20 87 -1 inf
R 20 88 -1 inf
R 20 89 -1 inf
R 20 90 -1 inf
R 20 91 82 0.015655361731472237
R 20 92 -1 inf
R 20 93 -1 inf
R 20 94 -1 inf
R 20 95 -1 inf
R 20 96 -1 inf
R 20 97 -1 inf
R 20 98 -1 inf
R 20 99 -1 inf
R 21 0 -1 inf
R 21 1 3 0.091872807314045457
R 21 2 -1 inf
R 21 3 3 0.0058913118427505982
R 21 4 3 0.03011364157474232
R 21 5 3 0.047892224928882315
R 21 6 -1 inf
R 21 7 -1 inf
R 21 8 -1 inf
R 21 9 -1 inf
R 21 10 -1 inf
R 21 11 -1 inf
R 21 12 12 0.0049280840564083894
R 21 13 3 0.021898480003388433
R 21 14 -1 inf
R 21 15 3 0.085227247000895082
R 21 16 -1 inf
R 21 17 -1 inf
R 21 18 -1 inf
R 21 19 -1 inf
R 21 20 -1 inf
R 21 21 21 0
R 21 22 3 0.019444323102216474
R 21 23 3 0.036862811278732976
R 21 24 3 0.06977033907526814
R 21 25 -1 inf
R 21 26 -1 inf
R 21 27 -1 inf
R 21 28 -1 inf
R 21 29 -1 inf
R 21 30 30 0.0092575060979056961
R 21 31 3 0.015055337045370609
R 21 32 3 0.032738170006221382
R 21 33 3 0.054106651031122353
R 21 34 -1 inf
R 21 35 -1 inf
R 21 36 -1 inf
R 21 37 -1 inf
R 21 38 -1 inf
R 21 39 -1 inf
R 21 40 3 0.023504980890494211
R 21 41 3 0.028564203453534873
R 21 42 3 0.046187315363440631
R 21 43 3 0.063250753434720114
R 21 44 -1 inf
R 21 45 -1 inf
R 21 46 -1 inf
R 21 47 -1 inf
R 21 48 -1 inf
R 21 49 -1 inf
R 21 50 3 0.036166061535357064
R 21 51 3 0.04183261958539098
R 21 52 3 0.061407578714256325
R 21 53 3 0.08666305130272027
R 21 54 -1 inf
R 21 55 -1 inf
R 21 56 -1 inf
R 21 57 -1 inf
R 21 58 -1 inf
R 21 59 3 0.039012675325412957
R 21 60 3 0.048570483833313999
R 21 61 3 0.061353618889558814
R 21 62 3 0.075675939129050379
R 21 63 -1 inf
R 21 64 -1 inf
R 21 65 -1 inf
R 21 66 -1 inf
R 21 67 -1 inf
R 21 68 3 0.054251792129542183
R 21 69 -1 inf
R 21 70 3 0.055460976417507898
R 21 71 3 0.075031518365024752
R 21 72 3 0.091047464543699733
R 21 73 -1 inf
R 21 74 -1 inf
R 21 75 -1 inf
R 21 76 -1 inf
R 21 77 -1 inf
R 21 78 3 0.07897518555787153
R 21 79 3 0.061029532603708275
R 21 80 3 0.069909902716872196
R 21 81 3 0.089055359254662902
R 21 82 -1 inf
R 21 83 -1 inf
R 21 84 -1 inf
R 21 85 -1 inf
R 21 86 -1 inf
R 21 87 -1 inf
R 21 88 -1 inf
R 21 89 3 0.066732196712340527
R 21 90 3 0.084541075970756857
R 21 91 -1 inf
R 21 92 92 0.0068812686707099687
R 21 93 -1 inf
R 21 94 -1 inf
R 21 95 -1 inf
R 21 96 -1 inf
R 21 97 -1 inf
R 21 98 -1 inf
R 21 99 3 0.084417386877601114
R 22 0 -1 inf
R 22 1 41 0.072428484211829
R 22 2 -1 inf
R 22 3 31 0.013553011259465876
R 22 4 13 0.018982759040316384
R 22 5 13 0.03676134239445638
R 22 6 -1 inf
R 22 7 -1 inf
R 22 8 -1 inf
R 22 9 -1 inf
R 22 10 -1 inf
R 22 11 -1 inf
R 22 12 31 0.019374058809901156
R 22 13 13 0.0066636751841804261
R 22 14 -1 inf
R 22 15 41 0.065782923898678611
R 22 16 -1 inf
R 22 17 -1 inf
R 22 18 -1 inf
R 22 19 -1 inf
R 22 20 -1 inf
R 22 21 31 0.019444323102216474
R 22 22 22 0
R 22 23 41 0.017418488176516506
R 22 24 41 0.050326015973051669
R 22 25 -1 inf
R 22 26 -1 inf
R 22 27 -1 inf
R 22 28 -1 inf
R 22 29 -1 inf
R 22 30 31 0.02157050592956631
R 22 31 31 0.0043889860568458667
R 22 32 41 0.013293846904004911
R 22 33 41 0.034662327928905882
R 22 34 -1 inf
R 22 35 -1 inf
R 22 36 -1 inf
R 22 37 -1 inf
R 22 38 -1 inf
R 22 39 -1 inf
R 22 40 13 0.012374098356068274
R 22 41 41 0.0091198803513183983
R 22 42 41 0.026742992261224161
R 22 43 41 0.043806430332503636
R 22 44 -1 inf
R 22 45 -1 inf
R 22 46 -1 inf
R 22 47 -1 inf
R 22 48 -1 inf
R 22 49 -1 inf
R 22 50 41 0.016721738433140586
R 22 51 41 0.022388296483174509
R 22 52 41 0.041963255612039854
R 22 53 41 0.067218728200503799
R 22 54 -1 inf
R 22 55 -1 inf
R 22 56 -1 inf
R 22 57 -1 inf
R 22 58 -1 inf
R 22 59 13 0.027881792790987025
R 22 60 41 0.029126160731097528
R 22 61 41 0.041909295787342343
R 22 62 41 0.056231616026833915
R 22 63 -1 inf
R 22 64 -1 inf
R 22 65 -1 inf
R 22 66 -1 inf
R 22 67 -1 inf
R 22 68 13 0.043120909595116247
R 22 69 -1 inf
R 22 70 41 0.036016653315291428
R 22 71 41 0.055587195262808281
R 22 72 41 0.071603141441483276
R 22 73 -1 inf
R 22 74 -1 inf
R 22 75 -1 inf
R 22 76 -1 inf
R 22 77 -1 inf
R 22 78 41 0.059530862455655059
R 22 79 41 0.041585209501491804
R 22 80 41 0.050465579614655726
R 22 81 41 0.069611036152446445
R 22 82 -1 inf
R 22 83 -1 inf
R 22 84 -1 inf
R 22 85 -1 inf
R 22 86 -1 inf
R 22 87 -1 inf
R 22 88 -1 inf
R 22 89 41 0.047287873610124057
R 22 90 41 0.0650967528685404
R 22 91 -1 inf
R 22 92 31 0.02253293429651327
R 22 93 -1 inf
R 22 94 -1 inf
R 22 95 -1 inf
R 22 96 -1 inf
R 22 97 -1 inf
R 22 98 -1 inf
R 22 99 41 0.064973063775384643
R 23 0 -1 inf
R 23 1 32 0.066663998438901334
R 23 2 -1 inf
R 23 3 41 0.030971499435982382
R 23 4 41 0.03640124721683289
R 23 5 41 0.054179830570972892
R 23 6 -1 inf
R 23 7 -1 inf
R 23 8 -1 inf
R 23 9 -1 inf
R 23 10 -1 inf
R 23 11 -1 inf
R 23 12 41 0.036792546986417658
R 23 13 41 0.024082163360696931
R 23 14 -1 inf
R 23 15 32 0.060018438125750945
R 23 16 -1 inf
R 23 17 -1 inf
R 23 18 -1 inf
R 23 19 -1 inf
R 23 20 -1 inf
R 23 21 41 0.036862811278732976
R 23 22 41 0.017418488176516506
R 23 23 23 0
R 23 24 32 0.044561530200124003
R 23 25 -1 inf
R 23 26 -1 inf
R 23 27 -1 inf
R 23 28 -1 inf
R 23 29 -1 inf
R 23 30 41 0.038988994106082815
R 23 31 41 0.021807474233362371
R 23 32 32 0.0075293611310772437
R 23 33 32 0.02889784215597822
R 23 34 -1 inf
R 23 35 -1 inf
R 23 36 -1 inf
R 23 37 -1 inf
R 23 38 -1 inf
R 23 39 -1 inf
R 23 40 41 0.029792586532584778
R 23 41 41 0.0082986078251981055
R 23 42 32 0.020978506488296494
R 23 43 32 0.03804194455957597
R 23 44 -1 inf
R 23 45 -1 inf
R 23 46 -1 inf
R 23 47 -1 inf
R 23 48 -1 inf
R 23 49 -1 inf
R 23 50 50 0.0045356750856043208
R 23 51 32 0.016623810710246843
R 23 52 32 0.036198769839112188
R 23 53 32 0.061454242427576133
R 23 54 -1 inf
R 23 55 -1 inf
R 23 56 -1 inf
R 23 57 -1 inf
R 23 58 -1 inf
R 23 59 41 0.045300280967503534
R 23 60 32 0.023361674958169862
R 23 61 32 0.036144810014414677
R 23 62 32 0.050467130253906249
R 23 63 -1 inf
R 23 64 -1 inf
R 23 65 -1 inf
R 23 66 -1 inf
R 23 67 -1 inf
R 23 68 41 0.060539397771632759
R 23 69 -1 inf
R 23 70 32 0.030252167542363761
R 23 71 32 0.049822709489880615
R 23 72 32 0.06583865566855561
R 23 73 -1 inf
R 23 74 -1 inf
R 23 75 -1 inf
R 23 76 -1 inf
R 23 77 -1 inf
R 23 78 32 0.053766376682727393
R 23 79 32 0.035820723728564145
R 23 80 32 0.04470109384172806
R 23 81 32 0.063846550379518779
R 23 82 -1 inf
R 23 83 -1 inf
R 23 84 -1 inf
R 23 85 -1 inf
R 23 86 -1 inf
R 23 87 -1 inf
R 23 88 -1 inf
R 23 89 32 0.04152338783719639
R 23 90 32 0.059332267095612734
R 23 91 -1 inf
R 23 92 41 0.039951422473029775
R 23 93 -1 inf
R 23 94 -1 inf
R 23 95 -1 inf
R 23 96 -1 inf
R 23 97 -1 inf
R 23 98 -1 inf
R 23 99 32 0.059208578002456977
R 24 0 -1 inf
R 24 1 79 0.06973084574346744
R 24 2 -1 inf
R 24 3 79 0.063879027232517538
R 24 4 79 0.069308775013368046
R 24 5 79 0.087087358367508041
R 24 6 -1 inf
R 24 7 -1 inf
R 24 8 -1 inf
R 24 9 -1 inf
R 24 10 -1 inf
R 24 11 -1 inf
R 24 12 79 0.069700074782952814
R 24 13 79 0.056989691157232097
R 24 14 -1 inf
R 24 15 78 0.015456907925626942
R 24 16 -1 inf
R 24 17 -1 inf
R 24 18 -1 inf
R 24 19 -1 inf
R 24 20 -1 inf
R 24 21 79 0.06977033907526814
R 24 22 79 0.050326015973051669
R 24 23 79 0.044561530200124003
R 24 24 24 0
R 24 25 -1 inf
R 24 26 -1 inf
R 24 27 -1 inf
R 24 28 -1 inf
R 24 29 -1 inf
R 24 30 79 0.071896521902617971
R 24 31 79 0.054715002029897535
R 24 32 79 0.037032169069046758
R 24 33 79 0.015663688044145786
R 24 34 -1 inf
R 24 35 -1 inf
R 24 36 -1 inf
R 24 37 -1 inf
R 24 38 -1 inf
R 24 39 -1 inf
R 24 40 79 0.062700114329119941
R 24 41 79 0.041206135621733267
R 24 42 79 0.024045353792862607
R 24 43 79 0.041108791864142083
R 24 44 -1 inf
R 24 45 -1 inf
R 24 46 -1 inf
R 24 47 -1 inf
R 24 48 -1 inf
R 24 49 -1 inf
R 24 50 79 0.04547433617792828
R 24 51 79 0.027937719489877163
R 24 52 79 0.039265617143678301
R 24 53 79 0.064521089732142239
R 24 54 -1 inf
R 24 55 -1 inf
R 24 56 -1 inf
R 24 57 -1 inf
R 24 58 -1 inf
R 24 59 79 0.078207808764038683
R 24 60 79 0.021199855241954144
R 24 61 79 0.03921165731898079
R 24 62 79 0.053533977558472362
R 24 63 -1 inf
R 24 64 -1 inf
R 24 65 -1 inf
R 24 66 -1 inf
R 24 67 -1 inf
R 24 68 79 0.093446925568167902
R 24 69 -1 inf
R 24 70 79 0.033319014846929874
R 24 71 79 0.052889556794446728
R 24 72 79 0.068905502973121716
R 24 73 -1 inf
R 24 74 -1 inf
R 24 75 -1 inf
R 24 76 -1 inf
R 24 77 -1 inf
R 24 78 78 0.0092048464826033904
R 24 79 79 0.0087408064715598609
R 24 80 79 0.047767941146294172
R 24 81 79 0.066913397684084885
R 24 82 -1 inf
R 24 83 -1 inf
R 24 84 -1 inf
R 24 85 -1 inf
R 24 86 -1 inf
R 24 87 -1 inf
R 24 88 -1 inf
R 24 89 79 0.044590235141762496
R 24 90 79 0.06239911440017884
R 24 91 -1 inf
R 24 92 79 0.072858950269564932
R 24 93 -1 inf
R 24 94 -1 inf
R 24 95 -1 inf
R 24 96 -1 inf
R 24 97 -1 inf
R 24 98 -1 inf
R 24 99 79 0.06227542530702309
R 25 0 -1 inf
R 25 1 -1 inf
R 25 2 -1 inf
R 25 3 -1 inf
R 25 4 -1 inf
R 25 5 -1 inf
R 25 6 -1 inf
R 25 7 87 0.017012595041330909
R 25 8 -1 inf
R 25 9 -1 inf
R 25 10 -1 inf
R 25 11 -1 inf
R 25 12 -1 inf
R 25 13 -1 inf
R 25 14 -1 inf
R 25 15 -1 inf
R 25 16 87 0.012365189451144325
R 25 17 -1 inf
R 25 18 -1 inf
R 25 19 -1 inf
R 25 20 -1 inf
R 25 21 -1 inf
R 25 22 -1 inf
R 25 23 -1 inf
R 25 24 -1 inf
R 25 25 25 0
R 25 26 -1 inf
R 25 27 -1 inf
R 25 28 -1 inf
R 25 29 -1 inf
R 25 30 -1 inf
R 25 31 -1 inf
R 25 32 -1 inf
R 25 33 -1 inf
R 25 34 88 0.013853891836356555
R 25 35 -1 inf
R 25 36 -1 inf
R 25 37 -1 inf
R 25 38 -1 inf
R 25 39 -1 inf
R 25 40 -1 inf
R 25 41 -1 inf
R 25 42 -1 inf
R 25 43 -1 inf
R 25 44 -1 inf
R 25 45 -1 inf
R 25 46 -1 inf
R 25 47 -1 inf
R 25 48 -1 inf
R 25 49 -1 inf
R 25 50 -1 inf
R 25 51 -1 inf
R 25 52 -1 inf
R 25 53 -1 inf
R 25 54 -1 inf
R 25 55 -1 inf
R 25 56 -1 inf
R 25 57 -1 inf
R 25 58 -1 inf
R 25 59 -1 inf
R 25 60 -1 inf
R 25 61 -1 inf
R 25 62 -1 inf
R 25 63 -1 inf
R 25 64 -1 inf
R 25 65 -1 inf
R 25 66 -1 inf
R 25 67 -1 inf
R 25 68 -1 inf
R 25 69 -1 inf
R 25 70 -1 inf
R 25 71 -1 inf
R 25 72 -1 inf
R 25 73 -1 inf
R 25 74 -1 inf
R 25 75 -1 inf
R 25 76 -1 inf
R 25 77 -1 inf
R 25 78 -1 inf
R 25 79 -1 inf
R 25 80 -1 inf
R 25 81 -1 inf
R 25 82 -1 inf
R 25 83 -1 inf
R 25 84 -1 inf
R 25 85 -1 inf
R 25 86 -1 inf
R 25 87 87 0.0083631714810405138
R 25 88 88 0.0081353756885326686
R 25 89 -1 inf
R 25 90 -1 inf
R 25 91 -1 inf
R 25 92 -1 inf
R 25 93 -1 inf
R 25 94 -1 inf
R 25 95 -1 inf
R 25 96 87 0.015650903401477088
R 25 97 -1 inf
R 25 98 -1 inf
R 25 99 -1 inf
R 26 0 8 0.047894402484151236
R 26 1 -1 inf
R 26 2 -1 inf
R 26 3 -1 inf
R 26 4 -1 inf
R 26 5 -1 inf
R 26 6 8 0.091904619274522398
R 26 7 -1 inf
R 26 8 8 0.0059118416635822934
R 26 9 8 0.030131543488010806
R 26 10 8 0.085228339204833886
R 26 11 -1 inf
R 26 12 -1 inf
R 26 13 -1 inf
R 26 14 -1 inf
R 26 15 -1 inf
R 26 16 -1 inf
R 26 17 17 0.004941642992174468
R 26 18 8 0.021917927787920892
R 26 19 -1 inf
R 26 20 -1 inf
R 26 21 -1 inf
R 26 22 -1 inf
R 26 23 -1 inf
R 26 24 -1 inf
R 26 25 -1 inf
R 26 26 26 0
R 26 27 8 0.019460354041941318
R 26 28 8 0.036884267735748585
R 26 29 8 0.069794916868370152
R 26 30 -1 inf
R 26 31 -1 inf
R 26 32 -1 inf
R 26 33 -1 inf
R 26 34 -1 inf
R 26 35 35 0.0092776439122734949
R 26 36 8 0.015058104455181003
R 26 37 8 0.032759353093171739
R 26 38 8 0.054153236297223892
R 26 39 -1 inf
R 26 40 -1 inf
R 26 41 -1 inf
R 26 42 -1 inf
R 26 43 -1 inf
R 26 44 -1 inf
R 26 45 8 0.023526263849598984
R 26 46 8 0.028572727800793823
R 26 47 8 0.046209609602328304
R 26 48 8 0.063276228183262062
R 26 49 -1 inf
R 26 50 -1 inf
R 26 51 -1 inf
R 26 52 -1 inf
R 26 53 -1 inf
R 26 54 8 0.03900799955793649
R 26 55 8 0.036191504628922989
R 26 56 8 0.041843654837750807
R 26 57 8 0.061442238734968964
R 26 58 8 0.086708957152510882
R 26 59 -1 inf
R 26 60 -1 inf
R 26 61 -1 inf
R 26 62 -1 inf
R 26 63 8 0.054224870976004369
R 26 64 -1 inf
R 26 65 8 0.048597007002054222
R 26 66 8 0.061379987474288564
R 26 67 8 0.075715511396926519
R 26 68 -1 inf
R 26 69 -1 inf
R 26 70 -1 inf
R 26 71 -1 inf
R 26 72 -1 inf
R 26 73 8 0.079004836460082162
R 26 74 8 0.061080019278509687
R 26 75 8 0.055472974518463246
R 26 76 8 0.075063379604342645
R 26 77 8 0.091086774699542489
R 26 78 -1 inf
R 26 79 -1 inf
R 26 80 -1 inf
R 26 81 -1 inf
R 26 82 -1 inf
R 26 83 -1 inf
R 26 84 8 0.06675509808484785
R 26 85 8 0.069928085732207948
R 26 86 8 0.089090201800008539
R 26 87 -1 inf
R 26 88 -1 inf
R 26 89 -1 inf
R 26 90 -1 inf
R 26 91 -1 inf
R 26 92 -1 inf
R 26 93 -1 inf
R 26 94 8 0.084478262705165341
R 26 95 8 0.084562572367156821
R 26 96 -1 inf
R 26 97 97 0.0068769996253677393
R 26 98 -1 inf
R 26 99 -1 inf
R 27 0 18 0.036771333968602028
R 27 1 -1 inf
R 27 2 -1 inf
R 27 3 -1 inf
R 27 4 -1 inf
R 27 5 -1 inf
R 27 6 46 0.072444265232581087
R 27 7 -1 inf
R 27 8 36 0.013548512378359023
R 27 9 18 0.019008474972461598
R 27 10 46 0.065767985162892562
R 27 11 -1 inf
R 27 12 -1 inf
R 27 13 -1 inf
R 27 14 -1 inf
R 27 15 -1 inf
R 27 16 -1 inf
R 27 17 36 0.019376434166772157
R 27 18 18 0.0066685959007403983
R 27 19 -1 inf
R 27 20 -1 inf
R 27 21 -1 inf
R 27 22 -1 inf
R 27 23 -1 inf
R 27 24 -1 inf
R 27 25 -1 inf
R 27 26 36 0.019460354041941318
R 27 27 27 0
R 27 28 46 0.017423913693807268
R 27 29 46 0.050334562826428828
R 27 30 -1 inf
R 27 31 -1 inf
R 27 32 -1 inf
R 27 33 -1 inf
R 27 34 -1 inf
R 27 35 36 0.021587459547694997
R 27 36 36 0.0044022495867603144
R 27 37 46 0.013298999051230418
R 27 38 46 0.034692882255282567
R 27 39 -1 inf
R 27 40 -1 inf
R 27 41 -1 inf
R 27 42 -1 inf
R 27 43 -1 inf
R 27 44 -1 inf
R 27 45 18 0.012403195334049776
R 27 46 46 0.0091123737588525051
R 27 47 46 0.026749255560386979
R 27 48 46 0.043815874141320738
R 27 49 -1 inf
R 27 50 -1 inf
R 27 51 -1 inf
R 27 52 -1 inf
R 27 53 -1 inf
R 27 54 18 0.027884931042387283
R 27 55 46 0.016731150586981672
R 27 56 46 0.022383300795809483
R 27 57 46 0.041981884693027639
R 27 58 46 0.067248603110569558
R 27 59 -1 inf
R 27 60 -1 inf
R 27 61 -1 inf
R 27 62 -1 inf
R 27 63 18 0.043101802460455162
R 27 64 -1 inf
R 27 65 46 0.029136652960112898
R 27 66 46 0.041919633432347239
R 27 67 46 0.056255157354985201
R 27 68 -1 inf
R 27 69 -1 inf
R 27 70 -1 inf
R 27 71 -1 inf
R 27 72 -1 inf
R 27 73 46 0.059544482418140837
R 27 74 46 0.041619665236568362
R 27 75 46 0.036012620476521921
R 27 76 46 0.055603025562401334
R 27 77 46 0.071626420657601178
R 27 78 -1 inf
R 27 79 -1 inf
R 27 80 -1 inf
R 27 81 -1 inf
R 27 82 -1 inf
R 27 83 -1 inf
R 27 84 46 0.047294744042906525
R 27 85 46 0.05046773169026663
R 27 86 46 0.069629847758067229
R 27 87 -1 inf
R 27 88 -1 inf
R 27 89 -1 inf
R 27 90 -1 inf
R 27 91 -1 inf
R 27 92 -1 inf
R 27 93 -1 inf
R 27 94 46 0.065017908663224017
R 27 95 46 0.065102218325215511
R 27 96 -1 inf
R 27 97 36 0.022521047545388233
R 27 98 -1 inf
R 27 99 -1 inf
R 28 0 46 0.054195247662409296
R 28 1 -1 inf
R 28 2 -1 inf
R 28 3 -1 inf
R 28 4 -1 inf
R 28 5 -1 inf
R 28 6 37 0.06667749205647959
R 28 7 -1 inf
R 28 8 46 0.030972426072166291
R 28 9 46 0.03643238866626887
R 28 10 37 0.060001211986791071
R 28 11 -1 inf
R 28 12 -1 inf
R 28 13 -1 inf
R 28 14 -1 inf
R 28 15 -1 inf
R 28 16 -1 inf
R 28 17 46 0.036800347860579424
R 28 18 46 0.024092509594547666
R 28 19 -1 inf
R 28 20 -1 inf
R 28 21 -1 inf
R 28 22 -1 inf
R 28 23 -1 inf
R 28 24 -1 inf
R 28 25 -1 inf
R 28 26 46 0.036884267735748585
R 28 27 46 0.017423913693807268
R 28 28 28 0
R 28 29 37 0.04456778965032733
R 28 30 -1 inf
R 28 31 -1 inf
R 28 32 -1 inf
R 28 33 -1 inf
R 28 34 -1 inf
R 28 35 46 0.039011373241502265
R 28 36 46 0.021826163280567582
R 28 37 37 0.0075322258751289242
R 28 38 37 0.02892610907918107
R 28 39 -1 inf
R 28 40 -1 inf
R 28 41 -1 inf
R 28 42 -1 inf
R 28 43 -1 inf
R 28 44 -1 inf
R 28 45 46 0.029827109027857044
R 28 46 46 0.0083115399349547644
R 28 47 37 0.020982482384285489
R 28 48 37 0.038049100965219247
R 28 49 -1 inf
R 28 50 -1 inf
R 28 51 -1 inf
R 28 52 -1 inf
R 28 53 -1 inf
R 28 54 46 0.045308844736194551
R 28 55 55 0.0045628073287687781
R 28 56 37 0.016616527619707989
R 28 57 37 0.036215111516926149
R 28 58 37 0.061481829934468067
R 28 59 -1 inf
R 28 60 -1 inf
R 28 61 -1 inf
R 28 62 -1 inf
R 28 63 46 0.060525716154262429
R 28 64 -1 inf
R 28 65 37 0.023369879784011401
R 28 66 37 0.036152860256245756
R 28 67 37 0.050488384178883711
R 28 68 -1 inf
R 28 69 -1 inf
R 28 70 -1 inf
R 28 71 -1 inf
R 28 72 -1 inf
R 28 73 37 0.05377770924203934
R 28 74 37 0.035852892060466865
R 28 75 37 0.030245847300420431
R 28 76 37 0.049836252386299844
R 28 77 37 0.065859647481499681
R 28 78 -1 inf
R 28 79 -1 inf
R 28 80 -1 inf
R 28 81 -1 inf
R 28 82 -1 inf
R 28 83 -1 inf
R 28 84 37 0.041527970866805035
R 28 85 37 0.04470095851416514
R 28 86 37 0.063863074581965731
R 28 87 -1 inf
R 28 88 -1 inf
R 28 89 -1 inf
R 28 90 -1 inf
R 28 91 -1 inf
R 28 92 -1 inf
R 28 93 -1 inf
R 28 94 37 0.059251135487122526
R 28 95 37 0.059335445149114013
R 28 96 -1 inf
R 28 97 46 0.039944961239195498
R 28 98 -1 inf
R 28 99 -1 inf
R 29 0 74 0.087105896795030849
R 29 1 -1 inf
R 29 2 -1 inf
R 29 3 -1 inf
R 29 4 -1 inf
R 29 5 -1 inf
R 29 6 74 0.069718997773282498
R 29 7 -1 inf
R 29 8 74 0.063883075204787837
R 29 9 74 0.069343037798890422
R 29 10 73 0.015433422336463741
R 29 11 -1 inf
R 29 12 -1 inf
R 29 13 -1 inf
R 29 14 -1 inf
R 29 15 -1 inf
R 29 16 -1 inf
R 29 17 74 0.069710996993200977
R 29 18 74 0.057003158727169212
R 29 19 -1 inf
R 29 20 -1 inf
R 29 21 -1 inf
R 29 22 -1 inf
R 29 23 -1 inf
R 29 24 -1 inf
R 29 25 -1 inf
R 29 26 74 0.069794916868370124
R 29 27 74 0.050334562826428814
R 29 28 74 0.044567789650327323
R 29 29 29 0
R 29 30 -1 inf
R 29 31 -1 inf
R 29 32 -1 inf
R 29 33 -1 inf
R 29 34 -1 inf
R 29 35 74 0.071922022374123804
R 29 36 74 0.054736812413189131
R 29 37 74 0.037035563775198399
R 29 38 74 0.015641680571146253
R 29 39 -1 inf
R 29 40 -1 inf
R 29 41 -1 inf
R 29 42 -1 inf
R 29 43 -1 inf
R 29 44 -1 inf
R 29 45 74 0.062737758160478593
R 29 46 74 0.041222189067576312
R 29 47 74 0.024023988101088391
R 29 48 74 0.041090606682022149
R 29 49 -1 inf
R 29 50 -1 inf
R 29 51 -1 inf
R 29 52 -1 inf
R 29 53 -1 inf
R 29 54 74 0.078219493868816103
R 29 55 74 0.04550016356371267
R 29 56 74 0.027951262030619338
R 29 57 74 0.039256617233729051
R 29 58 74 0.064523335651270969
R 29 59 -1 inf
R 29 60 -1 inf
R 29 61 -1 inf
R 29 62 -1 inf
R 29 63 74 0.093436365286883982
R 29 64 -1 inf
R 29 65 74 0.021197909866315923
R 29 66 74 0.03919436597304865
R 29 67 74 0.053529889895686612
R 29 68 -1 inf
R 29 69 -1 inf
R 29 70 -1 inf
R 29 71 -1 inf
R 29 72 -1 inf
R 29 73 73 0.0092099195917120097
R 29 74 74 0.0087148975898604618
R 29 75 74 0.033287353017223333
R 29 76 74 0.052877758103102745
R 29 77 74 0.068901153198302589
R 29 78 -1 inf
R 29 79 -1 inf
R 29 80 -1 inf
R 29 81 -1 inf
R 29 82 -1 inf
R 29 83 -1 inf
R 29 84 74 0.044569476583607937
R 29 85 74 0.047742464230968042
R 29 86 74 0.06690458029876864
R 29 87 -1 inf
R 29 88 -1 inf
R 29 89 -1 inf
R 29 90 -1 inf
R 29 91 -1 inf
R 29 92 -1 inf
R 29 93 -1 inf
R 29 94 74 0.062292641203925428
R 29 95 74 0.062376950865916922
R 29 96 -1 inf
R 29 97 74 0.072855610371817051
R 29 98 -1 inf
R 29 99 -1 inf
R 30 0 -1 inf
R 30 1 3 0.093998990141395303
R 30 2 -1 inf
R 30 3 3 0.0080174946701004335
R 30 4 3 0.032239824402092158
R 30 5 3 0.050018407756232161
R 30 6 -1 inf
R 30 7 -1 inf
R 30 8 -1 inf
R 30 9 -1 inf
R 30 10 -1 inf
R 30 11 -1 inf
R 30 12 3 0.013838542220535714
R 30 13 3 0.024024662830738272
R 30 14 -1 inf
R 30 15 3 0.087353429828244927
R 30 16 -1 inf
R 30 17 -1 inf
R 30 18 -1 inf
R 30 19 -1 inf
R 30 20 -1 inf
R 30 21 21 0.0092575060979056961
R 30 22 3 0.02157050592956631
R 30 23 3 0.038988994106082815
R 30 24 3 0.071896521902617985
R 30 25 -1 inf
R 30 26 -1 inf
R 30 27 -1 inf
R 30 28 -1 inf
R 30 29 -1 inf
R 30 30 30 0
R 30 31 3 0.017181519872720444
R 30 32 3 0.03486435283357122
R 30 33 3 0.056232833858472192
R 30 34 -1 inf
R 30 35 -1 inf
R 30 36 -1 inf
R 30 37 -1 inf
R 30 38 -1 inf
R 30 39 -1 inf
R 30 40 3 0.025631163717844047
R 30 41 3 0.030690386280884708
R 30 42 3 0.04831349819079047
R 30 43 3 0.065376936262069946
R 30 44 -1 inf
R 30 45 -1 inf
R 30 46 -1 inf
R 30 47 -1 inf
R 30 48 -1 inf
R 30 49 -1 inf
R 30 50 3 0.038292244362706895
R 30 51 3 0.043958802412740819
R 30 52 3 0.063533761541606171
R 30 53 3 0.088789234130070116
R 30 54 -1 inf
R 30 55 -1 inf
R 30 56 -1 inf
R 30 57 -1 inf
R 30 58 -1 inf
R 30 59 3 0.041138858152762803
R 30 60 3 0.050696666660663837
R 30 61 3 0.06347980171690866
R 30 62 3 0.077802121956400225
R 30 63 -1 inf
R 30 64 -1 inf
R 30 65 -1 inf
R 30 66 -1 inf
R 30 67 -1 inf
R 30 68 3 0.056377974956892028
R 30 69 -1 inf
R 30 70 3 0.057587159244857737
R 30 71 3 0.077157701192374598
R 30 72 3 0.093173647371049578
R 30 73 -1 inf
R 30 74 -1 inf
R 30 75 -1 inf
R 30 76 -1 inf
R 30 77 -1 inf
R 30 78 3 0.081101368385221376
R 30 79 3 0.063155715431058121
R 30 80 3 0.072036085544222042
R 30 81 3 0.091181542082012748
R 30 82 -1 inf
R 30 83 -1 inf
R 30 84 -1 inf
R 30 85 -1 inf
R 30 86 -1 inf
R 30 87 -1 inf
R 30 88 -1 inf
R 30 89 3 0.068858379539690359
R 30 90 3 0.086667258798106703
R 30 91 -1 inf
R 30 92 92 0.0060419371022249471
R 30 93 -1 inf
R 30 94 -1 inf
R 30 95 -1 inf
R 30 96 -1 inf
R 30 97 -1 inf
R 30 98 -1 inf
R 30 99 3 0.086543569704950959
R 31 0 -1 inf
R 31 1 22 0.076817470268674859
R 31 2 -1 inf
R 31 3 3 0.0091640252026200103
R 31 4 40 0.015058304529371713
R 31 5 40 0.032836887883511703
R 31 6 -1 inf
R 31 7 -1 inf
R 31 8 -1 inf
R 31 9 -1 inf
R 31 10 -1 inf
R 31 11 -1 inf
R 31 12 3 0.01498507275305529
R 31 13 13 0.0068431429580178265
R 31 14 -1 inf
R 31 15 22 0.07017190995552447
R 31 16 -1 inf
R 31 17 -1 inf
R 31 18 -1 inf
R 31 19 -1 inf
R 31 20 -1 inf
R 31 21 3 0.015055337045370609
R 31 22 22 0.0043889860568458667
R 31 23 22 0.021807474233362371
R 31 24 22 0.054715002029897528
R 31 25 -1 inf
R 31 26 -1 inf
R 31 27 -1 inf
R 31 28 -1 inf
R 31 29 -1 inf
R 31 30 3 0.017181519872720444
R 31 31 31 0
R 31 32 22 0.017682832960850776
R 31 33 22 0.039051313985751748
R 31 34 -1 inf
R 31 35 -1 inf
R 31 36 -1 inf
R 31 37 -1 inf
R 31 38 -1 inf
R 31 39 -1 inf
R 31 40 40 0.0084496438451236028
R 31 41 22 0.013508866408164264
R 31 42 22 0.031131978318070026
R 31 43 22 0.048195416389349502
R 31 44 -1 inf
R 31 45 -1 inf
R 31 46 -1 inf
R 31 47 -1 inf
R 31 48 -1 inf
R 31 49 -1 inf
R 31 50 22 0.021110724489986452
R 31 51 22 0.026777282540020375
R 31 52 22 0.04635224166888572
R 31 53 22 0.071607714257349672
R 31 54 -1 inf
R 31 55 -1 inf
R 31 56 -1 inf
R 31 57 -1 inf
R 31 58 -1 inf
R 31 59 40 0.023957338280042352
R 31 60 22 0.033515146787943394
R 31 61 22 0.046298281844188209
R 31 62 22 0.060620602083679781
R 31 63 -1 inf
R 31 64 -1 inf
R 31 65 -1 inf
R 31 66 -1 inf
R 31 67 -1 inf
R 31 68 40 0.039196455084171571
R 31 69 -1 inf
R 31 70 22 0.040405639372137293
R 31 71 22 0.059976181319654147
R 31 72 22 0.075992127498329134
R 31 73 -1 inf
R 31 74 -1 inf
R 31 75 -1 inf
R 31 76 -1 inf
R 31 77 -1 inf
R 31 78 22 0.063919848512500918
R 31 79 22 0.04597419555833767
R 31 80 22 0.054854565671501591
R 31 81 22 0.074000022209292304
R 31 82 -1 inf
R 31 83 -1 inf
R 31 84 -1 inf
R 31 85 -1 inf
R 31 86 -1 inf
R 31 87 -1 inf
R 31 88 -1 inf
R 31 89 22 0.051676859666969915
R 31 90 22 0.069485738925386259
R 31 91 -1 inf
R 31 92 3 0.018143948239667404
R 31 93 -1 inf
R 31 94 -1 inf
R 31 95 -1 inf
R 31 96 -1 inf
R 31 97 -1 inf
R 31 98 -1 inf
R 31 99 22 0.069362049832230516
R 32 0 -1 inf
R 32 1 51 0.059134637307824089
R 32 2 -1 inf
R 32 3 41 0.026846858163470787
R 32 4 41 0.032276605944321295
R 32 5 41 0.050055189298461297
R 32 6 -1 inf
R 32 7 -1 inf
R 32 8 -1 inf
R 32 9 -1 inf
R 32 10 -1 inf
R 32 11 -1 inf
R 32 12 41 0.032667905713906063
R 32 13 41 0.019957522088185336
R 32 14 -1 inf
R 32 15 51 0.0524890769946737
R 32 16 -1 inf
R 32 17 -1 inf
R 32 18 -1 inf
R 32 19 -1 inf
R 32 20 -1 inf
R 32 21 41 0.032738170006221382
R 32 22 41 0.013293846904004911
R 32 23 23 0.0075293611310772437
R 32 24 51 0.037032169069046758
R 32 25 -1 inf
R 32 26 -1 inf
R 32 27 -1 inf
R 32 28 -1 inf
R 32 29 -1 inf
R 32 30 41 0.03486435283357122
R 32 31 41 0.017682832960850776
R 32 32 32 0
R 32 33 51 0.021368481024900975
R 32 34 -1 inf
R 32 35 -1 inf
R 32 36 -1 inf
R 32 37 -1 inf
R 32 38 -1 inf
R 32 39 -1 inf
R 32 40 41 0.025667945260073183
R 32 41 41 0.0041739665526865123
R 32 42 51 0.01344914535721925
R 32 43 51 0.030512583428498725
R 32 44 -1 inf
R 32 45 -1 inf
R 32 46 -1 inf
R 32 47 -1 inf
R 32 48 -1 inf
R 32 49 -1 inf
R 32 50 50 0.0084421671088815223
R 32 51 51 0.0090944495791695987
R 32 52 51 0.028669408708034944
R 32 53 51 0.053924881296498889
R 32 54 -1 inf
R 32 55 -1 inf
R 32 56 -1 inf
R 32 57 -1 inf
R 32 58 -1 inf
R 32 59 41 0.041175639694991939
R 32 60 51 0.015832313827092617
R 32 61 51 0.028615448883337436
R 32 62 51 0.042937769122829005
R 32 63 -1 inf
R 32 64 -1 inf
R 32 65 -1 inf
R 32 66 -1 inf
R 32 67 -1 inf
R 32 68 41 0.056414756499121164
R 32 69 -1 inf
R 32 70 51 0.022722806411286517
R 32 71 51 0.04229334835880337
R 32 72 51 0.058309294537478372
R 32 73 -1 inf
R 32 74 -1 inf
R 32 75 -1 inf
R 32 76 -1 inf
R 32 77 -1 inf
R 32 78 51 0.046237015551650149
R 32 79 51 0.028291362597486901
R 32 80 51 0.037171732710650815
R 32 81 51 0.056317189248441535
R 32 82 -1 inf
R 32 83 -1 inf
R 32 84 -1 inf
R 32 85 -1 inf
R 32 86 -1 inf
R 32 87 -1 inf
R 32 88 -1 inf
R 32 89 51 0.033994026706119146
R 32 90 51 0.051802905964535489
R 32 91 -1 inf
R 32 92 41 0.03582678120051818
R 32 93 -1 inf
R 32 94 -1 inf
R 32 95 -1 inf
R 32 96 -1 inf
R 32 97 -1 inf
R 32 98 -1 inf
R 32 99 51 0.051679216871379732
R 33 0 -1 inf
R 33 1 42 0.054067157699321661
R 33 2 -1 inf
R 33 3 60 0.048215339188371766
R 33 4 60 0.05364508696922228
R 33 5 60 0.071423670323362276
R 33 6 -1 inf
R 33 7 -1 inf
R 33 8 -1 inf
R 33 9 -1 inf
R 33 10 -1 inf
R 33 11 -1 inf
R 33 12 60 0.054036386738807042
R 33 13 60 0.041326003113086318
R 33 14 -1 inf
R 33 15 79 0.031120595969772728
R 33 16 -1 inf
R 33 17 -1 inf
R 33 18 -1 inf
R 33 19 -1 inf
R 33 20 -1 inf
R 33 21 60 0.05410665103112236
R 33 22 60 0.034662327928905889
R 33 23 60 0.02889784215597822
R 33 24 79 0.015663688044145786
R 33 25 -1 inf
R 33 26 -1 inf
R 33 27 -1 inf
R 33 28 -1 inf
R 33 29 -1 inf
R 33 30 60 0.056232833858472199
R 33 31 60 0.039051313985751755
R 33 32 60 0.021368481024900975
R 33 33 33 0
R 33 34 -1 inf
R 33 35 -1 inf
R 33 36 -1 inf
R 33 37 -1 inf
R 33 38 -1 inf
R 33 39 -1 inf
R 33 40 60 0.047036426284974168
R 33 41 60 0.025542447577587488
R 33 42 42 0.0083816657487168211
R 33 43 42 0.025445103819996297
R 33 44 -1 inf
R 33 45 -1 inf
R 33 46 -1 inf
R 33 47 -1 inf
R 33 48 -1 inf
R 33 49 -1 inf
R 33 50 60 0.029810648133782498
R 33 51 60 0.012274031445731377
R 33 52 42 0.023601929099532515
R 33 53 42 0.04885740168799646
R 33 54 -1 inf
R 33 55 -1 inf
R 33 56 -1 inf
R 33 57 -1 inf
R 33 58 -1 inf
R 33 59 60 0.062544120719892918
R 33 60 60 0.0055361671978083572
R 33 61 42 0.023547969274835007
R 33 62 42 0.037870289514326576
R 33 63 -1 inf
R 33 64 -1 inf
R 33 65 -1 inf
R 33 66 -1 inf
R 33 67 -1 inf
R 33 68 60 0.077783237524022136
R 33 69 -1 inf
R 33 70 42 0.017655326802784088
R 33 71 42 0.037225868750300942
R 33 72 42 0.053241814928975943
R 33 73 -1 inf
R 33 74 -1 inf
R 33 75 -1 inf
R 33 76 -1 inf
R 33 77 -1 inf
R 33 78 79 0.024868534526749177
R 33 79 79 0.0069228815725859236
R 33 80 42 0.032104253102148386
R 33 81 42 0.051249709639939106
R 33 82 -1 inf
R 33 83 -1 inf
R 33 84 -1 inf
R 33 85 -1 inf
R 33 86 -1 inf
R 33 87 -1 inf
R 33 88 -1 inf
R 33 89 42 0.028926547097616714
R 33 90 42 0.046735426356033061
R 33 91 -1 inf
R 33 92 60 0.057195262225419159
R 33 93 -1 inf
R 33 94 -1 inf
R 33 95 -1 inf
R 33 96 -1 inf
R 33 97 -1 inf
R 33 98 -1 inf
R 33 99 42 0.046611737262877304
R 34 0 -1 inf
R 34 1 -1 inf
R 34 2 -1 inf
R 34 3 -1 inf
R 34 4 -1 inf
R 34 5 -1 inf
R 34 6 -1 inf
R 34 7 88 0.030866486877687466
R 34 8 -1 inf
R 34 9 -1 inf
R 34 10 -1 inf
R 34 11 -1 inf
R 34 12 -1 inf
R 34 13 -1 inf
R 34 14 -1 inf
R 34 15 -1 inf
R 34 16 88 0.026219081287500882
R 34 17 -1 inf
R 34 18 -1 inf
R 34 19 -1 inf
R 34 20 -1 inf
R 34 21 -1 inf
R 34 22 -1 inf
R 34 23 -1 inf
R 34 24 -1 inf
R 34 25 88 0.013853891836356555
R 34 26 -1 inf
R 34 27 -1 inf
R 34 28 -1 inf
R 34 29 -1 inf
R 34 30 -1 inf
R 34 31 -1 inf
R 34 32 -1 inf
R 34 33 -1 inf
R 34 34 34 0
R 34 35 -1 inf
R 34 36 -1 inf
R 34 37 -1 inf
R 34 38 -1 inf
R 34 39 -1 inf
R 34 40 -1 inf
R 34 41 -1 inf
R 34 42 -1 inf
R 34 43 -1 inf
R 34 44 -1 inf
R 34 45 -1 inf
R 34 46 -1 inf
R 34 47 -1 inf
R 34 48 -1 inf
R 34 49 -1 inf
R 34 50 -1 inf
R 34 51 -1 inf
R 34 52 -1 inf
R 34 53 -1 inf
R 34 54 -1 inf
R 34 55 -1 inf
R 34 56 -1 inf
R 34 57 -1 inf
R 34 58 -1 inf
R 34 59 -1 inf
R 34 60 -1 inf
R 34 61 -1 inf
R 34 62 -1 inf
R 34 63 -1 inf
R 34 64 -1 inf
R 34 65 -1 inf
R 34 66 -1 inf
R 34 67 -1 inf
R 34 68 -1 inf
R 34 69 -1 inf
R 34 70 -1 inf
R 34 71 -1 inf
R 34 72 -1 inf
R 34 73 -1 inf
R 34 74 -1 inf
R 34 75 -1 inf
R 34 76 -1 inf
R 34 77 -1 inf
R 34 78 -1 inf
R 34 79 -1 inf
R 34 80 -1 inf
R 34 81 -1 inf
R 34 82 -1 inf
R 34 83 -1 inf
R 34 84 -1 inf
R 34 85 -1 inf
R 34 86 -1 inf
R 34 87 88 0.022217063317397069
R 34 88 88 0.0057185161478238867
R 34 89 -1 inf
R 34 90 -1 inf
R 34 91 -1 inf
R 34 92 -1 inf
R 34 93 -1 inf
R 34 94 -1 inf
R 34 95 -1 inf
R 34 96 88 0.029504795237833645
R 34 97 -1 inf
R 34 98 -1 inf
R 34 99 -1 inf
R 35 0 8 0.050021507989904915
R 35 1 -1 inf
R 35 2 -1 inf
R 35 3 -1 inf
R 35 4 -1 inf
R 35 5 -1 inf
R 35 6 8 0.094031724780276063
R 35 7 -1 inf
R 35 8 8 0.0080389471693359717
R 35 9 8 0.032258648993764481
R 35 10 8 0.087355444710587565
R 35 11 -1 inf
R 35 12 -1 inf
R 35 13 -1 inf
R 35 14 -1 inf
R 35 15 -1 inf
R 35 16 -1 inf
R 35 17 8 0.013866868957749107
R 35 18 8 0.024045033293674564
R 35 19 -1 inf
R 35 20 -1 inf
R 35 21 -1 inf
R 35 22 -1 inf
R 35 23 -1 inf
R 35 24 -1 inf
R 35 25 -1 inf
R 35 26 26 0.0092776439122734949
R 35 27 8 0.021587459547694993
R 35 28 8 0.039011373241502265
R 35 29 8 0.071922022374123817
R 35 30 -1 inf
R 35 31 -1 inf
R 35 32 -1 inf
R 35 33 -1 inf
R 35 34 -1 inf
R 35 35 35 0
R 35 36 8 0.017185209960934679
R 35 37 8 0.034886458598925411
R 35 38 8 0.056280341802977557
R 35 39 -1 inf
R 35 40 -1 inf
R 35 41 -1 inf
R 35 42 -1 inf
R 35 43 -1 inf
R 35 44 -1 inf
R 35 45 8 0.025653369355352659
R 35 46 8 0.030699833306547498
R 35 47 8 0.048336715108081969
R 35 48 8 0.065403333689015727
R 35 49 -1 inf
R 35 50 -1 inf
R 35 51 -1 inf
R 35 52 -1 inf
R 35 53 -1 inf
R 35 54 8 0.041135105063690169
R 35 55 8 0.038318610134676669
R 35 56 8 0.043970760343504472
R 35 57 8 0.063569344240722622
R 35 58 8 0.088836062658264534
R 35 59 -1 inf
R 35 60 -1 inf
R 35 61 -1 inf
R 35 62 -1 inf
R 35 63 8 0.056351976481758048
R 35 64 -1 inf
R 35 65 8 0.050724112507807888
R 35 66 8 0.063507092980042229
R 35 67 8 0.077842616902680184
R 35 68 -1 inf
R 35 69 -1 inf
R 35 70 -1 inf
R 35 71 -1 inf
R 35 72 -1 inf
R 35 73 8 0.081131941965835827
R 35 74 8 0.063207124784263352
R 35 75 8 0.057600080024216911
R 35 76 8 0.07719048511009631
R 35 77 8 0.093213880205296154
R 35 78 -1 inf
R 35 79 -1 inf
R 35 80 -1 inf
R 35 81 -1 inf
R 35 82 -1 inf
R 35 83 -1 inf
R 35 84 8 0.068882203590601515
R 35 85 8 0.072055191237961613
R 35 86 8 0.091217307305762205
R 35 87 -1 inf
R 35 88 -1 inf
R 35 89 -1 inf
R 35 90 -1 inf
R 35 91 -1 inf
R 35 92 -1 inf
R 35 93 -1 inf
R 35 94 8 0.086605368210918993
R 35 95 8 0.086689677872910487
R 35 96 -1 inf
R 35 97 97 0.0060222707373297109
R 35 98 -1 inf
R 35 99 -1 inf
R 36 0 45 0.032836298028970229
R 36 1 -1 inf
R 36 2 -1 inf
R 36 3 -1 inf
R 36 4 -1 inf
R 36 5 -1 inf
R 36 6 27 0.076846514819341405
R 36 7 -1 inf
R 36 8 8 0.0091462627915987089
R 36 9 45 0.015073439032829802
R 36 10 27 0.070170234749652866
R 36 11 -1 inf
R 36 12 -1 inf
R 36 13 -1 inf
R 36 14 -1 inf
R 36 15 -1 inf
R 36 16 -1 inf
R 36 17 8 0.014974184580011844
R 36 18 18 0.006859823332739887
R 36 19 -1 inf
R 36 20 -1 inf
R 36 21 -1 inf
R 36 22 -1 inf
R 36 23 -1 inf
R 36 24 -1 inf
R 36 25 -1 inf
R 36 26 8 0.015058104455181003
R 36 27 27 0.0044022495867603144
R 36 28 27 0.021826163280567586
R 36 29 27 0.054736812413189131
R 36 30 -1 inf
R 36 31 -1 inf
R 36 32 -1 inf
R 36 33 -1 inf
R 36 34 -1 inf
R 36 35 8 0.017185209960934679
R 36 36 36 0
R 36 37 27 0.017701248637990732
R 36 38 27 0.039095131842042878
R 36 39 -1 inf
R 36 40 -1 inf
R 36 41 -1 inf
R 36 42 -1 inf
R 36 43 -1 inf
R 36 44 -1 inf
R 36 45 45 0.0084681593944179803
R 36 46 27 0.01351462334561282
R 36 47 27 0.031151505147147297
R 36 48 27 0.048218123728081055
R 36 49 -1 inf
R 36 50 -1 inf
R 36 51 -1 inf
R 36 52 -1 inf
R 36 53 -1 inf
R 36 54 45 0.023949895102755487
R 36 55 27 0.02113340017374199
R 36 56 27 0.026785550382569797
R 36 57 27 0.046384134279787957
R 36 58 27 0.071650852697329875
R 36 59 -1 inf
R 36 60 -1 inf
R 36 61 -1 inf
R 36 62 -1 inf
R 36 63 45 0.039166766520823362
R 36 64 -1 inf
R 36 65 27 0.033538902546873209
R 36 66 27 0.046321883019107557
R 36 67 27 0.060657406941745519
R 36 68 -1 inf
R 36 69 -1 inf
R 36 70 -1 inf
R 36 71 -1 inf
R 36 72 -1 inf
R 36 73 27 0.063946732004901141
R 36 74 27 0.046021914823328673
R 36 75 27 0.040414870063282239
R 36 76 27 0.060005275149161652
R 36 77 27 0.076028670244361496
R 36 78 -1 inf
R 36 79 -1 inf
R 36 80 -1 inf
R 36 81 -1 inf
R 36 82 -1 inf
R 36 83 -1 inf
R 36 84 27 0.051696993629666843
R 36 85 27 0.054869981277026948
R 36 86 27 0.074032097344827547
R 36 87 -1 inf
R 36 88 -1 inf
R 36 89 -1 inf
R 36 90 -1 inf
R 36 91 -1 inf
R 36 92 -1 inf
R 36 93 -1 inf
R 36 94 27 0.069420158249984334
R 36 95 27 0.069504467911975829
R 36 96 -1 inf
R 36 97 8 0.018118797958627919
R 36 98 -1 inf
R 36 99 -1 inf
R 37 0 46 0.05007033301983245
R 37 1 -1 inf
R 37 2 -1 inf
R 37 3 -1 inf
R 37 4 -1 inf
R 37 5 -1 inf
R 37 6 56 0.059145266181350672
R 37 7 -1 inf
R 37 8 46 0.026847511429589441
R 37 9 46 0.032307474023692016
R 37 10 56 0.05246898611166214
R 37 11 -1 inf
R 37 12 -1 inf
R 37 13 -1 inf
R 37 14 -1 inf
R 37 15 -1 inf
R 37 16 -1 inf
R 37 17 46 0.032675433218002578
R 37 18 46 0.019967594951970816
R 37 19 -1 inf
R 37 20 -1 inf
R 37 21 -1 inf
R 37 22 -1 inf
R 37 23 -1 inf
R 37 24 -1 inf
R 37 25 -1 inf
R 37 26 46 0.032759353093171732
R 37 27 46 0.013298999051230418
R 37 28 28 0.0075322258751289242
R 37 29 56 0.037035563775198399
R 37 30 -1 inf
R 37 31 -1 inf
R 37 32 -1 inf
R 37 33 -1 inf
R 37 34 -1 inf
R 37 35 46 0.034886458598925411
R 37 36 46 0.017701248637990732
R 37 37 37 0
R 37 38 56 0.021393883204052146
R 37 39 -1 inf
R 37 40 -1 inf
R 37 41 -1 inf
R 37 42 -1 inf
R 37 43 -1 inf
R 37 44 -1 inf
R 37 45 46 0.025702194385280194
R 37 46 46 0.0041866252923779138
R 37 47 56 0.013450256509156563
R 37 48 56 0.030516875090090323
R 37 49 -1 inf
R 37 50 -1 inf
R 37 51 -1 inf
R 37 52 -1 inf
R 37 53 -1 inf
R 37 54 46 0.041183930093617704
R 37 55 55 0.008464599788514271
R 37 56 56 0.0090843017445790646
R 37 57 56 0.028682885641797225
R 37 58 56 0.053949604059339143
R 37 59 -1 inf
R 37 60 -1 inf
R 37 61 -1 inf
R 37 62 -1 inf
R 37 63 46 0.056400801511685583
R 37 64 -1 inf
R 37 65 56 0.015837653908882476
R 37 66 56 0.028620634381116828
R 37 67 56 0.042956158303754786
R 37 68 -1 inf
R 37 69 -1 inf
R 37 70 -1 inf
R 37 71 -1 inf
R 37 72 -1 inf
R 37 73 56 0.046245483366910409
R 37 74 56 0.028320666185337937
R 37 75 56 0.022713621425291507
R 37 76 56 0.04230402651117092
R 37 77 56 0.058327421606370763
R 37 78 -1 inf
R 37 79 -1 inf
R 37 80 -1 inf
R 37 81 -1 inf
R 37 82 -1 inf
R 37 83 -1 inf
R 37 84 56 0.033995744991676111
R 37 85 56 0.037168732639036216
R 37 86 56 0.056330848706836807
R 37 87 -1 inf
R 37 88 -1 inf
R 37 89 -1 inf
R 37 90 -1 inf
R 37 91 -1 inf
R 37 92 -1 inf
R 37 93 -1 inf
R 37 94 56 0.051718909611993602
R 37 95 56 0.051803219273985096
R 37 96 -1 inf
R 37 97 46 0.035820046596618652
R 37 98 -1 inf
R 37 99 -1 inf
R 38 0 65 0.071464216223884602
R 38 1 -1 inf
R 38 2 -1 inf
R 38 3 -1 inf
R 38 4 -1 inf
R 38 5 -1 inf
R 38 6 47 0.054077317202136238
R 38 7 -1 inf
R 38 8 65 0.048241394633641591
R 38 9 65 0.053701357227744169
R 38 10 74 0.031075102907609994
R 38 11 -1 inf
R 38 12 -1 inf
R 38 13 -1 inf
R 38 14 -1 inf
R 38 15 -1 inf
R 38 16 -1 inf
R 38 17 65 0.054069316422054724
R 38 18 65 0.041361478156022966
R 38 19 -1 inf
R 38 20 -1 inf
R 38 21 -1 inf
R 38 22 -1 inf
R 38 23 -1 inf
R 38 24 -1 inf
R 38 25 -1 inf
R 38 26 65 0.054153236297223885
R 38 27 65 0.034692882255282567
R 38 28 65 0.028926109079181073
R 38 29 74 0.015641680571146253
R 38 30 -1 inf
R 38 31 -1 inf
R 38 32 -1 inf
R 38 33 -1 inf
R 38 34 -1 inf
R 38 35 65 0.056280341802977564
R 38 36 65 0.039095131842042885
R 38 37 65 0.021393883204052149
R 38 38 38 0
R 38 39 -1 inf
R 38 40 -1 inf
R 38 41 -1 inf
R 38 42 -1 inf
R 38 43 -1 inf
R 38 44 -1 inf
R 38 45 65 0.047096077589332347
R 38 46 65 0.025580508496430062
R 38 47 47 0.0083823075299421373
R 38 48 47 0.025448926110875895
R 38 49 -1 inf
R 38 50 -1 inf
R 38 51 -1 inf
R 38 52 -1 inf
R 38 53 -1 inf
R 38 54 65 0.062577813297669857
R 38 55 65 0.02985848299256642
R 38 56 65 0.012309581459473085
R 38 57 47 0.023614936662582797
R 38 58 47 0.048881655080124715
R 38 59 -1 inf
R 38 60 -1 inf
R 38 61 -1 inf
R 38 62 -1 inf
R 38 63 65 0.077794684715737736
R 38 64 -1 inf
R 38 65 65 0.0055562292951696702
R 38 66 47 0.023552685401902401
R 38 67 47 0.037888209324540359
R 38 68 -1 inf
R 38 69 -1 inf
R 38 70 -1 inf
R 38 71 -1 inf
R 38 72 -1 inf
R 38 73 74 0.024851600162858263
R 38 74 74 0.0069267829812857925
R 38 75 47 0.017645672446077079
R 38 76 47 0.037236077531956492
R 38 77 47 0.053259472627156329
R 38 78 -1 inf
R 38 79 -1 inf
R 38 80 -1 inf
R 38 81 -1 inf
R 38 82 -1 inf
R 38 83 -1 inf
R 38 84 47 0.028927796012461683
R 38 85 47 0.032100783659821788
R 38 86 47 0.051262899727622373
R 38 87 -1 inf
R 38 88 -1 inf
R 38 89 -1 inf
R 38 90 -1 inf
R 38 91 -1 inf
R 38 92 -1 inf
R 38 93 -1 inf
R 38 94 47 0.046650960632779175
R 38 95 47 0.046735270294770662
R 38 96 -1 inf
R 38 97 65 0.057213929800670804
R 38 98 -1 inf
R 38 99 -1 inf
R 39 0 -1 inf
R 39 1 -1 inf
R 39 2 83 0.030865481164429168
R 39 3 -1 inf
R 39 4 -1 inf
R 39 5 -1 inf
R 39 6 -1 inf
R 39 7 -1 inf
R 39 8 -1 inf
R 39 9 -1 inf
R 39 10 -1 inf
R 39 11 83 0.026225648387592004
R 39 12 -1 inf
R 39 13 -1 inf
R 39 14 -1 inf
R 39 15 -1 inf
R 39 16 -1 inf
R 39 17 -1 inf
R 39 18 -1 inf
R 39 19 -1 inf
R 39 20 83 0.013843406340673721
R 39 21 -1 inf
R 39 22 -1 inf
R 39 23 -1 inf
R 39 24 -1 inf
R 39 25 -1 inf
R 39 26 -1 inf
R 39 27 -1 inf
R 39 28 -1 inf
R 39 29 -1 inf
R 39 30 -1 inf
R 39 31 -1 inf
R 39 32 -1 inf
R 39 33 -1 inf
R 39 34 -1 inf
R 39 35 -1 inf
R 39 36 -1 inf
R 39 37 -1 inf
R 39 38 -1 inf
R 39 39 39 0
R 39 40 -1 inf
R 39 41 -1 inf
R 39 42 -1 inf
R 39 43 -1 inf
R 39 44 -1 inf
R 39 45 -1 inf
R 39 46 -1 inf
R 39 47 -1 inf
R 39 48 -1 inf
R 39 49 -1 inf
R 39 50 -1 inf
R 39 51 -1 inf
R 39 52 -1 inf
R 39 53 -1 inf
R 39 54 -1 inf
R 39 55 -1 inf
R 39 56 -1 inf
R 39 57 -1 inf
R 39 58 -1 inf
R 39 59 -1 inf
R 39 60 -1 inf
R 39 61 -1 inf
R 39 62 -1 inf
R 39 63 -1 inf
R 39 64 -1 inf
R 39 65 -1 inf
R 39 66 -1 inf
R 39 67 -1 inf
R 39 68 -1 inf
R 39 69 -1 inf
R 39 70 -1 inf
R 39 71 -1 inf
R 39 72 -1 inf
R 39 73 -1 inf
R 39 74 -1 inf
R 39 75 -1 inf
R 39 76 -1 inf
R 39 77 -1 inf
R 39 78 -1 inf
R 39 79 -1 inf
R 39 80 -1 inf
R 39 81 -1 inf
R 39 82 83 0.022214498130107986
R 39 83 83 0.0057288874129524485
R 39 84 -1 inf
R 39 85 -1 inf
R 39 86 -1 inf
R 39 87 -1 inf
R 39 88 -1 inf
R 39 89 -1 inf
R 39 90 -1 inf
R 39 91 83 0.029498768072145957
R 39 92 -1 inf
R 39 93 -1 inf
R 39 94 -1 inf
R 39 95 -1 inf
R 39 96 -1 inf
R 39 97 -1 inf
R 39 98 -1 inf
R 39 99 -1 inf
R 40 0 -1 inf
R 40 1 13 0.084802582567897272
R 40 2 -1 inf
R 40 3 31 0.017613669047743613
R 40 4 4 0.0066086606842481101
R 40 5 4 0.024387244038388108
R 40 6 -1 inf
R 40 7 -1 inf
R 40 8 -1 inf
R 40 9 -1 inf
R 40 10 -1 inf
R 40 11 -1 inf
R 40 12 31 0.023434716598178893
R 40 13 13 0.0057104231718878478
R 40 14 -1 inf
R 40 15 13 0.078157022254746883
R 40 16 -1 inf
R 40 17 -1 inf
R 40 18 -1 inf
R 40 19 -1 inf
R 40 20 -1 inf
R 40 21 31 0.023504980890494211
R 40 22 13 0.012374098356068274
R 40 23 13 0.029792586532584778
R 40 24 13 0.062700114329119941
R 40 25 -1 inf
R 40 26 -1 inf
R 40 27 -1 inf
R 40 28 -1 inf
R 40 29 -1 inf
R 40 30 31 0.025631163717844047
R 40 31 31 0.0084496438451236028
R 40 32 13 0.025667945260073186
R 40 33 13 0.047036426284974162
R 40 34 -1 inf
R 40 35 -1 inf
R 40 36 -1 inf
R 40 37 -1 inf
R 40 38 -1 inf
R 40 39 -1 inf
R 40 40 40 0
R 40 41 13 0.021493978707386674
R 40 42 13 0.03911709061729244
R 40 43 13 0.056180528688571915
R 40 44 -1 inf
R 40 45 -1 inf
R 40 46 -1 inf
R 40 47 -1 inf
R 40 48 -1 inf
R 40 49 -1 inf
R 40 50 13 0.029095836789208865
R 40 51 13 0.034762394839242788
R 40 52 13 0.054337353968108133
R 40 53 13 0.079592826556572085
R 40 54 -1 inf
R 40 55 -1 inf
R 40 56 -1 inf
R 40 57 -1 inf
R 40 58 -1 inf
R 40 59 4 0.015507694434918751
R 40 60 13 0.041500259087165807
R 40 61 13 0.054283394143410622
R 40 62 13 0.068605714382902194
R 40 63 -1 inf
R 40 64 -1 inf
R 40 65 -1 inf
R 40 66 -1 inf
R 40 67 -1 inf
R 40 68 4 0.030746811239047971
R 40 69 -1 inf
R 40 70 13 0.048390751671359707
R 40 71 13 0.067961293618876567
R 40 72 13 0.083977239797551548
R 40 73 -1 inf
R 40 74 -1 inf
R 40 75 -1 inf
R 40 76 -1 inf
R 40 77 -1 inf
R 40 78 13 0.071904960811723331
R 40 79 13 0.053959307857560083
R 40 80 13 0.062839677970724012
R 40 81 13 0.081985134508514718
R 40 82 -1 inf
R 40 83 -1 inf
R 40 84 -1 inf
R 40 85 -1 inf
R 40 86 -1 inf
R 40 87 -1 inf
R 40 88 -1 inf
R 40 89 13 0.059661971966192329
R 40 90 13 0.077470851224608672
R 40 91 -1 inf
R 40 92 31 0.026593592084791007
R 40 93 -1 inf
R 40 94 -1 inf
R 40 95 -1 inf
R 40 96 -1 inf
R 40 97 -1 inf
R 40 98 -1 inf
R 40 99 13 0.077347162131452929
R 41 0 -1 inf
R 41 1 32 0.063308603860510598
R 41 2 -1 inf
R 41 3 22 0.022672891610784274
R 41 4 22 0.028102639391634779
R 41 5 22 0.045881222745774775
R 41 6 -1 inf
R 41 7 -1 inf
R 41 8 -1 inf
R 41 9 -1 inf
R 41 10 -1 inf
R 41 11 -1 inf
R 41 12 22 0.028493939161219554
R 41 13 22 0.015783555535498824
R 41 14 -1 inf
R 41 15 32 0.056663043547360209
R 41 16 -1 inf
R 41 17 -1 inf
R 41 18 -1 inf
R 41 19 -1 inf
R 41 20 -1 inf
R 41 21 22 0.028564203453534873
R 41 22 22 0.0091198803513183983
R 41 23 23 0.0082986078251981055
R 41 24 32 0.041206135621733267
R 41 25 -1 inf
R 41 26 -1 inf
R 41 27 -1 inf
R 41 28 -1 inf
R 41 29 -1 inf
R 41 30 22 0.030690386280884708
R 41 31 22 0.013508866408164264
R 41 32 32 0.0041739665526865123
R 41 33 32 0.025542447577587488
R 41 34 -1 inf
R 41 35 -1 inf
R 41 36 -1 inf
R 41 37 -1 inf
R 41 38 -1 inf
R 41 39 -1 inf
R 41 40 22 0.02149397870738667
R 41 41 41 0
R 41 42 32 0.017623111909905762
R 41 43 32 0.034686549981185241
R 41 44 -1 inf
R 41 45 -1 inf
R 41 46 -1 inf
R 41 47 -1 inf
R 41 48 -1 inf
R 41 49 -1 inf
R 41 50 50 0.0076018580818221892
R 41 51 32 0.013268416131856111
R 41 52 32 0.032843375260721459
R 41 53 32 0.058098847849185405
R 41 54 -1 inf
R 41 55 -1 inf
R 41 56 -1 inf
R 41 57 -1 inf
R 41 58 -1 inf
R 41 59 22 0.037001673142305416
R 41 60 32 0.02000628037977913
R 41 61 32 0.032789415436023948
R 41 62 32 0.04711173567551552
R 41 63 -1 inf
R 41 64 -1 inf
R 41 65 -1 inf
R 41 66 -1 inf
R 41 67 -1 inf
R 41 68 22 0.052240789946434642
R 41 69 -1 inf
R 41 70 32 0.026896772963973029
R 41 71 32 0.046467314911489886
R 41 72 32 0.062483261090164881
R 41 73 -1 inf
R 41 74 -1 inf
R 41 75 -1 inf
R 41 76 -1 inf
R 41 77 -1 inf
R 41 78 32 0.050410982104336657
R 41 79 32 0.03246532915017341
R 41 80 32 0.041345699263337331
R 41 81 32 0.060491155801128044
R 41 82 -1 inf
R 41 83 -1 inf
R 41 84 -1 inf
R 41 85 -1 inf
R 41 86 -1 inf
R 41 87 -1 inf
R 41 88 -1 inf
R 41 89 32 0.038167993258805655
R 41 90 32 0.055976872517221998
R 41 91 -1 inf
R 41 92 22 0.031652814647831665
R 41 93 -1 inf
R 41 94 -1 inf
R 41 95 -1 inf
R 41 96 -1 inf
R 41 97 -1 inf
R 41 98 -1 inf
R 41 99 32 0.055853183424066248
R 42 0 -1 inf
R 42 1 70 0.04568549195060484
R 42 2 -1 inf
R 42 3 51 0.040296003520690037
R 42 4 51 0.045725751301540551
R 42 5 51 0.063504334655680547
R 42 6 -1 inf
R 42 7 -1 inf
R 42 8 -1 inf
R 42 9 -1 inf
R 42 10 -1 inf
R 42 11 -1 inf
R 42 12 51 0.046117051071125313
R 42 13 51 0.033406667445404589
R 42 14 -1 inf
R 42 15 33 0.039502261718489549
R 42 16 -1 inf
R 42 17 -1 inf
R 42 18 -1 inf
R 42 19 -1 inf
R 42 20 -1 inf
R 42 21 51 0.046187315363440631
R 42 22 51 0.026742992261224161
R 42 23 51 0.020978506488296494
R 42 24 33 0.024045353792862607
R 42 25 -1 inf
R 42 26 -1 inf
R 42 27 -1 inf
R 42 28 -1 inf
R 42 29 -1 inf
R 42 30 51 0.04831349819079047
R 42 31 51 0.031131978318070026
R 42 32 51 0.01344914535721925
R 42 33 33 0.0083816657487168211
R 42 34 -1 inf
R 42 35 -1 inf
R 42 36 -1 inf
R 42 37 -1 inf
R 42 38 -1 inf
R 42 39 -1 inf
R 42 40 51 0.03911709061729244
R 42 41 51 0.017623111909905762
R 42 42 42 0
R 42 43 70 0.017063438071279476
R 42 44 -1 inf
R 42 45 -1 inf
R 42 46 -1 inf
R 42 47 -1 inf
R 42 48 -1 inf
R 42 49 -1 inf
R 42 50 51 0.021891312466100772
R 42 51 51 0.0043546957780496512
R 42 52 70 0.015220263350815695
R 42 53 70 0.040475735939279639
R 42 54 -1 inf
R 42 55 -1 inf
R 42 56 -1 inf
R 42 57 -1 inf
R 42 58 -1 inf
R 42 59 51 0.054624785052211189
R 42 60 60 0.0069587838196355266
R 42 61 70 0.015166303526118186
R 42 62 70 0.029488623765609755
R 42 63 -1 inf
R 42 64 -1 inf
R 42 65 -1 inf
R 42 66 -1 inf
R 42 67 -1 inf
R 42 68 51 0.069863901856340407
R 42 69 -1 inf
R 42 70 70 0.009273661054067267
R 42 71 70 0.028844203001584121
R 42 72 70 0.044860149180259122
R 42 73 -1 inf
R 42 74 -1 inf
R 42 75 -1 inf
R 42 76 -1 inf
R 42 77 -1 inf
R 42 78 33 0.033250200275465998
R 42 79 33 0.015304547321302745
R 42 80 70 0.023722587353431565
R 42 81 70 0.042868043891222285
R 42 82 -1 inf
R 42 83 -1 inf
R 42 84 -1 inf
R 42 85 -1 inf
R 42 86 -1 inf
R 42 87 -1 inf
R 42 88 -1 inf
R 42 89 70 0.020544881348899893
R 42 90 70 0.03835376060731624
R 42 91 -1 inf
R 42 92 51 0.04927592655773743
R 42 93 -1 inf
R 42 94 -1 inf
R 42 95 -1 inf
R 42 96 -1 inf
R 42 97 -1 inf
R 42 98 -1 inf
R 42 99 70 0.038230071514160482
R 43 0 -1 inf
R 43 1 52 0.039661254734316143
R 43 2 -1 inf
R 43 3 70 0.057359441591969519
R 43 4 70 0.062789189372820034
R 43 5 70 0.08056777272696003
R 43 6 -1 inf
R 43 7 -1 inf
R 43 8 -1 inf
R 43 9 -1 inf
R 43 10 -1 inf
R 43 11 -1 inf
R 43 12 70 0.063180489142404803
R 43 13 70 0.050470105516684072
R 43 14 -1 inf
R 43 15 70 0.056565699789769025
R 43 16 -1 inf
R 43 17 -1 inf
R 43 18 -1 inf
R 43 19 -1 inf
R 43 20 -1 inf
R 43 21 70 0.063250753434720114
R 43 22 70 0.043806430332503643
R 43 23 70 0.03804194455957597
R 43 24 70 0.041108791864142083
R 43 25 -1 inf
R 43 26 -1 inf
R 43 27 -1 inf
R 43 28 -1 inf
R 43 29 -1 inf
R 43 30 70 0.065376936262069946
R 43 31 70 0.048195416389349509
R 43 32 70 0.030512583428498725
R 43 33 70 0.025445103819996297
R 43 34 -1 inf
R 43 35 -1 inf
R 43 36 -1 inf
R 43 37 -1 inf
R 43 38 -1 inf
R 43 39 -1 inf
R 43 40 70 0.056180528688571922
R 43 41 70 0.034686549981185241
R 43 42 70 0.017063438071279476
R 43 43 43 0
R 43 44 -1 inf
R 43 45 -1 inf
R 43 46 -1 inf
R 43 47 -1 inf
R 43 48 -1 inf
R 43 49 -1 inf
R 43 50 70 0.038954750537380248
R 43 51 70 0.021418133849329127
R 43 52 52 0.0091960261345269967
R 43 53 52 0.034451498722990942
R 43 54 -1 inf
R 43 55 -1 inf
R 43 56 -1 inf
R 43 57 -1 inf
R 43 58 -1 inf
R 43 59 70 0.071688223123490671
R 43 60 70 0.024022221890915001
R 43 61 70 0.013682419489263128
R 43 62 52 0.023464386549321058
R 43 63 -1 inf
R 43 64 -1 inf
R 43 65 -1 inf
R 43 66 -1 inf
R 43 67 -1 inf
R 43 68 70 0.08692733992761989
R 43 69 -1 inf
R 43 70 70 0.0077897770172122103
R 43 71 52 0.022819965785295424
R 43 72 52 0.038835911963970425
R 43 73 -1 inf
R 43 74 -1 inf
R 43 75 -1 inf
R 43 76 -1 inf
R 43 77 -1 inf
R 43 78 70 0.050313638346745473
R 43 79 70 0.032367985392582219
R 43 80 52 0.017698350137142868
R 43 81 52 0.036843806674933588
R 43 82 -1 inf
R 43 83 -1 inf
R 43 84 -1 inf
R 43 85 -1 inf
R 43 86 -1 inf
R 43 87 -1 inf
R 43 88 -1 inf
R 43 89 89 0.003481443277620417
R 43 90 52 0.032329523391027543
R 43 91 -1 inf
R 43 92 70 0.066339364629016906
R 43 93 -1 inf
R 43 94 -1 inf
R 43 95 -1 inf
R 43 96 -1 inf
R 43 97 -1 inf
R 43 98 -1 inf
R 43 99 52 0.032205834297871785
R 44 0 -1 inf
R 44 1 -1 inf
R 44 2 -1 inf
R 44 3 -1 inf
R 44 4 -1 inf
R 44 5 -1 inf
R 44 6 -1 inf
R 44 7 -1 inf
R 44 8 -1 inf
R 44 9 -1 inf
R 44 10 -1 inf
R 44 11 -1 inf
R 44 12 -1 inf
R 44 13 -1 inf
R 44 14 -1 inf
R 44 15 -1 inf
R 44 16 -1 inf
R 44 17 -1 inf
R 44 18 -1 inf
R 44 19 -1 inf
R 44 20 -1 inf
R 44 21 -1 inf
R 44 22 -1 inf
R 44 23 -1 inf
R 44 24 -1 inf
R 44 25 -1 inf
R 44 26 -1 inf
R 44 27 -1 inf
R 44 28 -1 inf
R 44 29 -1 inf
R 44 30 -1 inf
R 44 31 -1 inf
R 44 32 -1 inf
R 44 33 -1 inf
R 44 34 -1 inf
R 44 35 -1 inf
R 44 36 -1 inf
R 44 37 -1 inf
R 44 38 -1 inf
R 44 39 -1 inf
R 44 40 -1 inf
R 44 41 -1 inf
R 44 42 -1 inf
R 44 43 -1 inf
R 44 44 44 0
R 44 45 -1 inf
R 44 46 -1 inf
R 44 47 -1 inf
R 44 48 -1 inf
R 44 49 -1 inf
R 44 50 -1 inf
R 44 51 -1 inf
R 44 52 -1 inf
R 44 53 -1 inf
R 44 54 -1 inf
R 44 55 -1 inf
R 44 56 -1 inf
R 44 57 -1 inf
R 44 58 -1 inf
R 44 59 -1 inf
R 44 60 -1 inf
R 44 61 -1 inf
R 44 62 -1 inf
R 44 63 -1 inf
R 44 64 -1 inf
R 44 65 -1 inf
R 44 66 -1 inf
R 44 67 -1 inf
R 44 68 -1 inf
R 44 69 -1 inf
R 44 70 -1 inf
R 44 71 -1 inf
R 44 72 -1 inf
R 44 73 -1 inf
R 44 74 -1 inf
R 44 75 -1 inf
R 44 76 -1 inf
R 44 77 -1 inf
R 44 78 -1 inf
R 44 79 -1 inf
R 44 80 -1 inf
R 44 81 -1 inf
R 44 82 -1 inf
R 44 83 -1 inf
R 44 84 -1 inf
R 44 85 -1 inf
R 44 86 -1 inf
R 44 87 -1 inf
R 44 88 -1 inf
R 44 89 -1 inf
R 44 90 -1 inf
R 44 91 -1 inf
R 44 92 -1 inf
R 44 93 -1 inf
R 44 94 -1 inf
R 44 95 -1 inf
R 44 96 -1 inf
R 44 97 -1 inf
R 44 98 98 0.0028999853020419538
R 44 99 -1 inf
R 45 0 9 0.024368138634552252
R 45 1 -1 inf
R 45 2 -1 inf
R 45 3 -1 inf
R 45 4 -1 inf
R 45 5 -1 inf
R 45 6 18 0.084847460566630853
R 45 7 -1 inf
R 45 8 36 0.017614422186016689
R 45 9 9 0.006605279638411822
R 45 10 18 0.078171180496942355
R 45 11 -1 inf
R 45 12 -1 inf
R 45 13 -1 inf
R 45 14 -1 inf
R 45 15 -1 inf
R 45 16 -1 inf
R 45 17 36 0.023442343974429826
R 45 18 18 0.0057345994333093779
R 45 19 -1 inf
R 45 20 -1 inf
R 45 21 -1 inf
R 45 22 -1 inf
R 45 23 -1 inf
R 45 24 -1 inf
R 45 25 -1 inf
R 45 26 36 0.023526263849598984
R 45 27 18 0.012403195334049776
R 45 28 18 0.029827109027857047
R 45 29 18 0.062737758160478607
R 45 30 -1 inf
R 45 31 -1 inf
R 45 32 -1 inf
R 45 33 -1 inf
R 45 34 -1 inf
R 45 35 36 0.025653369355352659
R 45 36 36 0.0084681593944179803
R 45 37 18 0.025702194385280194
R 45 38 18 0.047096077589332347
R 45 39 -1 inf
R 45 40 -1 inf
R 45 41 -1 inf
R 45 42 -1 inf
R 45 43 -1 inf
R 45 44 -1 inf
R 45 45 45 0
R 45 46 18 0.021515569092902281
R 45 47 18 0.039152450894436759
R 45 48 18 0.056219069475370517
R 45 49 -1 inf
R 45 50 -1 inf
R 45 51 -1 inf
R 45 52 -1 inf
R 45 53 -1 inf
R 45 54 9 0.015481735708337507
R 45 55 18 0.029134345921031451
R 45 56 18 0.034786496129859262
R 45 57 18 0.054385080027077419
R 45 58 18 0.079651798444619323
R 45 59 -1 inf
R 45 60 -1 inf
R 45 61 -1 inf
R 45 62 -1 inf
R 45 63 9 0.030698607126405385
R 45 64 -1 inf
R 45 65 18 0.041539848294162678
R 45 66 18 0.054322828766397019
R 45 67 18 0.068658352689034974
R 45 68 -1 inf
R 45 69 -1 inf
R 45 70 -1 inf
R 45 71 -1 inf
R 45 72 -1 inf
R 45 73 18 0.071947677752190617
R 45 74 18 0.054022860570618142
R 45 75 18 0.048415815810571701
R 45 76 18 0.0680062208964511
R 45 77 18 0.084029615991650944
R 45 78 -1 inf
R 45 79 -1 inf
R 45 80 -1 inf
R 45 81 -1 inf
R 45 82 -1 inf
R 45 83 -1 inf
R 45 84 18 0.059697939376956305
R 45 85 18 0.062870927024316403
R 45 86 18 0.082033043092116995
R 45 87 -1 inf
R 45 88 -1 inf
R 45 89 -1 inf
R 45 90 -1 inf
R 45 91 -1 inf
R 45 92 -1 inf
R 45 93 -1 inf
R 45 94 18 0.077421103997273782
R 45 95 18 0.077505413659265276
R 45 96 -1 inf
R 45 97 36 0.026586957353045899
R 45 98 -1 inf
R 45 99 -1 inf
R 46 0 27 0.045883707727454537
R 46 1 -1 inf
R 46 2 -1 inf
R 46 3 -1 inf
R 46 4 -1 inf
R 46 5 -1 inf
R 46 6 37 0.063331891473728585
R 46 7 -1 inf
R 46 8 27 0.022660886137211528
R 46 9 27 0.028120848731314103
R 46 10 37 0.056655611404040053
R 46 11 -1 inf
R 46 12 -1 inf
R 46 13 -1 inf
R 46 14 -1 inf
R 46 15 -1 inf
R 46 16 -1 inf
R 46 17 27 0.028488807925624665
R 46 18 27 0.015780969659592903
R 46 19 -1 inf
R 46 20 -1 inf
R 46 21 -1 inf
R 46 22 -1 inf
R 46 23 -1 inf
R 46 24 -1 inf
R 46 25 -1 inf
R 46 26 27 0.028572727800793823
R 46 27 27 0.0091123737588525051
R 46 28 28 0.0083115399349547644
R 46 29 37 0.041222189067576312
R 46 30 -1 inf
R 46 31 -1 inf
R 46 32 -1 inf
R 46 33 -1 inf
R 46 34 -1 inf
R 46 35 27 0.030699833306547498
R 46 36 27 0.01351462334561282
R 46 37 37 0.0041866252923779138
R 46 38 37 0.025580508496430059
R 46 39 -1 inf
R 46 40 -1 inf
R 46 41 -1 inf
R 46 42 -1 inf
R 46 43 -1 inf
R 46 44 -1 inf
R 46 45 27 0.021515569092902281
R 46 46 46 0
R 46 47 37 0.017636881801534478
R 46 48 37 0.034703500382468236
R 46 49 -1 inf
R 46 50 -1 inf
R 46 51 -1 inf
R 46 52 -1 inf
R 46 53 -1 inf
R 46 54 27 0.036997304801239791
R 46 55 55 0.0076187768281291684
R 46 56 37 0.013270927036956977
R 46 57 37 0.032869510934175138
R 46 58 37 0.058136229351717056
R 46 59 -1 inf
R 46 60 -1 inf
R 46 61 -1 inf
R 46 62 -1 inf
R 46 63 27 0.05221417621930767
R 46 64 -1 inf
R 46 65 37 0.020024279201260389
R 46 66 37 0.032807259673494737
R 46 67 37 0.047142783596132699
R 46 68 -1 inf
R 46 69 -1 inf
R 46 70 -1 inf
R 46 71 -1 inf
R 46 72 -1 inf
R 46 73 37 0.050432108659288322
R 46 74 37 0.032507291477715854
R 46 75 37 0.02690024671766942
R 46 76 37 0.046490651803548833
R 46 77 37 0.062514046898748676
R 46 78 -1 inf
R 46 79 -1 inf
R 46 80 -1 inf
R 46 81 -1 inf
R 46 82 -1 inf
R 46 83 -1 inf
R 46 84 37 0.038182370284054024
R 46 85 37 0.041355357931414129
R 46 86 37 0.06051747399921472
R 46 87 -1 inf
R 46 88 -1 inf
R 46 89 -1 inf
R 46 90 -1 inf
R 46 91 -1 inf
R 46 92 -1 inf
R 46 93 -1 inf
R 46 94 37 0.055905534904371515
R 46 95 37 0.055989844566363009
R 46 96 -1 inf
R 46 97 27 0.031633421304240739
R 46 98 -1 inf
R 46 99 -1 inf
R 47 0 56 0.063520589528989022
R 47 1 -1 inf
R 47 2 -1 inf
R 47 3 -1 inf
R 47 4 -1 inf
R 47 5 -1 inf
R 47 6 75 0.045695009672194101
R 47 7 -1 inf
R 47 8 56 0.04029776793874601
R 47 9 56 0.045757730532848588
R 47 10 38 0.039457410437552132
R 47 11 -1 inf
R 47 12 -1 inf
R 47 13 -1 inf
R 47 14 -1 inf
R 47 15 -1 inf
R 47 16 -1 inf
R 47 17 56 0.046125689727159143
R 47 18 56 0.033417851461127385
R 47 19 -1 inf
R 47 20 -1 inf
R 47 21 -1 inf
R 47 22 -1 inf
R 47 23 -1 inf
R 47 24 -1 inf
R 47 25 -1 inf
R 47 26 56 0.046209609602328304
R 47 27 56 0.026749255560386983
R 47 28 56 0.020982482384285489
R 47 29 38 0.024023988101088391
R 47 30 -1 inf
R 47 31 -1 inf
R 47 32 -1 inf
R 47 33 -1 inf
R 47 34 -1 inf
R 47 35 56 0.048336715108081983
R 47 36 56 0.031151505147147297
R 47 37 56 0.013450256509156563
R 47 38 38 0.0083823075299421373
R 47 39 -1 inf
R 47 40 -1 inf
R 47 41 -1 inf
R 47 42 -1 inf
R 47 43 -1 inf
R 47 44 -1 inf
R 47 45 56 0.039152450894436766
R 47 46 56 0.017636881801534478
R 47 47 47 0
R 47 48 75 0.017066618580933758
R 47 49 -1 inf
R 47 50 -1 inf
R 47 51 -1 inf
R 47 52 -1 inf
R 47 53 -1 inf
R 47 54 56 0.054634186602774276
R 47 55 56 0.021914856297670836
R 47 56 56 0.0043659547645774986
R 47 57 75 0.01523262913264066
R 47 58 75 0.040499347550182571
R 47 59 -1 inf
R 47 60 -1 inf
R 47 61 -1 inf
R 47 62 -1 inf
R 47 63 56 0.069851058020842155
R 47 64 -1 inf
R 47 65 65 0.0069810639369652832
R 47 66 75 0.015170377871960263
R 47 67 75 0.029505901794598218
R 47 68 -1 inf
R 47 69 -1 inf
R 47 70 -1 inf
R 47 71 -1 inf
R 47 72 -1 inf
R 47 73 38 0.0332339076928004
R 47 74 38 0.015309090511227929
R 47 75 75 0.0092633649161349418
R 47 76 75 0.028853770002014355
R 47 77 75 0.044877165097214192
R 47 78 -1 inf
R 47 79 -1 inf
R 47 80 -1 inf
R 47 81 -1 inf
R 47 82 -1 inf
R 47 83 -1 inf
R 47 84 75 0.020545488482519546
R 47 85 75 0.023718476129879651
R 47 86 75 0.042880592197680235
R 47 87 -1 inf
R 47 88 -1 inf
R 47 89 -1 inf
R 47 90 -1 inf
R 47 91 -1 inf
R 47 92 -1 inf
R 47 93 -1 inf
R 47 94 75 0.03826865310283703
R 47 95 75 0.038352962764828524
R 47 96 -1 inf
R 47 97 56 0.049270303105775223
R 47 98 -1 inf
R 47 99 -1 inf
R 48 0 75 0.080587208109922773
R 48 1 -1 inf
R 48 2 -1 inf
R 48 3 -1 inf
R 48 4 -1 inf
R 48 5 -1 inf
R 48 6 57 0.039656639436678381
R 48 7 -1 inf
R 48 8 75 0.057364386519679761
R 48 9 75 0.062824349113782346
R 48 10 75 0.05652402901848589
R 48 11 -1 inf
R 48 12 -1 inf
R 48 13 -1 inf
R 48 14 -1 inf
R 48 15 -1 inf
R 48 16 -1 inf
R 48 17 75 0.063192308308092901
R 48 18 75 0.050484470042061136
R 48 19 -1 inf
R 48 20 -1 inf
R 48 21 -1 inf
R 48 22 -1 inf
R 48 23 -1 inf
R 48 24 -1 inf
R 48 25 -1 inf
R 48 26 75 0.063276228183262048
R 48 27 75 0.043815874141320738
R 48 28 75 0.03804910096521924
R 48 29 75 0.041090606682022149
R 48 30 -1 inf
R 48 31 -1 inf
R 48 32 -1 inf
R 48 33 -1 inf
R 48 34 -1 inf
R 48 35 75 0.065403333689015727
R 48 36 75 0.048218123728081055
R 48 37 75 0.030516875090090319
R 48 38 75 0.025448926110875895
R 48 39 -1 inf
R 48 40 -1 inf
R 48 41 -1 inf
R 48 42 -1 inf
R 48 43 -1 inf
R 48 44 -1 inf
R 48 45 75 0.056219069475370517
R 48 46 75 0.034703500382468236
R 48 47 75 0.017066618580933758
R 48 48 48 0
R 48 49 -1 inf
R 48 50 -1 inf
R 48 51 -1 inf
R 48 52 -1 inf
R 48 53 -1 inf
R 48 54 75 0.071700805183708027
R 48 55 75 0.038981474878604594
R 48 56 75 0.021432573345511255
R 48 57 57 0.0091942588971249406
R 48 58 57 0.034460977314666852
R 48 59 -1 inf
R 48 60 -1 inf
R 48 61 -1 inf
R 48 62 -1 inf
R 48 63 75 0.086917676601775906
R 48 64 -1 inf
R 48 65 75 0.02404768251789904
R 48 66 75 0.013710266620624139
R 48 67 57 0.023467531559082499
R 48 68 -1 inf
R 48 69 -1 inf
R 48 70 -1 inf
R 48 71 -1 inf
R 48 72 -1 inf
R 48 73 75 0.050300526273734159
R 48 74 75 0.032375709092161691
R 48 75 75 0.007803253664798818
R 48 76 57 0.022815399766498635
R 48 77 57 0.038838794861698472
R 48 78 -1 inf
R 48 79 -1 inf
R 48 80 -1 inf
R 48 81 -1 inf
R 48 82 -1 inf
R 48 83 -1 inf
R 48 84 84 0.0034788699015857864
R 48 85 57 0.017680105894363932
R 48 86 57 0.036842221962164516
R 48 87 -1 inf
R 48 88 -1 inf
R 48 89 -1 inf
R 48 90 -1 inf
R 48 91 -1 inf
R 48 92 -1 inf
R 48 93 -1 inf
R 48 94 57 0.032230282867321311
R 48 95 57 0.032314592529312805
R 48 96 -1 inf
R 48 97 75 0.066336921686708974
R 48 98 -1 inf
R 48 99 -1 inf
R 49 0 -1 inf
R 49 1 -1 inf
R 49 2 -1 inf
R 49 3 -1 inf
R 49 4 -1 inf
R 49 5 -1 inf
R 49 6 -1 inf
R 49 7 -1 inf
R 49 8 -1 inf
R 49 9 -1 inf
R 49 10 -1 inf
R 49 11 -1 inf
R 49 12 -1 inf
R 49 13 -1 inf
R 49 14 -1 inf
R 49 15 -1 inf
R 49 16 -1 inf
R 49 17 -1 inf
R 49 18 -1 inf
R 49 19 -1 inf
R 49 20 -1 inf
R 49 21 -1 inf
R 49 22 -1 inf
R 49 23 -1 inf
R 49 24 -1 inf
R 49 25 -1 inf
R 49 26 -1 inf
R 49 27 -1 inf
R 49 28 -1 inf
R 49 29 -1 inf
R 49 30 -1 inf
R 49 31 -1 inf
R 49 32 -1 inf
R 49 33 -1 inf
R 49 34 -1 inf
R 49 35 -1 inf
R 49 36 -1 inf
R 49 37 -1 inf
R 49 38 -1 inf
R 49 39 -1 inf
R 49 40 -1 inf
R 49 41 -1 inf
R 49 42 -1 inf
R 49 43 -1 inf
R 49 44 -1 inf
R 49 45 -1 inf
R 49 46 -1 inf
R 49 47 -1 inf
R 49 48 -1 inf
R 49 49 49 0
R 49 50 -1 inf
R 49 51 -1 inf
R 49 52 -1 inf
R 49 53 -1 inf
R 49 54 -1 inf
R 49 55 -1 inf
R 49 56 -1 inf
R 49 57 -1 inf
R 49 58 -1 inf
R 49 59 -1 inf
R 49 60 -1 inf
R 49 61 -1 inf
R 49 62 -1 inf
R 49 63 -1 inf
R 49 64 -1 inf
R 49 65 -1 inf
R 49 66 -1 inf
R 49 67 -1 inf
R 49 68 -1 inf
R 49 69 -1 inf
R 49 70 -1 inf
R 49 71 -1 inf
R 49 72 -1 inf
R 49 73 -1 inf
R 49 74 -1 inf
R 49 75 -1 inf
R 49 76 -1 inf
R 49 77 -1 inf
R 49 78 -1 inf
R 49 79 -1 inf
R 49 80 -1 inf
R 49 81 -1 inf
R 49 82 -1 inf
R 49 83 -1 inf
R 49 84 -1 inf
R 49 85 -1 inf
R 49 86 -1 inf
R 49 87 -1 inf
R 49 88 -1 inf
R 49 89 -1 inf
R 49 90 -1 inf
R 49 91 -1 inf
R 49 92 -1 inf
R 49 93 93 0.0029276683615337457
R 49 94 -1 inf
R 49 95 -1 inf
R 49 96 -1 inf
R 49 97 -1 inf
R 49 98 -1 inf
R 49 99 -1 inf
R 50 0 -1 inf
R 50 1 32 0.067576804416705605
R 50 2 -1 inf
R 50 3 41 0.030274749692606462
R 50 4 41 0.03570449747345697
R 50 5 41 0.053483080827596965
R 50 6 -1 inf
R 50 7 -1 inf
R 50 8 -1 inf
R 50 9 -1 inf
R 50 10 -1 inf
R 50 11 -1 inf
R 50 12 41 0.036095797243041738
R 50 13 41 0.023385413617321011
R 50 14 -1 inf
R 50 15 32 0.060931244103555229
R 50 16 -1 inf
R 50 17 -1 inf
R 50 18 -1 inf
R 50 19 -1 inf
R 50 20 -1 inf
R 50 21 41 0.036166061535357064
R 50 22 41 0.016721738433140586
R 50 23 23 0.0045356750856043208
R 50 24 32 0.045474336177928287
R 50 25 -1 inf
R 50 26 -1 inf
R 50 27 -1 inf
R 50 28 -1 inf
R 50 29 -1 inf
R 50 30 41 0.038292244362706895
R 50 31 41 0.021110724489986452
R 50 32 32 0.0084421671088815223
R 50 33 32 0.029810648133782498
R 50 34 -1 inf
R 50 35 -1 inf
R 50 36 -1 inf
R 50 37 -1 inf
R 50 38 -1 inf
R 50 39 -1 inf
R 50 40 41 0.029095836789208858
R 50 41 41 0.0076018580818221892
R 50 42 32 0.021891312466100772
R 50 43 32 0.038954750537380248
R 50 44 -1 inf
R 50 45 -1 inf
R 50 46 -1 inf
R 50 47 -1 inf
R 50 48 -1 inf
R 50 49 -1 inf
R 50 50 50 0
R 50 51 32 0.017536616688051121
R 50 52 32 0.037111575816916466
R 50 53 32 0.062367048405380411
R 50 54 -1 inf
R 50 55 -1 inf
R 50 56 -1 inf
R 50 57 -1 inf
R 50 58 -1 inf
R 50 59 41 0.044603531224127607
R 50 60 32 0.02427448093597414
R 50 61 32 0.037057615992218955
R 50 62 32 0.051379936231710527
R 50 63 -1 inf
R 50 64 -1 inf
R 50 65 -1 inf
R 50 66 -1 inf
R 50 67 -1 inf
R 50 68 41 0.059842648028256833
R 50 69 -1 inf
R 50 70 32 0.031164973520168039
R 50 71 32 0.050735515467684893
R 50 72 32 0.06675146164635988
R 50 73 -1 inf
R 50 74 -1 inf
R 50 75 -1 inf
R 50 76 -1 inf
R 50 77 -1 inf
R 50 78 32 0.054679182660531678
R 50 79 32 0.036733529706368423
R 50 80 32 0.045613899819532337
R 50 81 32 0.06475935635732305
R 50 82 -1 inf
R 50 83 -1 inf
R 50 84 -1 inf
R 50 85 -1 inf
R 50 86 -1 inf
R 50 87 -1 inf
R 50 88 -1 inf
R 50 89 32 0.042436193815000661
R 50 90 32 0.060245073073417005
R 50 91 -1 inf
R 50 92 41 0.039254672729653856
R 50 93 -1 inf
R 50 94 -1 inf
R 50 95 -1 inf
R 50 96 -1 inf
R 50 97 -1 inf
R 50 98 -1 inf
R 50 99 32 0.060121383980261255
R 51 0 -1 inf
R 51 1 42 0.050040187728654484
R 51 2 -1 inf
R 51 3 32 0.035941307742640385
R 51 4 32 0.041371055523490893
R 51 5 32 0.059149638877630889
R 51 6 -1 inf
R 51 7 -1 inf
R 51 8 -1 inf
R 51 9 -1 inf
R 51 10 -1 inf
R 51 11 -1 inf
R 51 12 32 0.041762355293075662
R 51 13 32 0.029051971667354935
R 51 14 -1 inf
R 51 15 60 0.043394627415504108
R 51 16 -1 inf
R 51 17 -1 inf
R 51 18 -1 inf
R 51 19 -1 inf
R 51 20 -1 inf
R 51 21 32 0.041832619585390987
R 51 22 32 0.022388296483174509
R 51 23 32 0.016623810710246843
R 51 24 60 0.027937719489877163
R 51 25 -1 inf
R 51 26 -1 inf
R 51 27 -1 inf
R 51 28 -1 inf
R 51 29 -1 inf
R 51 30 32 0.043958802412740819
R 51 31 32 0.026777282540020375
R 51 32 32 0.0090944495791695987
R 51 33 60 0.012274031445731377
R 51 34 -1 inf
R 51 35 -1 inf
R 51 36 -1 inf
R 51 37 -1 inf
R 51 38 -1 inf
R 51 39 -1 inf
R 51 40 32 0.034762394839242781
R 51 41 32 0.013268416131856111
R 51 42 42 0.0043546957780496512
R 51 43 42 0.021418133849329127
R 51 44 -1 inf
R 51 45 -1 inf
R 51 46 -1 inf
R 51 47 -1 inf
R 51 48 -1 inf
R 51 49 -1 inf
R 51 50 32 0.017536616688051121
R 51 51 51 0
R 51 52 42 0.019574959128865345
R 51 53 42 0.04483043171732929
R 51 54 -1 inf
R 51 55 -1 inf
R 51 56 -1 inf
R 51 57 -1 inf
R 51 58 -1 inf
R 51 59 32 0.050270089274161531
R 51 60 60 0.0067378642479230194
R 51 61 42 0.019520999304167837
R 51 62 42 0.033843319543659406
R 51 63 -1 inf
R 51 64 -1 inf
R 51 65 -1 inf
R 51 66 -1 inf
R 51 67 -1 inf
R 51 68 32 0.065509206078290749
R 51 69 -1 inf
R 51 70 42 0.013628356832116918
R 51 71 42 0.033198898779633772
R 51 72 42 0.049214844958308766
R 51 73 -1 inf
R 51 74 -1 inf
R 51 75 -1 inf
R 51 76 -1 inf
R 51 77 -1 inf
R 51 78 60 0.037142565972480557
R 51 79 60 0.019196913018317302
R 51 80 42 0.028077283131481216
R 51 81 42 0.047222739669271929
R 51 82 -1 inf
R 51 83 -1 inf
R 51 84 -1 inf
R 51 85 -1 inf
R 51 86 -1 inf
R 51 87 -1 inf
R 51 88 -1 inf
R 51 89 42 0.024899577126949544
R 51 90 42 0.042708456385365884
R 51 91 -1 inf
R 51 92 32 0.044921230779687779
R 51 93 -1 inf
R 51 94 -1 inf
R 51 95 -1 inf
R 51 96 -1 inf
R 51 97 -1 inf
R 51 98 -1 inf
R 51 99 42 0.042584767292210134
R 52 0 -1 inf
R 52 1 80 0.030465228599789139
R 52 2 -1 inf
R 52 3 70 0.05551626687150573
R 52 4 70 0.060946014652356245
R 52 5 70 0.078724598006496241
R 52 6 -1 inf
R 52 7 -1 inf
R 52 8 -1 inf
R 52 9 -1 inf
R 52 10 -1 inf
R 52 11 -1 inf
R 52 12 70 0.061337314421941007
R 52 13 70 0.048626930796220283
R 52 14 -1 inf
R 52 15 70 0.054722525069305236
R 52 16 -1 inf
R 52 17 -1 inf
R 52 18 -1 inf
R 52 19 -1 inf
R 52 20 -1 inf
R 52 21 70 0.061407578714256325
R 52 22 70 0.041963255612039854
R 52 23 70 0.036198769839112188
R 52 24 70 0.039265617143678294
R 52 25 -1 inf
R 52 26 -1 inf
R 52 27 -1 inf
R 52 28 -1 inf
R 52 29 -1 inf
R 52 30 70 0.063533761541606171
R 52 31 70 0.04635224166888572
R 52 32 70 0.028669408708034944
R 52 33 70 0.023601929099532515
R 52 34 -1 inf
R 52 35 -1 inf
R 52 36 -1 inf
R 52 37 -1 inf
R 52 38 -1 inf
R 52 39 -1 inf
R 52 40 70 0.054337353968108133
R 52 41 70 0.032843375260721452
R 52 42 70 0.015220263350815695
R 52 43 43 0.0091960261345269967
R 52 44 -1 inf
R 52 45 -1 inf
R 52 46 -1 inf
R 52 47 -1 inf
R 52 48 -1 inf
R 52 49 -1 inf
R 52 50 70 0.037111575816916466
R 52 51 70 0.019574959128865345
R 52 52 52 0
R 52 53 80 0.025255472588463945
R 52 54 -1 inf
R 52 55 -1 inf
R 52 56 -1 inf
R 52 57 -1 inf
R 52 58 -1 inf
R 52 59 70 0.069845048403026883
R 52 60 70 0.022179047170451223
R 52 61 61 0.0048703349622805049
R 52 62 80 0.014268360414794059
R 52 63 -1 inf
R 52 64 -1 inf
R 52 65 -1 inf
R 52 66 -1 inf
R 52 67 -1 inf
R 52 68 70 0.085084165207156101
R 52 69 -1 inf
R 52 70 70 0.0059466022967484284
R 52 71 80 0.013623939650768429
R 52 72 80 0.029639885829443421
R 52 73 -1 inf
R 52 74 -1 inf
R 52 75 -1 inf
R 52 76 -1 inf
R 52 77 -1 inf
R 52 78 70 0.048470463626281685
R 52 79 70 0.030524810672118437
R 52 80 80 0.0085023240026158714
R 52 81 80 0.027647780540406584
R 52 82 -1 inf
R 52 83 -1 inf
R 52 84 -1 inf
R 52 85 -1 inf
R 52 86 -1 inf
R 52 87 -1 inf
R 52 88 -1 inf
R 52 89 43 0.012677469412147414
R 52 90 80 0.023133497256500539
R 52 91 -1 inf
R 52 92 70 0.064496189908553131
R 52 93 -1 inf
R 52 94 -1 inf
R 52 95 -1 inf
R 52 96 -1 inf
R 52 97 -1 inf
R 52 98 -1 inf
R 52 99 80 0.023009808163344789
R 53 0 -1 inf
R 53 1 99 0.027183980358664969
R 53 2 -1 inf
R 53 3 99 0.080771739459969683
R 53 4 99 0.086201487240820177
R 53 5 99 0.10398007059496017
R 53 6 -1 inf
R 53 7 -1 inf
R 53 8 -1 inf
R 53 9 -1 inf
R 53 10 -1 inf
R 53 11 -1 inf
R 53 12 99 0.086592787010404959
R 53 13 99 0.073882403384684228
R 53 14 -1 inf
R 53 15 99 0.079977997657769181
R 53 16 -1 inf
R 53 17 -1 inf
R 53 18 -1 inf
R 53 19 -1 inf
R 53 20 -1 inf
R 53 21 99 0.086663051302720284
R 53 22 99 0.067218728200503799
R 53 23 99 0.061454242427576133
R 53 24 99 0.064521089732142239
R 53 25 -1 inf
R 53 26 -1 inf
R 53 27 -1 inf
R 53 28 -1 inf
R 53 29 -1 inf
R 53 30 99 0.088789234130070116
R 53 31 99 0.071607714257349672
R 53 32 99 0.053924881296498889
R 53 33 99 0.04885740168799646
R 53 34 -1 inf
R 53 35 -1 inf
R 53 36 -1 inf
R 53 37 -1 inf
R 53 38 -1 inf
R 53 39 -1 inf
R 53 40 99 0.079592826556572072
R 53 41 99 0.058098847849185398
R 53 42 99 0.040475735939279639
R 53 43 99 0.034451498722990942
R 53 44 -1 inf
R 53 45 -1 inf
R 53 46 -1 inf
R 53 47 -1 inf
R 53 48 -1 inf
R 53 49 -1 inf
R 53 50 99 0.062367048405380411
R 53 51 99 0.04483043171732929
R 53 52 99 0.025255472588463945
R 53 53 53 0
R 53 54 -1 inf
R 53 55 -1 inf
R 53 56 -1 inf
R 53 57 -1 inf
R 53 58 -1 inf
R 53 59 99 0.095100520991490814
R 53 60 99 0.047434519758915168
R 53 61 99 0.030125807550744451
R 53 62 99 0.010987112173669886
R 53 63 -1 inf
R 53 64 -1 inf
R 53 65 -1 inf
R 53 66 -1 inf
R 53 67 -1 inf
R 53 68 99 0.11033963779562003
R 53 69 -1 inf
R 53 70 99 0.031202074885212372
R 53 71 99 0.016580988551079597
R 53 72 99 0.026358637588319252
R 53 73 -1 inf
R 53 74 -1 inf
R 53 75 -1 inf
R 53 76 -1 inf
R 53 77 -1 inf
R 53 78 99 0.07372593621474563
R 53 79 99 0.055780283260582382
R 53 80 99 0.016753148585848074
R 53 81 99 0.024366532299282415
R 53 82 -1 inf
R 53 83 -1 inf
R 53 84 -1 inf
R 53 85 -1 inf
R 53 86 -1 inf
R 53 87 -1 inf
R 53 88 -1 inf
R 53 89 99 0.037932942000611355
R 53 90 99 0.019852249015376369
R 53 91 -1 inf
R 53 92 99 0.089751662497017076
R 53 93 -1 inf
R 53 94 -1 inf
R 53 95 -1 inf
R 53 96 -1 inf
R 53 97 -1 inf
R 53 98 -1 inf
R 53 99 99 0.0022456644251191565
R 54 0 0 0.0088864029262147454
R 54 1 -1 inf
R 54 2 -1 inf
R 54 3 -1 inf
R 54 4 -1 inf
R 54 5 -1 inf
R 54 6 9 0.10032919627496838
R 54 7 -1 inf
R 54 8 9 0.033096157894354196
R 54 9 9 0.0088764560699256846
R 54 10 9 0.093652916205279851
R 54 11 -1 inf
R 54 12 -1 inf
R 54 13 -1 inf
R 54 14 -1 inf
R 54 15 -1 inf
R 54 16 -1 inf
R 54 17 9 0.038924079682767329
R 54 18 9 0.021216335141646885
R 54 19 -1 inf
R 54 20 -1 inf
R 54 21 -1 inf
R 54 22 -1 inf
R 54 23 -1 inf
R 54 24 -1 inf
R 54 25 -1 inf
R 54 26 9 0.03900799955793649
R 54 27 9 0.027884931042387283
R 54 28 9 0.045308844736194558
R 54 29 9 0.078219493868816117
R 54 30 -1 inf
R 54 31 -1 inf
R 54 32 -1 inf
R 54 33 -1 inf
R 54 34 -1 inf
R 54 35 9 0.041135105063690169
R 54 36 9 0.023949895102755487
R 54 37 9 0.041183930093617704
R 54 38 9 0.062577813297669857
R 54 39 -1 inf
R 54 40 -1 inf
R 54 41 -1 inf
R 54 42 -1 inf
R 54 43 -1 inf
R 54 44 -1 inf
R 54 45 9 0.015481735708337507
R 54 46 9 0.036997304801239791
R 54 47 9 0.054634186602774269
R 54 48 9 0.071700805183708041
R 54 49 -1 inf
R 54 50 -1 inf
R 54 51 -1 inf
R 54 52 -1 inf
R 54 53 -1 inf
R 54 54 54 0
R 54 55 9 0.044616081629368962
R 54 56 9 0.050268231838196772
R 54 57 9 0.069866815735414936
R 54 58 9 0.095133534152956847
R 54 59 -1 inf
R 54 60 -1 inf
R 54 61 -1 inf
R 54 62 -1 inf
R 54 63 0 0.015216871418067879
R 54 64 -1 inf
R 54 65 9 0.057021584002500188
R 54 66 9 0.069804564474734543
R 54 67 9 0.084140088397372498
R 54 68 -1 inf
R 54 69 -1 inf
R 54 70 -1 inf
R 54 71 -1 inf
R 54 72 -1 inf
R 54 73 9 0.087429413460528127
R 54 74 9 0.069504596278955652
R 54 75 9 0.063897551518909218
R 54 76 9 0.083487956604788624
R 54 77 9 0.099511351699988468
R 54 78 -1 inf
R 54 79 -1 inf
R 54 80 -1 inf
R 54 81 -1 inf
R 54 82 -1 inf
R 54 83 -1 inf
R 54 84 9 0.075179675085293829
R 54 85 9 0.078352662732653927
R 54 86 9 0.097514778800454519
R 54 87 -1 inf
R 54 88 -1 inf
R 54 89 -1 inf
R 54 90 -1 inf
R 54 91 -1 inf
R 54 92 -1 inf
R 54 93 -1 inf
R 54 94 9 0.092902839705611306
R 54 95 9 0.0929871493676028
R 54 96 -1 inf
R 54 97 9 0.042068693061383403
R 54 98 -1 inf
R 54 99 -1 inf
R 55 0 46 0.053502484555583693
R 55 1 -1 inf
R 55 2 -1 inf
R 55 3 -1 inf
R 55 4 -1 inf
R 55 5 -1 inf
R 55 6 37 0.067609865969864943
R 55 7 -1 inf
R 55 8 46 0.030279662965340695
R 55 9 46 0.035739625559443267
R 55 10 37 0.060933585900176411
R 55 11 -1 inf
R 55 12 -1 inf
R 55 13 -1 inf
R 55 14 -1 inf
R 55 15 -1 inf
R 55 16 -1 inf
R 55 17 46 0.036107584753753828
R 55 18 46 0.02339974648772207
R 55 19 -1 inf
R 55 20 -1 inf
R 55 21 -1 inf
R 55 22 -1 inf
R 55 23 -1 inf
R 55 24 -1 inf
R 55 25 -1 inf
R 55 26 46 0.036191504628922989
R 55 27 46 0.016731150586981672
R 55 28 28 0.0045628073287687781
R 55 29 37 0.04550016356371267
R 55 30 -1 inf
R 55 31 -1 inf
R 55 32 -1 inf
R 55 33 -1 inf
R 55 34 -1 inf
R 55 35 46 0.038318610134676669
R 55 36 46 0.021133400173741986
R 55 37 37 0.008464599788514271
R 55 38 37 0.029858482992566417
R 55 39 -1 inf
R 55 40 -1 inf
R 55 41 -1 inf
R 55 42 -1 inf
R 55 43 -1 inf
R 55 44 -1 inf
R 55 45 46 0.029134345921031448
R 55 46 46 0.0076187768281291684
R 55 47 37 0.021914856297670836
R 55 48 37 0.038981474878604594
R 55 49 -1 inf
R 55 50 -1 inf
R 55 51 -1 inf
R 55 52 -1 inf
R 55 53 -1 inf
R 55 54 46 0.044616081629368948
R 55 55 55 0
R 55 56 37 0.017548901533093336
R 55 57 37 0.037147485430311496
R 55 58 37 0.062414203847853414
R 55 59 -1 inf
R 55 60 -1 inf
R 55 61 -1 inf
R 55 62 -1 inf
R 55 63 46 0.059832953047436827
R 55 64 -1 inf
R 55 65 37 0.024302253697396747
R 55 66 37 0.037085234169631096
R 55 67 37 0.051420758092269057
R 55 68 -1 inf
R 55 69 -1 inf
R 55 70 -1 inf
R 55 71 -1 inf
R 55 72 -1 inf
R 55 73 37 0.05471008315542468
R 55 74 37 0.036785265973852212
R 55 75 37 0.031178221213805778
R 55 76 37 0.050768626299685191
R 55 77 37 0.066792021394885034
R 55 78 -1 inf
R 55 79 -1 inf
R 55 80 -1 inf
R 55 81 -1 inf
R 55 82 -1 inf
R 55 83 -1 inf
R 55 84 37 0.042460344780190382
R 55 85 37 0.045633332427550487
R 55 86 37 0.064795448495351085
R 55 87 -1 inf
R 55 88 -1 inf
R 55 89 -1 inf
R 55 90 -1 inf
R 55 91 -1 inf
R 55 92 -1 inf
R 55 93 -1 inf
R 55 94 37 0.060183509400507873
R 55 95 37 0.060267819062499367
R 55 96 -1 inf
R 55 97 46 0.039252198132369909
R 55 98 -1 inf
R 55 99 -1 inf
R 56 0 37 0.059154634764411518
R 56 1 -1 inf
R 56 2 -1 inf
R 56 3 -1 inf
R 56 4 -1 inf
R 56 5 -1 inf
R 56 6 47 0.050060964436771604
R 56 7 -1 inf
R 56 8 37 0.035931813174168506
R 56 9 37 0.041391775768271084
R 56 10 65 0.043384684367083079
R 56 11 -1 inf
R 56 12 -1 inf
R 56 13 -1 inf
R 56 14 -1 inf
R 56 15 -1 inf
R 56 16 -1 inf
R 56 17 37 0.041759734962581639
R 56 18 37 0.029051896696549881
R 56 19 -1 inf
R 56 20 -1 inf
R 56 21 -1 inf
R 56 22 -1 inf
R 56 23 -1 inf
R 56 24 -1 inf
R 56 25 -1 inf
R 56 26 37 0.0418436548377508
R 56 27 37 0.022383300795809483
R 56 28 37 0.016616527619707989
R 56 29 65 0.027951262030619338
R 56 30 -1 inf
R 56 31 -1 inf
R 56 32 -1 inf
R 56 33 -1 inf
R 56 34 -1 inf
R 56 35 37 0.043970760343504479
R 56 36 37 0.026785550382569797
R 56 37 37 0.0090843017445790646
R 56 38 65 0.012309581459473085
R 56 39 -1 inf
R 56 40 -1 inf
R 56 41 -1 inf
R 56 42 -1 inf
R 56 43 -1 inf
R 56 44 -1 inf
R 56 45 37 0.034786496129859262
R 56 46 37 0.013270927036956977
R 56 47 47 0.0043659547645774986
R 56 48 47 0.021432573345511258
R 56 49 -1 inf
R 56 50 -1 inf
R 56 51 -1 inf
R 56 52 -1 inf
R 56 53 -1 inf
R 56 54 37 0.050268231838196772
R 56 55 37 0.017548901533093336
R 56 56 56 0
R 56 57 47 0.019598583897218157
R 56 58 47 0.044865302314760075
R 56 59 -1 inf
R 56 60 -1 inf
R 56 61 -1 inf
R 56 62 -1 inf
R 56 63 37 0.065485103256264651
R 56 64 -1 inf
R 56 65 65 0.0067533521643034135
R 56 66 47 0.019536332636537763
R 56 67 47 0.033871856559175718
R 56 68 -1 inf
R 56 69 -1 inf
R 56 70 -1 inf
R 56 71 -1 inf
R 56 72 -1 inf
R 56 73 65 0.037161181622331348
R 56 74 65 0.019236364440758876
R 56 75 47 0.01362931968071244
R 56 76 47 0.033219724766591852
R 56 77 47 0.049243119861791695
R 56 78 -1 inf
R 56 79 -1 inf
R 56 80 -1 inf
R 56 81 -1 inf
R 56 82 -1 inf
R 56 83 -1 inf
R 56 84 47 0.024911443247097046
R 56 85 47 0.028084430894457148
R 56 86 47 0.047246546962257739
R 56 87 -1 inf
R 56 88 -1 inf
R 56 89 -1 inf
R 56 90 -1 inf
R 56 91 -1 inf
R 56 92 -1 inf
R 56 93 -1 inf
R 56 94 47 0.042634607867414534
R 56 95 47 0.042718917529406028
R 56 96 -1 inf
R 56 97 37 0.04490434834119772
R 56 98 -1 inf
R 56 99 -1 inf
R 57 0 75 0.078753218661629681
R 57 1 -1 inf
R 57 2 -1 inf
R 57 3 -1 inf
R 57 4 -1 inf
R 57 5 -1 inf
R 57 6 85 0.030462380539553437
R 57 7 -1 inf
R 57 8 75 0.05553039707138667
R 57 9 75 0.060990359665489248
R 57 10 75 0.054690039570192792
R 57 11 -1 inf
R 57 12 -1 inf
R 57 13 -1 inf
R 57 14 -1 inf
R 57 15 -1 inf
R 57 16 -1 inf
R 57 17 75 0.061358318859799803
R 57 18 75 0.048650480593768045
R 57 19 -1 inf
R 57 20 -1 inf
R 57 21 -1 inf
R 57 22 -1 inf
R 57 23 -1 inf
R 57 24 -1 inf
R 57 25 -1 inf
R 57 26 75 0.061442238734968964
R 57 27 75 0.041981884693027646
R 57 28 75 0.036215111516926149
R 57 29 75 0.039256617233729051
R 57 30 -1 inf
R 57 31 -1 inf
R 57 32 -1 inf
R 57 33 -1 inf
R 57 34 -1 inf
R 57 35 75 0.063569344240722636
R 57 36 75 0.046384134279787964
R 57 37 75 0.028682885641797221
R 57 38 75 0.023614936662582797
R 57 39 -1 inf
R 57 40 -1 inf
R 57 41 -1 inf
R 57 42 -1 inf
R 57 43 -1 inf
R 57 44 -1 inf
R 57 45 75 0.054385080027077426
R 57 46 75 0.032869510934175138
R 57 47 75 0.01523262913264066
R 57 48 48 0.0091942588971249406
R 57 49 -1 inf
R 57 50 -1 inf
R 57 51 -1 inf
R 57 52 -1 inf
R 57 53 -1 inf
R 57 54 75 0.069866815735414936
R 57 55 75 0.037147485430311489
R 57 56 75 0.019598583897218157
R 57 57 57 0
R 57 58 85 0.025266718417541911
R 57 59 -1 inf
R 57 60 -1 inf
R 57 61 -1 inf
R 57 62 -1 inf
R 57 63 75 0.085083687153482815
R 57 64 -1 inf
R 57 65 75 0.022213693069605942
R 57 66 66 0.0048797061019022619
R 57 67 85 0.014273272661957558
R 57 68 -1 inf
R 57 69 -1 inf
R 57 70 -1 inf
R 57 71 -1 inf
R 57 72 -1 inf
R 57 73 75 0.04846653682544106
R 57 74 75 0.030541719643868589
R 57 75 75 0.0059692642165057172
R 57 76 85 0.013621140869373691
R 57 77 85 0.029644535964573532
R 57 78 -1 inf
R 57 79 -1 inf
R 57 80 -1 inf
R 57 81 -1 inf
R 57 82 -1 inf
R 57 83 -1 inf
R 57 84 48 0.012673128798710727
R 57 85 85 0.0084858469972389893
R 57 86 85 0.027647963065039576
R 57 87 -1 inf
R 57 88 -1 inf
R 57 89 -1 inf
R 57 90 -1 inf
R 57 91 -1 inf
R 57 92 -1 inf
R 57 93 -1 inf
R 57 94 85 0.023036023970196374
R 57 95 85 0.023120333632187864
R 57 96 -1 inf
R 57 97 75 0.064502932238415883
R 57 98 -1 inf
R 57 99 -1 inf
R 58 0 94 0.10401993707917158
R 58 1 -1 inf
R 58 2 -1 inf
R 58 3 -1 inf
R 58 4 -1 inf
R 58 5 -1 inf
R 58 6 94 0.027182553633180232
R 58 7 -1 inf
R 58 8 94 0.080797115488928567
R 58 9 94 0.086257078083031152
R 58 10 94 0.079956757987734717
R 58 11 -1 inf
R 58 12 -1 inf
R 58 13 -1 inf
R 58 14 -1 inf
R 58 15 -1 inf
R 58 16 -1 inf
R 58 17 94 0.086625037277341707
R 58 18 94 0.073917199011309942
R 58 19 -1 inf
R 58 20 -1 inf
R 58 21 -1 inf
R 58 22 -1 inf
R 58 23 -1 inf
R 58 24 -1 inf
R 58 25 -1 inf
R 58 26 94 0.086708957152510854
R 58 27 94 0.067248603110569544
R 58 28 94 0.061481829934468053
R 58 29 94 0.064523335651270969
R 58 30 -1 inf
R 58 31 -1 inf
R 58 32 -1 inf
R 58 33 -1 inf
R 58 34 -1 inf
R 58 35 94 0.088836062658264534
R 58 36 94 0.071650852697329862
R 58 37 94 0.053949604059339129
R 58 38 94 0.048881655080124709
R 58 39 -1 inf
R 58 40 -1 inf
R 58 41 -1 inf
R 58 42 -1 inf
R 58 43 -1 inf
R 58 44 -1 inf
R 58 45 94 0.079651798444619323
R 58 46 94 0.058136229351717042
R 58 47 94 0.040499347550182571
R 58 48 94 0.034460977314666852
R 58 49 -1 inf
R 58 50 -1 inf
R 58 51 -1 inf
R 58 52 -1 inf
R 58 53 -1 inf
R 58 54 94 0.095133534152956833
R 58 55 94 0.0624142038478534
R 58 56 94 0.044865302314760068
R 58 57 94 0.025266718417541911
R 58 58 58 0
R 58 59 -1 inf
R 58 60 -1 inf
R 58 61 -1 inf
R 58 62 -1 inf
R 58 63 94 0.11035040557102471
R 58 64 -1 inf
R 58 65 94 0.047480411487147857
R 58 66 94 0.030146424519444173
R 58 67 94 0.010993445755584355
R 58 68 -1 inf
R 58 69 -1 inf
R 58 70 -1 inf
R 58 71 -1 inf
R 58 72 -1 inf
R 58 73 94 0.073733255242982979
R 58 74 94 0.055808438061410504
R 58 75 94 0.031235982634047629
R 58 76 94 0.016594744068577211
R 58 77 94 0.026364709058200327
R 58 78 -1 inf
R 58 79 -1 inf
R 58 80 -1 inf
R 58 81 -1 inf
R 58 82 -1 inf
R 58 83 -1 inf
R 58 84 94 0.03793984721625264
R 58 85 94 0.016780871420302924
R 58 86 94 0.02436813615866637
R 58 87 -1 inf
R 58 88 -1 inf
R 58 89 -1 inf
R 58 90 -1 inf
R 58 91 -1 inf
R 58 92 -1 inf
R 58 93 -1 inf
R 58 94 94 0.0022306944473455387
R 58 95 94 0.019840506725814659
R 58 96 -1 inf
R 58 97 94 0.089769650655957781
R 58 98 -1 inf
R 58 99 -1 inf
R 59 0 -1 inf
R 59 1 4 0.10031027700281601
R 59 2 -1 inf
R 59 3 4 0.033121363482662362
R 59 4 4 0.0088990337506706409
R 59 5 5 0.0088795496034693548
R 59 6 -1 inf
R 59 7 -1 inf
R 59 8 -1 inf
R 59 9 -1 inf
R 59 10 -1 inf
R 59 11 -1 inf
R 59 12 4 0.038942411033097639
R 59 13 4 0.0212181176068066
R 59 14 -1 inf
R 59 15 4 0.093664716689665653
R 59 16 -1 inf
R 59 17 -1 inf
R 59 18 -1 inf
R 59 19 -1 inf
R 59 20 -1 inf
R 59 21 4 0.039012675325412957
R 59 22 4 0.027881792790987025
R 59 23 4 0.045300280967503527
R 59 24 4 0.078207808764038711
R 59 25 -1 inf
R 59 26 -1 inf
R 59 27 -1 inf
R 59 28 -1 inf
R 59 29 -1 inf
R 59 30 4 0.041138858152762796
R 59 31 4 0.023957338280042352
R 59 32 4 0.041175639694991939
R 59 33 4 0.062544120719892918
R 59 34 -1 inf
R 59 35 -1 inf
R 59 36 -1 inf
R 59 37 -1 inf
R 59 38 -1 inf
R 59 39 -1 inf
R 59 40 4 0.015507694434918751
R 59 41 4 0.037001673142305423
R 59 42 4 0.054624785052211189
R 59 43 4 0.071688223123490671
R 59 44 -1 inf
R 59 45 -1 inf
R 59 46 -1 inf
R 59 47 -1 inf
R 59 48 -1 inf
R 59 49 -1 inf
R 59 50 4 0.044603531224127614
R 59 51 4 0.050270089274161538
R 59 52 4 0.069845048403026883
R 59 53 4 0.095100520991490828
R 59 54 -1 inf
R 59 55 -1 inf
R 59 56 -1 inf
R 59 57 -1 inf
R 59 58 -1 inf
R 59 59 59 0
R 59 60 4 0.057007953522084556
R 59 61 4 0.069791088578329372
R 59 62 4 0.084113408817820937
R 59 63 -1 inf
R 59 64 -1 inf
R 59 65 -1 inf
R 59 66 -1 inf
R 59 67 -1 inf
R 59 68 5 0.015239116804129219
R 59 69 -1 inf
R 59 70 4 0.063898446106278456
R 59 71 4 0.083468988053795309
R 59 72 4 0.09948493423247029
R 59 73 -1 inf
R 59 74 -1 inf
R 59 75 -1 inf
R 59 76 -1 inf
R 59 77 -1 inf
R 59 78 4 0.087412655246642101
R 59 79 4 0.069467002292478847
R 59 80 4 0.078347372405642754
R 59 81 4 0.09749282894343346
R 59 82 -1 inf
R 59 83 -1 inf
R 59 84 -1 inf
R 59 85 -1 inf
R 59 86 -1 inf
R 59 87 -1 inf
R 59 88 -1 inf
R 59 89 4 0.075169666401111085
R 59 90 4 0.092978545659527415
R 59 91 -1 inf
R 59 92 4 0.042101286519709756
R 59 93 -1 inf
R 59 94 -1 inf
R 59 95 -1 inf
R 59 96 -1 inf
R 59 97 -1 inf
R 59 98 -1 inf
R 59 99 4 0.092854856566371671
R 60 0 -1 inf
R 60 1 42 0.052644275770240362
R 60 2 -1 inf
R 60 3 51 0.042679171990563404
R 60 4 51 0.048108919771413919
R 60 5 51 0.065887503125553915
R 60 6 -1 inf
R 60 7 -1 inf
R 60 8 -1 inf
R 60 9 -1 inf
R 60 10 -1 inf
R 60 11 -1 inf
R 60 12 51 0.048500219540998681
R 60 13 51 0.035789835915277957
R 60 14 -1 inf
R 60 15 33 0.036656763167581083
R 60 16 -1 inf
R 60 17 -1 inf
R 60 18 -1 inf
R 60 19 -1 inf
R 60 20 -1 inf
R 60 21 51 0.048570483833313999
R 60 22 51 0.029126160731097528
R 60 23 51 0.023361674958169862
R 60 24 33 0.021199855241954141
R 60 25 -1 inf
R 60 26 -1 inf
R 60 27 -1 inf
R 60 28 -1 inf
R 60 29 -1 inf
R 60 30 51 0.050696666660663837
R 60 31 51 0.033515146787943394
R 60 32 51 0.015832313827092617
R 60 33 33 0.0055361671978083572
R 60 34 -1 inf
R 60 35 -1 inf
R 60 36 -1 inf
R 60 37 -1 inf
R 60 38 -1 inf
R 60 39 -1 inf
R 60 40 51 0.041500259087165807
R 60 41 51 0.02000628037977913
R 60 42 42 0.0069587838196355266
R 60 43 42 0.024022221890915005
R 60 44 -1 inf
R 60 45 -1 inf
R 60 46 -1 inf
R 60 47 -1 inf
R 60 48 -1 inf
R 60 49 -1 inf
R 60 50 51 0.02427448093597414
R 60 51 51 0.0067378642479230194
R 60 52 42 0.022179047170451223
R 60 53 42 0.047434519758915168
R 60 54 -1 inf
R 60 55 -1 inf
R 60 56 -1 inf
R 60 57 -1 inf
R 60 58 -1 inf
R 60 59 51 0.057007953522084556
R 60 60 60 0
R 60 61 42 0.022125087345753712
R 60 62 42 0.036447407585245284
R 60 63 -1 inf
R 60 64 -1 inf
R 60 65 -1 inf
R 60 66 -1 inf
R 60 67 -1 inf
R 60 68 51 0.072247070326213775
R 60 69 -1 inf
R 60 70 42 0.016232444873702793
R 60 71 42 0.03580298682121965
R 60 72 42 0.051818932999894644
R 60 73 -1 inf
R 60 74 -1 inf
R 60 75 -1 inf
R 60 76 -1 inf
R 60 77 -1 inf
R 60 78 33 0.030404701724557531
R 60 79 33 0.01245904877039428
R 60 80 42 0.030681371173067094
R 60 81 42 0.049826827710857807
R 60 82 -1 inf
R 60 83 -1 inf
R 60 84 -1 inf
R 60 85 -1 inf
R 60 86 -1 inf
R 60 87 -1 inf
R 60 88 -1 inf
R 60 89 42 0.027503665168535422
R 60 90 42 0.045312544426951762
R 60 91 -1 inf
R 60 92 51 0.051659095027610798
R 60 93 -1 inf
R 60 94 -1 inf
R 60 95 -1 inf
R 60 96 -1 inf
R 60 97 -1 inf
R 60 98 -1 inf
R 60 99 42 0.045188855333796012
R 61 0 -1 inf
R 61 1 52 0.035335563562069641
R 61 2 -1 inf
R 61 3 70 0.055462307046808219
R 61 4 70 0.060892054827658734
R 61 5 70 0.07867063818179873
R 61 6 -1 inf
R 61 7 -1 inf
R 61 8 -1 inf
R 61 9 -1 inf
R 61 10 -1 inf
R 61 11 -1 inf
R 61 12 70 0.061283354597243496
R 61 13 70 0.048572970971522772
R 61 14 -1 inf
R 61 15 70 0.054668565244607739
R 61 16 -1 inf
R 61 17 -1 inf
R 61 18 -1 inf
R 61 19 -1 inf
R 61 20 -1 inf
R 61 21 70 0.061353618889558814
R 61 22 70 0.041909295787342343
R 61 23 70 0.036144810014414677
R 61 24 70 0.039211657318980797
R 61 25 -1 inf
R 61 26 -1 inf
R 61 27 -1 inf
R 61 28 -1 inf
R 61 29 -1 inf
R 61 30 70 0.063479801716908646
R 61 31 70 0.046298281844188209
R 61 32 70 0.028615448883337436
R 61 33 70 0.023547969274835007
R 61 34 -1 inf
R 61 35 -1 inf
R 61 36 -1 inf
R 61 37 -1 inf
R 61 38 -1 inf
R 61 39 -1 inf
R 61 40 70 0.054283394143410622
R 61 41 70 0.032789415436023948
R 61 42 70 0.015166303526118186
R 61 43 70 0.013682419489263128
R 61 44 -1 inf
R 61 45 -1 inf
R 61 46 -1 inf
R 61 47 -1 inf
R 61 48 -1 inf
R 61 49 -1 inf
R 61 50 70 0.037057615992218962
R 61 51 70 0.019520999304167837
R 61 52 52 0.0048703349622805049
R 61 53 52 0.030125807550744448
R 61 54 -1 inf
R 61 55 -1 inf
R 61 56 -1 inf
R 61 57 -1 inf
R 61 58 -1 inf
R 61 59 70 0.069791088578329372
R 61 60 70 0.022125087345753712
R 61 61 61 0
R 61 62 52 0.019138695377074563
R 61 63 -1 inf
R 61 64 -1 inf
R 61 65 -1 inf
R 61 66 -1 inf
R 61 67 -1 inf
R 61 68 70 0.08503020538245859
R 61 69 -1 inf
R 61 70 70 0.0058926424720509183
R 61 71 52 0.018494274613048936
R 61 72 52 0.034510220791723924
R 61 73 -1 inf
R 61 74 -1 inf
R 61 75 -1 inf
R 61 76 -1 inf
R 61 77 -1 inf
R 61 78 70 0.048416503801584188
R 61 79 70 0.030470850847420933
R 61 80 52 0.013372658964896377
R 61 81 52 0.032518115502687094
R 61 82 -1 inf
R 61 83 -1 inf
R 61 84 -1 inf
R 61 85 -1 inf
R 61 86 -1 inf
R 61 87 -1 inf
R 61 88 -1 inf
R 61 89 70 0.017163862766883545
R 61 90 52 0.028003832218781045
R 61 91 -1 inf
R 61 92 70 0.064442230083855606
R 61 93 -1 inf
R 61 94 -1 inf
R 61 95 -1 inf
R 61 96 -1 inf
R 61 97 -1 inf
R 61 98 -1 inf
R 61 99 52 0.027880143125625291
R 62 0 -1 inf
R 62 1 90 0.016196868184995081
R 62 2 -1 inf
R 62 3 80 0.069784627286299805
R 62 4 80 0.075214375067150299
R 62 5 80 0.092992958421290295
R 62 6 -1 inf
R 62 7 -1 inf
R 62 8 -1 inf
R 62 9 -1 inf
R 62 10 -1 inf
R 62 11 -1 inf
R 62 12 80 0.075605674836735082
R 62 13 80 0.062895291211014351
R 62 14 -1 inf
R 62 15 80 0.068990885484099304
R 62 16 -1 inf
R 62 17 -1 inf
R 62 18 -1 inf
R 62 19 -1 inf
R 62 20 -1 inf
R 62 21 80 0.075675939129050407
R 62 22 80 0.056231616026833922
R 62 23 80 0.050467130253906249
R 62 24 80 0.053533977558472362
R 62 25 -1 inf
R 62 26 -1 inf
R 62 27 -1 inf
R 62 28 -1 inf
R 62 29 -1 inf
R 62 30 80 0.077802121956400239
R 62 31 80 0.060620602083679788
R 62 32 80 0.042937769122829005
R 62 33 80 0.037870289514326576
R 62 34 -1 inf
R 62 35 -1 inf
R 62 36 -1 inf
R 62 37 -1 inf
R 62 38 -1 inf
R 62 39 -1 inf
R 62 40 80 0.068605714382902194
R 62 41 80 0.04711173567551552
R 62 42 80 0.029488623765609755
R 62 43 80 0.023464386549321058
R 62 44 -1 inf
R 62 45 -1 inf
R 62 46 -1 inf
R 62 47 -1 inf
R 62 48 -1 inf
R 62 49 -1 inf
R 62 50 80 0.051379936231710527
R 62 51 80 0.033843319543659406
R 62 52 80 0.014268360414794059
R 62 53 99 0.010987112173669886
R 62 54 -1 inf
R 62 55 -1 inf
R 62 56 -1 inf
R 62 57 -1 inf
R 62 58 -1 inf
R 62 59 80 0.084113408817820937
R 62 60 80 0.036447407585245284
R 62 61 80 0.019138695377074563
R 62 62 62 0
R 62 63 -1 inf
R 62 64 -1 inf
R 62 65 -1 inf
R 62 66 -1 inf
R 62 67 -1 inf
R 62 68 80 0.099352525621950155
R 62 69 -1 inf
R 62 70 80 0.020214962711542488
R 62 71 71 0.0055938763774097087
R 62 72 90 0.015371525414649362
R 62 73 -1 inf
R 62 74 -1 inf
R 62 75 -1 inf
R 62 76 -1 inf
R 62 77 -1 inf
R 62 78 80 0.062738824041075753
R 62 79 80 0.044793171086912498
R 62 80 80 0.0057660364121781878
R 62 81 90 0.013379420125612529
R 62 82 -1 inf
R 62 83 -1 inf
R 62 84 -1 inf
R 62 85 -1 inf
R 62 86 -1 inf
R 62 87 -1 inf
R 62 88 -1 inf
R 62 89 80 0.026945829826941475
R 62 90 90 0.0088651368417064814
R 62 91 -1 inf
R 62 92 80 0.078764550323347199
R 62 93 -1 inf
R 62 94 -1 inf
R 62 95 -1 inf
R 62 96 -1 inf
R 62 97 -1 inf
R 62 98 -1 inf
R 62 99 99 0.0087414477485507295
R 63 0 0 0.0063304684918531343
R 63 1 -1 inf
R 63 2 -1 inf
R 63 3 -1 inf
R 63 4 -1 inf
R 63 5 -1 inf
R 63 6 0 0.11554606769303626
R 63 7 -1 inf
R 63 8 0 0.048313029312422068
R 63 9 0 0.024093327487993563
R 63 10 0 0.10886978762334773
R 63 11 -1 inf
R 63 12 -1 inf
R 63 13 -1 inf
R 63 14 -1 inf
R 63 15 -1 inf
R 63 16 -1 inf
R 63 17 0 0.054140951100835201
R 63 18 0 0.036433206559714763
R 63 19 -1 inf
R 63 20 -1 inf
R 63 21 -1 inf
R 63 22 -1 inf
R 63 23 -1 inf
R 63 24 -1 inf
R 63 25 -1 inf
R 63 26 0 0.054224870976004362
R 63 27 0 0.043101802460455162
R 63 28 0 0.060525716154262436
R 63 29 0 0.093436365286883996
R 63 30 -1 inf
R 63 31 -1 inf
R 63 32 -1 inf
R 63 33 -1 inf
R 63 34 -1 inf
R 63 35 0 0.056351976481758041
R 63 36 0 0.039166766520823362
R 63 37 0 0.056400801511685583
R 63 38 0 0.077794684715737736
R 63 39 -1 inf
R 63 40 -1 inf
R 63 41 -1 inf
R 63 42 -1 inf
R 63 43 -1 inf
R 63 44 -1 inf
R 63 45 0 0.030698607126405385
R 63 46 0 0.05221417621930767
R 63 47 0 0.069851058020842155
R 63 48 0 0.08691767660177592
R 63 49 -1 inf
R 63 50 -1 inf
R 63 51 -1 inf
R 63 52 -1 inf
R 63 53 -1 inf
R 63 54 0 0.015216871418067879
R 63 55 0 0.05983295304743684
R 63 56 0 0.065485103256264651
R 63 57 0 0.085083687153482815
R 63 58 0 0.11035040557102473
R 63 59 -1 inf
R 63 60 -1 inf
R 63 61 -1 inf
R 63 62 -1 inf
R 63 63 63 0
R 63 64 -1 inf
R 63 65 0 0.07223845542056806
R 63 66 0 0.085021435892802422
R 63 67 0 0.099356959815440377
R 63 68 -1 inf
R 63 69 -1 inf
R 63 70 -1 inf
R 63 71 -1 inf
R 63 72 -1 inf
R 63 73 0 0.10264628487859601
R 63 74 0 0.084721467697023531
R 63 75 0 0.079114422936977097
R 63 76 0 0.098704828022856503
R 63 77 0 0.11472822311805635
R 63 78 -1 inf
R 63 79 -1 inf
R 63 80 -1 inf
R 63 81 -1 inf
R 63 82 -1 inf
R 63 83 -1 inf
R 63 84 0 0.090396546503361708
R 63 85 0 0.093569534150721806
R 63 86 0 0.1127316502185224
R 63 87 -1 inf
R 63 88 -1 inf
R 63 89 -1 inf
R 63 90 -1 inf
R 63 91 -1 inf
R 63 92 -1 inf
R 63 93 -1 inf
R 63 94 0 0.10811971112367919
R 63 95 0 0.10820402078567068
R 63 96 -1 inf
R 63 97 0 0.057285564479451281
R 63 98 -1 inf
R 63 99 -1 inf
R 64 0 -1 inf
R 64 1 -1 inf
R 64 2 -1 inf
R 64 3 -1 inf
R 64 4 -1 inf
R 64 5 -1 inf
R 64 6 -1 inf
R 64 7 -1 inf
R 64 8 -1 inf
R 64 9 -1 inf
R 64 10 -1 inf
R 64 11 -1 inf
R 64 12 -1 inf
R 64 13 -1 inf
R 64 14 -1 inf
R 64 15 -1 inf
R 64 16 -1 inf
R 64 17 -1 inf
R 64 18 -1 inf
R 64 19 19 0.0078698633932446881
R 64 20 -1 inf
R 64 21 -1 inf
R 64 22 -1 inf
R 64 23 -1 inf
R 64 24 -1 inf
R 64 25 -1 inf
R 64 26 -1 inf
R 64 27 -1 inf
R 64 28 -1 inf
R 64 29 -1 inf
R 64 30 -1 inf
R 64 31 -1 inf
R 64 32 -1 inf
R 64 33 -1 inf
R 64 34 -1 inf
R 64 35 -1 inf
R 64 36 -1 inf
R 64 37 -1 inf
R 64 38 -1 inf
R 64 39 -1 inf
R 64 40 -1 inf
R 64 41 -1 inf
R 64 42 -1 inf
R 64 43 -1 inf
R 64 44 -1 inf
R 64 45 -1 inf
R 64 46 -1 inf
R 64 47 -1 inf
R 64 48 -1 inf
R 64 49 -1 inf
R 64 50 -1 inf
R 64 51 -1 inf
R 64 52 -1 inf
R 64 53 -1 inf
R 64 54 -1 inf
R 64 55 -1 inf
R 64 56 -1 inf
R 64 57 -1 inf
R 64 58 -1 inf
R 64 59 -1 inf
R 64 60 -1 inf
R 64 61 -1 inf
R 64 62 -1 inf
R 64 63 -1 inf
R 64 64 64 0
R 64 65 -1 inf
R 64 66 -1 inf
R 64 67 -1 inf
R 64 68 -1 inf
R 64 69 -1 inf
R 64 70 -1 inf
R 64 71 -1 inf
R 64 72 -1 inf
R 64 73 -1 inf
R 64 74 -1 inf
R 64 75 -1 inf
R 64 76 -1 inf
R 64 77 -1 inf
R 64 78 -1 inf
R 64 79 -1 inf
R 64 80 -1 inf
R 64 81 -1 inf
R 64 82 -1 inf
R 64 83 -1 inf
R 64 84 -1 inf
R 64 85 -1 inf
R 64 86 -1 inf
R 64 87 -1 inf
R 64 88 -1 inf
R 64 89 -1 inf
R 64 90 -1 inf
R 64 91 -1 inf
R 64 92 -1 inf
R 64 93 -1 inf
R 64 94 -1 inf
R 64 95 -1 inf
R 64 96 -1 inf
R 64 97 -1 inf
R 64 98 -1 inf
R 64 99 -1 inf
R 65 0 56 0.065907986928714926
R 65 1 -1 inf
R 65 2 -1 inf
R 65 3 -1 inf
R 65 4 -1 inf
R 65 5 -1 inf
R 65 6 47 0.05267607360915938
R 65 7 -1 inf
R 65 8 56 0.042685165338471914
R 65 9 56 0.048145127932574493
R 65 10 38 0.036631332202779664
R 65 11 -1 inf
R 65 12 -1 inf
R 65 13 -1 inf
R 65 14 -1 inf
R 65 15 -1 inf
R 65 16 -1 inf
R 65 17 56 0.048513087126885047
R 65 18 56 0.035805248860853289
R 65 19 -1 inf
R 65 20 -1 inf
R 65 21 -1 inf
R 65 22 -1 inf
R 65 23 -1 inf
R 65 24 -1 inf
R 65 25 -1 inf
R 65 26 56 0.048597007002054209
R 65 27 56 0.029136652960112894
R 65 28 56 0.023369879784011401
R 65 29 38 0.021197909866315923
R 65 30 -1 inf
R 65 31 -1 inf
R 65 32 -1 inf
R 65 33 -1 inf
R 65 34 -1 inf
R 65 35 56 0.050724112507807888
R 65 36 56 0.033538902546873209
R 65 37 56 0.015837653908882476
R 65 38 38 0.0055562292951696702
R 65 39 -1 inf
R 65 40 -1 inf
R 65 41 -1 inf
R 65 42 -1 inf
R 65 43 -1 inf
R 65 44 -1 inf
R 65 45 56 0.041539848294162671
R 65 46 56 0.020024279201260389
R 65 47 47 0.0069810639369652832
R 65 48 47 0.024047682517899044
R 65 49 -1 inf
R 65 50 -1 inf
R 65 51 -1 inf
R 65 52 -1 inf
R 65 53 -1 inf
R 65 54 56 0.057021584002500181
R 65 55 56 0.024302253697396747
R 65 56 56 0.0067533521643034135
R 65 57 47 0.022213693069605942
R 65 58 47 0.047480411487147857
R 65 59 -1 inf
R 65 60 -1 inf
R 65 61 -1 inf
R 65 62 -1 inf
R 65 63 56 0.07223845542056806
R 65 64 -1 inf
R 65 65 65 0
R 65 66 47 0.022151441808925545
R 65 67 47 0.0364869657315635
R 65 68 -1 inf
R 65 69 -1 inf
R 65 70 -1 inf
R 65 71 -1 inf
R 65 72 -1 inf
R 65 73 38 0.030407829458027932
R 65 74 38 0.012483012276455463
R 65 75 47 0.016244428853100224
R 65 76 47 0.035834833938979634
R 65 77 47 0.05185822903417947
R 65 78 -1 inf
R 65 79 -1 inf
R 65 80 -1 inf
R 65 81 -1 inf
R 65 82 -1 inf
R 65 83 -1 inf
R 65 84 47 0.027526552419484832
R 65 85 47 0.03069954006684493
R 65 86 47 0.049861656134645514
R 65 87 -1 inf
R 65 88 -1 inf
R 65 89 -1 inf
R 65 90 -1 inf
R 65 91 -1 inf
R 65 92 -1 inf
R 65 93 -1 inf
R 65 94 47 0.045249717039802316
R 65 95 47 0.045334026701793803
R 65 96 -1 inf
R 65 97 56 0.051657700505501128
R 65 98 -1 inf
R 65 99 -1 inf
R 66 0 75 0.078690967400949288
R 66 1 -1 inf
R 66 2 -1 inf
R 66 3 -1 inf
R 66 4 -1 inf
R 66 5 -1 inf
R 66 6 57 0.035342086641455703
R 66 7 -1 inf
R 66 8 75 0.055468145810706276
R 66 9 75 0.060928108404808855
R 66 10 75 0.054627788309512391
R 66 11 -1 inf
R 66 12 -1 inf
R 66 13 -1 inf
R 66 14 -1 inf
R 66 15 -1 inf
R 66 16 -1 inf
R 66 17 75 0.06129606759911941
R 66 18 75 0.048588229333087651
R 66 19 -1 inf
R 66 20 -1 inf
R 66 21 -1 inf
R 66 22 -1 inf
R 66 23 -1 inf
R 66 24 -1 inf
R 66 25 -1 inf
R 66 26 75 0.061379987474288571
R 66 27 75 0.041919633432347253
R 66 28 75 0.036152860256245756
R 66 29 75 0.03919436597304865
R 66 30 -1 inf
R 66 31 -1 inf
R 66 32 -1 inf
R 66 33 -1 inf
R 66 34 -1 inf
R 66 35 75 0.063507092980042243
R 66 36 75 0.046321883019107571
R 66 37 75 0.028620634381116828
R 66 38 75 0.023552685401902401
R 66 39 -1 inf
R 66 40 -1 inf
R 66 41 -1 inf
R 66 42 -1 inf
R 66 43 -1 inf
R 66 44 -1 inf
R 66 45 75 0.054322828766397033
R 66 46 75 0.032807259673494744
R 66 47 75 0.015170377871960263
R 66 48 75 0.013710266620624139
R 66 49 -1 inf
R 66 50 -1 inf
R 66 51 -1 inf
R 66 52 -1 inf
R 66 53 -1 inf
R 66 54 75 0.069804564474734543
R 66 55 75 0.037085234169631096
R 66 56 75 0.019536332636537763
R 66 57 57 0.0048797061019022619
R 66 58 57 0.030146424519444173
R 66 59 -1 inf
R 66 60 -1 inf
R 66 61 -1 inf
R 66 62 -1 inf
R 66 63 75 0.085021435892802422
R 66 64 -1 inf
R 66 65 75 0.022151441808925545
R 66 66 66 0
R 66 67 57 0.01915297876385982
R 66 68 -1 inf
R 66 69 -1 inf
R 66 70 -1 inf
R 66 71 -1 inf
R 66 72 -1 inf
R 66 73 75 0.04840428556476066
R 66 74 75 0.030479468383188192
R 66 75 75 0.0059070129558253213
R 66 76 57 0.018500846971275953
R 66 77 57 0.034524242066475794
R 66 78 -1 inf
R 66 79 -1 inf
R 66 80 -1 inf
R 66 81 -1 inf
R 66 82 -1 inf
R 66 83 -1 inf
R 66 84 75 0.017189136522209925
R 66 85 57 0.013365553099141251
R 66 86 57 0.032527669166941837
R 66 87 -1 inf
R 66 88 -1 inf
R 66 89 -1 inf
R 66 90 -1 inf
R 66 91 -1 inf
R 66 92 -1 inf
R 66 93 -1 inf
R 66 94 57 0.027915730072098636
R 66 95 57 0.028000039734090126
R 66 96 -1 inf
R 66 97 75 0.06444068097773549
R 66 98 -1 inf
R 66 99 -1 inf
R 67 0 85 0.093026491323587215
R 67 1 -1 inf
R 67 2 -1 inf
R 67 3 -1 inf
R 67 4 -1 inf
R 67 5 -1 inf
R 67 6 95 0.016189107877595879
R 67 7 -1 inf
R 67 8 85 0.069803669733344217
R 67 9 85 0.075263632327446789
R 67 10 85 0.068963312232150353
R 67 11 -1 inf
R 67 12 -1 inf
R 67 13 -1 inf
R 67 14 -1 inf
R 67 15 -1 inf
R 67 16 -1 inf
R 67 17 85 0.075631591521757358
R 67 18 85 0.062923753255725592
R 67 19 -1 inf
R 67 20 -1 inf
R 67 21 -1 inf
R 67 22 -1 inf
R 67 23 -1 inf
R 67 24 -1 inf
R 67 25 -1 inf
R 67 26 85 0.075715511396926505
R 67 27 85 0.056255157354985194
R 67 28 85 0.050488384178883704
R 67 29 85 0.053529889895686619
R 67 30 -1 inf
R 67 31 -1 inf
R 67 32 -1 inf
R 67 33 -1 inf
R 67 34 -1 inf
R 67 35 85 0.077842616902680184
R 67 36 85 0.060657406941745512
R 67 37 85 0.04295615830375478
R 67 38 85 0.037888209324540359
R 67 39 -1 inf
R 67 40 -1 inf
R 67 41 -1 inf
R 67 42 -1 inf
R 67 43 -1 inf
R 67 44 -1 inf
R 67 45 85 0.068658352689034974
R 67 46 85 0.047142783596132692
R 67 47 85 0.029505901794598218
R 67 48 85 0.023467531559082499
R 67 49 -1 inf
R 67 50 -1 inf
R 67 51 -1 inf
R 67 52 -1 inf
R 67 53 -1 inf
R 67 54 85 0.08414008839737247
R 67 55 85 0.05142075809226905
R 67 56 85 0.033871856559175718
R 67 57 85 0.014273272661957558
R 67 58 94 0.010993445755584355
R 67 59 -1 inf
R 67 60 -1 inf
R 67 61 -1 inf
R 67 62 -1 inf
R 67 63 85 0.099356959815440349
R 67 64 -1 inf
R 67 65 85 0.0364869657315635
R 67 66 85 0.01915297876385982
R 67 67 67 0
R 67 68 -1 inf
R 67 69 -1 inf
R 67 70 -1 inf
R 67 71 -1 inf
R 67 72 -1 inf
R 67 73 85 0.062739809487398629
R 67 74 85 0.044814992305826154
R 67 75 85 0.020242536878463276
R 67 76 76 0.0056012983129928575
R 67 77 95 0.015371263302615972
R 67 78 -1 inf
R 67 79 -1 inf
R 67 80 -1 inf
R 67 81 -1 inf
R 67 82 -1 inf
R 67 83 -1 inf
R 67 84 85 0.026946401460668287
R 67 85 85 0.0057874256647185681
R 67 86 95 0.013374690403082019
R 67 87 -1 inf
R 67 88 -1 inf
R 67 89 -1 inf
R 67 90 -1 inf
R 67 91 -1 inf
R 67 92 -1 inf
R 67 93 -1 inf
R 67 94 94 0.0087627513082388156
R 67 95 95 0.0088470609702303062
R 67 96 -1 inf
R 67 97 85 0.078776204900373431
R 67 98 -1 inf
R 67 99 -1 inf
R 68 0 -1 inf
R 68 1 5 0.11554939380694522
R 68 2 -1 inf
R 68 3 5 0.048360480286791581
R 68 4 5 0.024138150554799859
R 68 5 5 0.0063595672006598646
R 68 6 -1 inf
R 68 7 -1 inf
R 68 8 -1 inf
R 68 9 -1 inf
R 68 10 -1 inf
R 68 11 -1 inf
R 68 12 5 0.054181527837226857
R 68 13 5 0.036457234410935818
R 68 14 -1 inf
R 68 15 5 0.10890383349379487
R 68 16 -1 inf
R 68 17 -1 inf
R 68 18 -1 inf
R 68 19 -1 inf
R 68 20 -1 inf
R 68 21 5 0.054251792129542176
R 68 22 5 0.043120909595116247
R 68 23 5 0.060539397771632752
R 68 24 5 0.093446925568167929
R 68 25 -1 inf
R 68 26 -1 inf
R 68 27 -1 inf
R 68 28 -1 inf
R 68 29 -1 inf
R 68 30 5 0.056377974956892014
R 68 31 5 0.039196455084171571
R 68 32 5 0.056414756499121158
R 68 33 5 0.077783237524022136
R 68 34 -1 inf
R 68 35 -1 inf
R 68 36 -1 inf
R 68 37 -1 inf
R 68 38 -1 inf
R 68 39 -1 inf
R 68 40 5 0.030746811239047968
R 68 41 5 0.052240789946434649
R 68 42 5 0.069863901856340394
R 68 43 5 0.086927339927619876
R 68 44 -1 inf
R 68 45 -1 inf
R 68 46 -1 inf
R 68 47 -1 inf
R 68 48 -1 inf
R 68 49 -1 inf
R 68 50 5 0.05984264802825684
R 68 51 5 0.065509206078290749
R 68 52 5 0.085084165207156087
R 68 53 5 0.11033963779562003
R 68 54 -1 inf
R 68 55 -1 inf
R 68 56 -1 inf
R 68 57 -1 inf
R 68 58 -1 inf
R 68 59 5 0.015239116804129219
R 68 60 5 0.072247070326213775
R 68 61 5 0.085030205382458576
R 68 62 5 0.099352525621950141
R 68 63 -1 inf
R 68 64 -1 inf
R 68 65 -1 inf
R 68 66 -1 inf
R 68 67 -1 inf
R 68 68 68 0
R 68 69 -1 inf
R 68 70 5 0.079137562910407661
R 68 71 5 0.098708104857924514
R 68 72 5 0.11472405103659949
R 68 73 -1 inf
R 68 74 -1 inf
R 68 75 -1 inf
R 68 76 -1 inf
R 68 77 -1 inf
R 68 78 5 0.10265177205077132
R 68 79 5 0.084706119096608065
R 68 80 5 0.093586489209771959
R 68 81 5 0.11273194574756266
R 68 82 -1 inf
R 68 83 -1 inf
R 68 84 -1 inf
R 68 85 -1 inf
R 68 86 -1 inf
R 68 87 -1 inf
R 68 88 -1 inf
R 68 89 5 0.09040878320524029
R 68 90 5 0.10821766246365662
R 68 91 -1 inf
R 68 92 5 0.057340403323838975
R 68 93 -1 inf
R 68 94 -1 inf
R 68 95 -1 inf
R 68 96 -1 inf
R 68 97 -1 inf
R 68 98 -1 inf
R 68 99 5 0.10809397337050088
R 69 0 -1 inf
R 69 1 -1 inf
R 69 2 -1 inf
R 69 3 -1 inf
R 69 4 -1 inf
R 69 5 -1 inf
R 69 6 -1 inf
R 69 7 -1 inf
R 69 8 -1 inf
R 69 9 -1 inf
R 69 10 -1 inf
R 69 11 -1 inf
R 69 12 -1 inf
R 69 13 -1 inf
R 69 14 14 0.007898018992863836
R 69 15 -1 inf
R 69 16 -1 inf
R 69 17 -1 inf
R 69 18 -1 inf
R 69 19 -1 inf
R 69 20 -1 inf
R 69 21 -1 inf
R 69 22 -1 inf
R 69 23 -1 inf
R 69 24 -1 inf
R 69 25 -1 inf
R 69 26 -1 inf
R 69 27 -1 inf
R 69 28 -1 inf
R 69 29 -1 inf
R 69 30 -1 inf
R 69 31 -1 inf
R 69 32 -1 inf
R 69 33 -1 inf
R 69 34 -1 inf
R 69 35 -1 inf
R 69 36 -1 inf
R 69 37 -1 inf
R 69 38 -1 inf
R 69 39 -1 inf
R 69 40 -1 inf
R 69 41 -1 inf
R 69 42 -1 inf
R 69 43 -1 inf
R 69 44 -1 inf
R 69 45 -1 inf
R 69 46 -1 inf
R 69 47 -1 inf
R 69 48 -1 inf
R 69 49 -1 inf
R 69 50 -1 inf
R 69 51 -1 inf
R 69 52 -1 inf
R 69 53 -1 inf
R 69 54 -1 inf
R 69 55 -1 inf
R 69 56 -1 inf
R 69 57 -1 inf
R 69 58 -1 inf
R 69 59 -1 inf
R 69 60 -1 inf
R 69 61 -1 inf
R 69 62 -1 inf
R 69 63 -1 inf
R 69 64 -1 inf
R 69 65 -1 inf
R 69 66 -1 inf
R 69 67 -1 inf
R 69 68 -1 inf
R 69 69 69 0
R 69 70 -1 inf
R 69 71 -1 inf
R 69 72 -1 inf
R 69 73 -1 inf
R 69 74 -1 inf
R 69 75 -1 inf
R 69 76 -1 inf
R 69 77 -1 inf
R 69 78 -1 inf
R 69 79 -1 inf
R 69 80 -1 inf
R 69 81 -1 inf
R 69 82 -1 inf
R 69 83 -1 inf
R 69 84 -1 inf
R 69 85 -1 inf
R 69 86 -1 inf
R 69 87 -1 inf
R 69 88 -1 inf
R 69 89 -1 inf
R 69 90 -1 inf
R 69 91 -1 inf
R 69 92 -1 inf
R 69 93 -1 inf
R 69 94 -1 inf
R 69 95 -1 inf
R 69 96 -1 inf
R 69 97 -1 inf
R 69 98 -1 inf
R 69 99 -1 inf
R 70 0 -1 inf
R 70 1 52 0.036411830896537566
R 70 2 -1 inf
R 70 3 42 0.049569664574757304
R 70 4 42 0.054999412355607818
R 70 5 42 0.072777995709747814
R 70 6 -1 inf
R 70 7 -1 inf
R 70 8 -1 inf
R 70 9 -1 inf
R 70 10 -1 inf
R 70 11 -1 inf
R 70 12 42 0.05539071212519258
R 70 13 42 0.042680328499471856
R 70 14 -1 inf
R 70 15 42 0.04877592277255681
R 70 16 -1 inf
R 70 17 -1 inf
R 70 18 -1 inf
R 70 19 -1 inf
R 70 20 -1 inf
R 70 21 42 0.055460976417507898
R 70 22 42 0.036016653315291428
R 70 23 42 0.030252167542363761
R 70 24 42 0.033319014846929867
R 70 25 -1 inf
R 70 26 -1 inf
R 70 27 -1 inf
R 70 28 -1 inf
R 70 29 -1 inf
R 70 30 42 0.057587159244857737
R 70 31 42 0.040405639372137293
R 70 32 42 0.022722806411286517
R 70 33 42 0.017655326802784088
R 70 34 -1 inf
R 70 35 -1 inf
R 70 36 -1 inf
R 70 37 -1 inf
R 70 38 -1 inf
R 70 39 -1 inf
R 70 40 42 0.048390751671359707
R 70 41 42 0.026896772963973029
R 70 42 42 0.009273661054067267
R 70 43 43 0.0077897770172122103
R 70 44 -1 inf
R 70 45 -1 inf
R 70 46 -1 inf
R 70 47 -1 inf
R 70 48 -1 inf
R 70 49 -1 inf
R 70 50 42 0.031164973520168039
R 70 51 42 0.013628356832116918
R 70 52 52 0.0059466022967484284
R 70 53 52 0.031202074885212372
R 70 54 -1 inf
R 70 55 -1 inf
R 70 56 -1 inf
R 70 57 -1 inf
R 70 58 -1 inf
R 70 59 42 0.063898446106278456
R 70 60 42 0.016232444873702793
R 70 61 61 0.0058926424720509183
R 70 62 52 0.020214962711542488
R 70 63 -1 inf
R 70 64 -1 inf
R 70 65 -1 inf
R 70 66 -1 inf
R 70 67 -1 inf
R 70 68 42 0.079137562910407674
R 70 69 -1 inf
R 70 70 70 0
R 70 71 52 0.019570541947516857
R 70 72 52 0.035586488126191848
R 70 73 -1 inf
R 70 74 -1 inf
R 70 75 -1 inf
R 70 76 -1 inf
R 70 77 -1 inf
R 70 78 42 0.042523861329533258
R 70 79 42 0.02457820837537001
R 70 80 52 0.0144489262993643
R 70 81 52 0.033594382837155018
R 70 82 -1 inf
R 70 83 -1 inf
R 70 84 -1 inf
R 70 85 -1 inf
R 70 86 -1 inf
R 70 87 -1 inf
R 70 88 -1 inf
R 70 89 43 0.011271220294832627
R 70 90 52 0.029080099553248969
R 70 91 -1 inf
R 70 92 42 0.058549587611804697
R 70 93 -1 inf
R 70 94 -1 inf
R 70 95 -1 inf
R 70 96 -1 inf
R 70 97 -1 inf
R 70 98 -1 inf
R 70 99 52 0.028956410460093215
R 71 0 -1 inf
R 71 1 62 0.02179074456240479
R 71 2 -1 inf
R 71 3 80 0.069140206522274178
R 71 4 80 0.074569954303124672
R 71 5 80 0.092348537657264668
R 71 6 -1 inf
R 71 7 -1 inf
R 71 8 -1 inf
R 71 9 -1 inf
R 71 10 -1 inf
R 71 11 -1 inf
R 71 12 80 0.074961254072709455
R 71 13 80 0.062250870446988724
R 71 14 -1 inf
R 71 15 80 0.068346464720073663
R 71 16 -1 inf
R 71 17 -1 inf
R 71 18 -1 inf
R 71 19 -1 inf
R 71 20 -1 inf
R 71 21 80 0.07503151836502478
R 71 22 80 0.055587195262808295
R 71 23 80 0.049822709489880622
R 71 24 80 0.052889556794446721
R 71 25 -1 inf
R 71 26 -1 inf
R 71 27 -1 inf
R 71 28 -1 inf
R 71 29 -1 inf
R 71 30 80 0.077157701192374611
R 71 31 80 0.059976181319654161
R 71 32 80 0.042293348358803377
R 71 33 80 0.037225868750300942
R 71 34 -1 inf
R 71 35 -1 inf
R 71 36 -1 inf
R 71 37 -1 inf
R 71 38 -1 inf
R 71 39 -1 inf
R 71 40 80 0.067961293618876567
R 71 41 80 0.046467314911489893
R 71 42 80 0.028844203001584124
R 71 43 80 0.022819965785295424
R 71 44 -1 inf
R 71 45 -1 inf
R 71 46 -1 inf
R 71 47 -1 inf
R 71 48 -1 inf
R 71 49 -1 inf
R 71 50 80 0.0507355154676849
R 71 51 80 0.033198898779633779
R 71 52 80 0.013623939650768429
R 71 53 62 0.016580988551079597
R 71 54 -1 inf
R 71 55 -1 inf
R 71 56 -1 inf
R 71 57 -1 inf
R 71 58 -1 inf
R 71 59 80 0.083468988053795309
R 71 60 80 0.03580298682121965
R 71 61 80 0.018494274613048933
R 71 62 62 0.0055938763774097087
R 71 63 -1 inf
R 71 64 -1 inf
R 71 65 -1 inf
R 71 66 -1 inf
R 71 67 -1 inf
R 71 68 80 0.098708104857924528
R 71 69 -1 inf
R 71 70 80 0.019570541947516857
R 71 71 71 0
R 71 72 62 0.020965401792059073
R 71 73 -1 inf
R 71 74 -1 inf
R 71 75 -1 inf
R 71 76 -1 inf
R 71 77 -1 inf
R 71 78 80 0.062094403277050111
R 71 79 80 0.044148750322886864
R 71 80 80 0.0051216156481525572
R 71 81 62 0.018973296503022236
R 71 82 -1 inf
R 71 83 -1 inf
R 71 84 -1 inf
R 71 85 -1 inf
R 71 86 -1 inf
R 71 87 -1 inf
R 71 88 -1 inf
R 71 89 80 0.02630140906291584
R 71 90 62 0.01445901321911619
R 71 91 -1 inf
R 71 92 80 0.078120129559321572
R 71 93 -1 inf
R 71 94 -1 inf
R 71 95 -1 inf
R 71 96 -1 inf
R 71 97 -1 inf
R 71 98 -1 inf
R 71 99 62 0.014335324125960438
R 72 0 -1 inf
R 72 1 1 0.0019955992296728179
R 72 2 -1 inf
R 72 3 90 0.085156152700949159
R 72 4 90 0.090585900481799653
R 72 5 90 0.10836448383593965
R 72 6 -1 inf
R 72 7 -1 inf
R 72 8 -1 inf
R 72 9 -1 inf
R 72 10 -1 inf
R 72 11 -1 inf
R 72 12 90 0.090977200251384435
R 72 13 90 0.078266816625663704
R 72 14 -1 inf
R 72 15 90 0.084362410898748658
R 72 16 -1 inf
R 72 17 -1 inf
R 72 18 -1 inf
R 72 19 -1 inf
R 72 20 -1 inf
R 72 21 90 0.09104746454369976
R 72 22 90 0.071603141441483276
R 72 23 90 0.06583865566855561
R 72 24 90 0.068905502973121716
R 72 25 -1 inf
R 72 26 -1 inf
R 72 27 -1 inf
R 72 28 -1 inf
R 72 29 -1 inf
R 72 30 90 0.093173647371049592
R 72 31 90 0.075992127498329148
R 72 32 90 0.058309294537478365
R 72 33 90 0.053241814928975936
R 72 34 -1 inf
R 72 35 -1 inf
R 72 36 -1 inf
R 72 37 -1 inf
R 72 38 -1 inf
R 72 39 -1 inf
R 72 40 90 0.083977239797551548
R 72 41 90 0.062483261090164874
R 72 42 90 0.044860149180259115
R 72 43 90 0.038835911963970418
R 72 44 -1 inf
R 72 45 -1 inf
R 72 46 -1 inf
R 72 47 -1 inf
R 72 48 -1 inf
R 72 49 -1 inf
R 72 50 90 0.066751461646359894
R 72 51 90 0.049214844958308766
R 72 52 90 0.029639885829443421
R 72 53 90 0.026358637588319248
R 72 54 -1 inf
R 72 55 -1 inf
R 72 56 -1 inf
R 72 57 -1 inf
R 72 58 -1 inf
R 72 59 90 0.09948493423247029
R 72 60 90 0.051818932999894644
R 72 61 90 0.034510220791723924
R 72 62 90 0.015371525414649362
R 72 63 -1 inf
R 72 64 -1 inf
R 72 65 -1 inf
R 72 66 -1 inf
R 72 67 -1 inf
R 72 68 90 0.11472405103659951
R 72 69 -1 inf
R 72 70 90 0.035586488126191848
R 72 71 90 0.020965401792059073
R 72 72 72 0
R 72 73 -1 inf
R 72 74 -1 inf
R 72 75 -1 inf
R 72 76 -1 inf
R 72 77 -1 inf
R 72 78 90 0.078110349455725106
R 72 79 90 0.060164696501561858
R 72 80 90 0.02113756182682755
R 72 81 81 0.0064207084987875692
R 72 82 -1 inf
R 72 83 -1 inf
R 72 84 -1 inf
R 72 85 -1 inf
R 72 86 -1 inf
R 72 87 -1 inf
R 72 88 -1 inf
R 72 89 90 0.042317355241590832
R 72 90 90 0.0065063885729428807
R 72 91 -1 inf
R 72 92 90 0.094136075737996552
R 72 93 -1 inf
R 72 94 -1 inf
R 72 95 -1 inf
R 72 96 -1 inf
R 72 97 -1 inf
R 72 98 -1 inf
R 72 99 90 0.024112973163200092
R 73 0 29 0.096315816386742845
R 73 1 -1 inf
R 73 2 -1 inf
R 73 3 -1 inf
R 73 4 -1 inf
R 73 5 -1 inf
R 73 6 29 0.078928917364994494
R 73 7 -1 inf
R 73 8 29 0.073092994796499847
R 73 9 29 0.078552957390602418
R 73 10 10 0.0062235027447517313
R 73 11 -1 inf
R 73 12 -1 inf
R 73 13 -1 inf
R 73 14 -1 inf
R 73 15 -1 inf
R 73 16 -1 inf
R 73 17 29 0.078920916584912987
R 73 18 29 0.066213078318881222
R 73 19 -1 inf
R 73 20 -1 inf
R 73 21 -1 inf
R 73 22 -1 inf
R 73 23 -1 inf
R 73 24 -1 inf
R 73 25 -1 inf
R 73 26 29 0.079004836460082134
R 73 27 29 0.059544482418140823
R 73 28 29 0.053777709242039333
R 73 29 29 0.0092099195917120097
R 73 30 -1 inf
R 73 31 -1 inf
R 73 32 -1 inf
R 73 33 -1 inf
R 73 34 -1 inf
R 73 35 29 0.081131941965835813
R 73 36 29 0.063946732004901141
R 73 37 29 0.046245483366910409
R 73 38 29 0.024851600162858263
R 73 39 -1 inf
R 73 40 -1 inf
R 73 41 -1 inf
R 73 42 -1 inf
R 73 43 -1 inf
R 73 44 -1 inf
R 73 45 29 0.071947677752190603
R 73 46 29 0.050432108659288322
R 73 47 29 0.0332339076928004
R 73 48 29 0.050300526273734159
R 73 49 -1 inf
R 73 50 -1 inf
R 73 51 -1 inf
R 73 52 -1 inf
R 73 53 -1 inf
R 73 54 29 0.087429413460528099
R 73 55 29 0.05471008315542468
R 73 56 29 0.037161181622331348
R 73 57 29 0.04846653682544106
R 73 58 29 0.073733255242982979
R 73 59 -1 inf
R 73 60 -1 inf
R 73 61 -1 inf
R 73 62 -1 inf
R 73 63 29 0.10264628487859598
R 73 64 -1 inf
R 73 65 29 0.030407829458027932
R 73 66 29 0.04840428556476066
R 73 67 29 0.062739809487398615
R 73 68 -1 inf
R 73 69 -1 inf
R 73 70 -1 inf
R 73 71 -1 inf
R 73 72 -1 inf
R 73 73 73 0
R 73 74 29 0.017924817181572471
R 73 75 29 0.042497272608935342
R 73 76 29 0.062087677694814755
R 73 77 29 0.078111072790014585
R 73 78 -1 inf
R 73 79 -1 inf
R 73 80 -1 inf
R 73 81 -1 inf
R 73 82 -1 inf
R 73 83 -1 inf
R 73 84 29 0.053779396175319946
R 73 85 29 0.056952383822680051
R 73 86 29 0.076114499890480636
R 73 87 -1 inf
R 73 88 -1 inf
R 73 89 -1 inf
R 73 90 -1 inf
R 73 91 -1 inf
R 73 92 -1 inf
R 73 93 -1 inf
R 73 94 29 0.071502560795637438
R 73 95 29 0.071586870457628918
R 73 96 -1 inf
R 73 97 29 0.08206552996352906
R 73 98 -1 inf
R 73 99 -1 inf
R 74 0 38 0.078390999205170397
R 74 1 -1 inf
R 74 2 -1 inf
R 74 3 -1 inf
R 74 4 -1 inf
R 74 5 -1 inf
R 74 6 38 0.061004100183422033
R 74 7 -1 inf
R 74 8 38 0.055168177614927386
R 74 9 38 0.060628140209029964
R 74 10 29 0.024148319926324203
R 74 11 -1 inf
R 74 12 -1 inf
R 74 13 -1 inf
R 74 14 -1 inf
R 74 15 -1 inf
R 74 16 -1 inf
R 74 17 38 0.060996099403340519
R 74 18 38 0.048288261137308761
R 74 19 -1 inf
R 74 20 -1 inf
R 74 21 -1 inf
R 74 22 -1 inf
R 74 23 -1 inf
R 74 24 -1 inf
R 74 25 -1 inf
R 74 26 38 0.06108001927850968
R 74 27 38 0.041619665236568362
R 74 28 38 0.035852892060466865
R 74 29 29 0.0087148975898604618
R 74 30 -1 inf
R 74 31 -1 inf
R 74 32 -1 inf
R 74 33 -1 inf
R 74 34 -1 inf
R 74 35 38 0.063207124784263352
R 74 36 38 0.04602191482332868
R 74 37 38 0.028320666185337941
R 74 38 38 0.0069267829812857925
R 74 39 -1 inf
R 74 40 -1 inf
R 74 41 -1 inf
R 74 42 -1 inf
R 74 43 -1 inf
R 74 44 -1 inf
R 74 45 38 0.054022860570618142
R 74 46 38 0.032507291477715854
R 74 47 38 0.015309090511227929
R 74 48 38 0.032375709092161691
R 74 49 -1 inf
R 74 50 -1 inf
R 74 51 -1 inf
R 74 52 -1 inf
R 74 53 -1 inf
R 74 54 38 0.069504596278955652
R 74 55 38 0.036785265973852212
R 74 56 38 0.019236364440758876
R 74 57 38 0.030541719643868589
R 74 58 38 0.055808438061410504
R 74 59 -1 inf
R 74 60 -1 inf
R 74 61 -1 inf
R 74 62 -1 inf
R 74 63 38 0.084721467697023531
R 74 64 -1 inf
R 74 65 38 0.012483012276455463
R 74 66 38 0.030479468383188192
R 74 67 38 0.044814992305826147
R 74 68 -1 inf
R 74 69 -1 inf
R 74 70 -1 inf
R 74 71 -1 inf
R 74 72 -1 inf
R 74 73 29 0.017924817181572471
R 74 74 74 0
R 74 75 38 0.024572455427362871
R 74 76 38 0.04416286051324228
R 74 77 38 0.060186255608442124
R 74 78 -1 inf
R 74 79 -1 inf
R 74 80 -1 inf
R 74 81 -1 inf
R 74 82 -1 inf
R 74 83 -1 inf
R 74 84 38 0.035854578993747478
R 74 85 38 0.039027566641107576
R 74 86 38 0.058189682708908168
R 74 87 -1 inf
R 74 88 -1 inf
R 74 89 -1 inf
R 74 90 -1 inf
R 74 91 -1 inf
R 74 92 -1 inf
R 74 93 -1 inf
R 74 94 38 0.053577743614064963
R 74 95 38 0.053662053276056457
R 74 96 -1 inf
R 74 97 38 0.064140712781956599
R 74 98 -1 inf
R 74 99 -1 inf
R 75 0 47 0.072783954445123963
R 75 1 -1 inf
R 75 2 -1 inf
R 75 3 -1 inf
R 75 4 -1 inf
R 75 5 -1 inf
R 75 6 57 0.036431644756059152
R 75 7 -1 inf
R 75 8 47 0.049561132854880952
R 75 9 47 0.05502109544898353
R 75 10 47 0.048720775353687074
R 75 11 -1 inf
R 75 12 -1 inf
R 75 13 -1 inf
R 75 14 -1 inf
R 75 15 -1 inf
R 75 16 -1 inf
R 75 17 47 0.055389054643294085
R 75 18 47 0.042681216377262327
R 75 19 -1 inf
R 75 20 -1 inf
R 75 21 -1 inf
R 75 22 -1 inf
R 75 23 -1 inf
R 75 24 -1 inf
R 75 25 -1 inf
R 75 26 47 0.055472974518463246
R 75 27 47 0.036012620476521928
R 75 28 47 0.030245847300420431
R 75 29 47 0.033287353017223333
R 75 30 -1 inf
R 75 31 -1 inf
R 75 32 -1 inf
R 75 33 -1 inf
R 75 34 -1 inf
R 75 35 47 0.057600080024216925
R 75 36 47 0.040414870063282246
R 75 37 47 0.022713621425291507
R 75 38 47 0.017645672446077079
R 75 39 -1 inf
R 75 40 -1 inf
R 75 41 -1 inf
R 75 42 -1 inf
R 75 43 -1 inf
R 75 44 -1 inf
R 75 45 47 0.048415815810571708
R 75 46 47 0.02690024671766942
R 75 47 47 0.0092633649161349418
R 75 48 48 0.007803253664798818
R 75 49 -1 inf
R 75 50 -1 inf
R 75 51 -1 inf
R 75 52 -1 inf
R 75 53 -1 inf
R 75 54 47 0.063897551518909218
R 75 55 47 0.031178221213805778
R 75 56 47 0.01362931968071244
R 75 57 57 0.0059692642165057172
R 75 58 57 0.031235982634047626
R 75 59 -1 inf
R 75 60 -1 inf
R 75 61 -1 inf
R 75 62 -1 inf
R 75 63 47 0.079114422936977097
R 75 64 -1 inf
R 75 65 47 0.016244428853100224
R 75 66 66 0.0059070129558253213
R 75 67 57 0.020242536878463273
R 75 68 -1 inf
R 75 69 -1 inf
R 75 70 -1 inf
R 75 71 -1 inf
R 75 72 -1 inf
R 75 73 47 0.042497272608935342
R 75 74 47 0.024572455427362871
R 75 75 75 0
R 75 76 57 0.019590405085879406
R 75 77 57 0.035613800181079243
R 75 78 -1 inf
R 75 79 -1 inf
R 75 80 -1 inf
R 75 81 -1 inf
R 75 82 -1 inf
R 75 83 -1 inf
R 75 84 48 0.011282123566384604
R 75 85 57 0.014455111213744706
R 75 86 57 0.033617227281545294
R 75 87 -1 inf
R 75 88 -1 inf
R 75 89 -1 inf
R 75 90 -1 inf
R 75 91 -1 inf
R 75 92 -1 inf
R 75 93 -1 inf
R 75 94 57 0.029005288186702088
R 75 95 57 0.029089597848693579
R 75 96 -1 inf
R 75 97 47 0.058533668021910165
R 75 98 -1 inf
R 75 99 -1 inf
R 76 0 85 0.092374359531003356
R 76 1 -1 inf
R 76 2 -1 inf
R 76 3 -1 inf
R 76 4 -1 inf
R 76 5 -1 inf
R 76 6 67 0.021790406190588738
R 76 7 -1 inf
R 76 8 85 0.069151537940760358
R 76 9 85 0.074611500534862929
R 76 10 85 0.068311180439566493
R 76 11 -1 inf
R 76 12 -1 inf
R 76 13 -1 inf
R 76 14 -1 inf
R 76 15 -1 inf
R 76 16 -1 inf
R 76 17 85 0.074979459729173498
R 76 18 85 0.062271621463141733
R 76 19 -1 inf
R 76 20 -1 inf
R 76 21 -1 inf
R 76 22 -1 inf
R 76 23 -1 inf
R 76 24 -1 inf
R 76 25 -1 inf
R 76 26 85 0.075063379604342645
R 76 27 85 0.055603025562401334
R 76 28 85 0.049836252386299844
R 76 29 85 0.052877758103102745
R 76 30 -1 inf
R 76 31 -1 inf
R 76 32 -1 inf
R 76 33 -1 inf
R 76 34 -1 inf
R 76 35 85 0.077190485110096324
R 76 36 85 0.060005275149161652
R 76 37 85 0.04230402651117092
R 76 38 85 0.037236077531956485
R 76 39 -1 inf
R 76 40 -1 inf
R 76 41 -1 inf
R 76 42 -1 inf
R 76 43 -1 inf
R 76 44 -1 inf
R 76 45 85 0.068006220896451114
R 76 46 85 0.046490651803548833
R 76 47 85 0.028853770002014351
R 76 48 85 0.022815399766498632
R 76 49 -1 inf
R 76 50 -1 inf
R 76 51 -1 inf
R 76 52 -1 inf
R 76 53 -1 inf
R 76 54 85 0.08348795660478861
R 76 55 85 0.050768626299685191
R 76 56 85 0.033219724766591852
R 76 57 85 0.013621140869373691
R 76 58 67 0.016594744068577211
R 76 59 -1 inf
R 76 60 -1 inf
R 76 61 -1 inf
R 76 62 -1 inf
R 76 63 85 0.098704828022856489
R 76 64 -1 inf
R 76 65 85 0.035834833938979634
R 76 66 85 0.018500846971275953
R 76 67 67 0.0056012983129928575
R 76 68 -1 inf
R 76 69 -1 inf
R 76 70 -1 inf
R 76 71 -1 inf
R 76 72 -1 inf
R 76 73 85 0.062087677694814755
R 76 74 85 0.04416286051324228
R 76 75 85 0.019590405085879409
R 76 76 76 0
R 76 77 67 0.020972561615608828
R 76 78 -1 inf
R 76 79 -1 inf
R 76 80 -1 inf
R 76 81 -1 inf
R 76 82 -1 inf
R 76 83 -1 inf
R 76 84 85 0.02629426966808442
R 76 85 85 0.0051352938721347021
R 76 86 67 0.018975988716074879
R 76 87 -1 inf
R 76 88 -1 inf
R 76 89 -1 inf
R 76 90 -1 inf
R 76 91 -1 inf
R 76 92 -1 inf
R 76 93 -1 inf
R 76 94 67 0.014364049621231674
R 76 95 67 0.014448359283223165
R 76 96 -1 inf
R 76 97 85 0.078124073107789571
R 76 98 -1 inf
R 76 99 -1 inf
R 77 0 95 0.1083977546262032
R 77 1 -1 inf
R 77 2 -1 inf
R 77 3 -1 inf
R 77 4 -1 inf
R 77 5 -1 inf
R 77 6 6 0.0019728684473705057
R 77 7 -1 inf
R 77 8 95 0.085174933035960187
R 77 9 95 0.090634895630062773
R 77 10 95 0.084334575534766337
R 77 11 -1 inf
R 77 12 -1 inf
R 77 13 -1 inf
R 77 14 -1 inf
R 77 15 -1 inf
R 77 16 -1 inf
R 77 17 95 0.091002854824373328
R 77 18 95 0.078295016558341562
R 77 19 -1 inf
R 77 20 -1 inf
R 77 21 -1 inf
R 77 22 -1 inf
R 77 23 -1 inf
R 77 24 -1 inf
R 77 25 -1 inf
R 77 26 95 0.091086774699542475
R 77 27 95 0.071626420657601164
R 77 28 95 0.065859647481499667
R 77 29 95 0.068901153198302589
R 77 30 -1 inf
R 77 31 -1 inf
R 77 32 -1 inf
R 77 33 -1 inf
R 77 34 -1 inf
R 77 35 95 0.093213880205296154
R 77 36 95 0.076028670244361482
R 77 37 95 0.05832742160637075
R 77 38 95 0.053259472627156329
R 77 39 -1 inf
R 77 40 -1 inf
R 77 41 -1 inf
R 77 42 -1 inf
R 77 43 -1 inf
R 77 44 -1 inf
R 77 45 95 0.084029615991650944
R 77 46 95 0.062514046898748662
R 77 47 95 0.044877165097214192
R 77 48 95 0.038838794861698472
R 77 49 -1 inf
R 77 50 -1 inf
R 77 51 -1 inf
R 77 52 -1 inf
R 77 53 -1 inf
R 77 54 95 0.099511351699988454
R 77 55 95 0.066792021394885021
R 77 56 95 0.049243119861791688
R 77 57 95 0.029644535964573532
R 77 58 95 0.026364709058200323
R 77 59 -1 inf
R 77 60 -1 inf
R 77 61 -1 inf
R 77 62 -1 inf
R 77 63 95 0.11472822311805633
R 77 64 -1 inf
R 77 65 95 0.051858229034179477
R 77 66 95 0.034524242066475794
R 77 67 95 0.015371263302615972
R 77 68 -1 inf
R 77 69 -1 inf
R 77 70 -1 inf
R 77 71 -1 inf
R 77 72 -1 inf
R 77 73 95 0.078111072790014599
R 77 74 95 0.060186255608442124
R 77 75 95 0.03561380018107925
R 77 76 95 0.020972561615608828
R 77 77 77 0
R 77 78 -1 inf
R 77 79 -1 inf
R 77 80 -1 inf
R 77 81 -1 inf
R 77 82 -1 inf
R 77 83 -1 inf
R 77 84 95 0.04231766476328426
R 77 85 95 0.021158688967334541
R 77 86 86 0.0064261889317229976
R 77 87 -1 inf
R 77 88 -1 inf
R 77 89 -1 inf
R 77 90 -1 inf
R 77 91 -1 inf
R 77 92 -1 inf
R 77 93 -1 inf
R 77 94 95 0.024134014610854786
R 77 95 95 0.0065242023323856656
R 77 96 -1 inf
R 77 97 95 0.094147468202989401
R 77 98 -1 inf
R 77 99 -1 inf
R 78 0 -1 inf
R 78 1 24 0.07893569222607083
R 78 2 -1 inf
R 78 3 24 0.073083873715120956
R 78 4 24 0.07851362149597145
R 78 5 24 0.096292204850111446
R 78 6 -1 inf
R 78 7 -1 inf
R 78 8 -1 inf
R 78 9 -1 inf
R 78 10 -1 inf
R 78 11 -1 inf
R 78 12 24 0.078904921265556233
R 78 13 24 0.066194537639835502
R 78 14 -1 inf
R 78 15 15 0.0062520614430235525
R 78 16 -1 inf
R 78 17 -1 inf
R 78 18 -1 inf
R 78 19 -1 inf
R 78 20 -1 inf
R 78 21 24 0.078975185557871558
R 78 22 24 0.059530862455655073
R 78 23 24 0.0537663766827274
R 78 24 24 0.0092048464826033904
R 78 25 -1 inf
R 78 26 -1 inf
R 78 27 -1 inf
R 78 28 -1 inf
R 78 29 -1 inf
R 78 30 24 0.08110136838522139
R 78 31 24 0.063919848512500946
R 78 32 24 0.046237015551650155
R 78 33 24 0.024868534526749177
R 78 34 -1 inf
R 78 35 -1 inf
R 78 36 -1 inf
R 78 37 -1 inf
R 78 38 -1 inf
R 78 39 -1 inf
R 78 40 24 0.071904960811723345
R 78 41 24 0.050410982104336671
R 78 42 24 0.033250200275465998
R 78 43 24 0.050313638346745473
R 78 44 -1 inf
R 78 45 -1 inf
R 78 46 -1 inf
R 78 47 -1 inf
R 78 48 -1 inf
R 78 49 -1 inf
R 78 50 24 0.054679182660531678
R 78 51 24 0.037142565972480557
R 78 52 24 0.048470463626281692
R 78 53 24 0.073725936214745644
R 78 54 -1 inf
R 78 55 -1 inf
R 78 56 -1 inf
R 78 57 -1 inf
R 78 58 -1 inf
R 78 59 24 0.087412655246642088
R 78 60 24 0.030404701724557535
R 78 61 24 0.048416503801584181
R 78 62 24 0.062738824041075753
R 78 63 -1 inf
R 78 64 -1 inf
R 78 65 -1 inf
R 78 66 -1 inf
R 78 67 -1 inf
R 78 68 24 0.10265177205077131
R 78 69 -1 inf
R 78 70 24 0.042523861329533265
R 78 71 24 0.062094403277050118
R 78 72 24 0.078110349455725106
R 78 73 -1 inf
R 78 74 -1 inf
R 78 75 -1 inf
R 78 76 -1 inf
R 78 77 -1 inf
R 78 78 78 0
R 78 79 24 0.017945652954163251
R 78 80 24 0.056972787628897563
R 78 81 24 0.076118244166688276
R 78 82 -1 inf
R 78 83 -1 inf
R 78 84 -1 inf
R 78 85 -1 inf
R 78 86 -1 inf
R 78 87 -1 inf
R 78 88 -1 inf
R 78 89 24 0.053795081624365887
R 78 90 24 0.07160396088278223
R 78 91 -1 inf
R 78 92 24 0.08206379675216835
R 78 93 -1 inf
R 78 94 -1 inf
R 78 95 -1 inf
R 78 96 -1 inf
R 78 97 -1 inf
R 78 98 -1 inf
R 78 99 24 0.071480271789626487
R 79 0 -1 inf
R 79 1 33 0.060990039271907576
R 79 2 -1 inf
R 79 3 33 0.05513822076095768
R 79 4 33 0.060567968541808195
R 79 5 33 0.078346551895948191
R 79 6 -1 inf
R 79 7 -1 inf
R 79 8 -1 inf
R 79 9 -1 inf
R 79 10 -1 inf
R 79 11 -1 inf
R 79 12 33 0.060959268311392957
R 79 13 33 0.048248884685672233
R 79 14 -1 inf
R 79 15 24 0.024197714397186803
R 79 16 -1 inf
R 79 17 -1 inf
R 79 18 -1 inf
R 79 19 -1 inf
R 79 20 -1 inf
R 79 21 33 0.061029532603708275
R 79 22 33 0.041585209501491804
R 79 23 33 0.035820723728564138
R 79 24 24 0.0087408064715598609
R 79 25 -1 inf
R 79 26 -1 inf
R 79 27 -1 inf
R 79 28 -1 inf
R 79 29 -1 inf
R 79 30 33 0.063155715431058107
R 79 31 33 0.04597419555833767
R 79 32 33 0.028291362597486897
R 79 33 33 0.0069228815725859236
R 79 34 -1 inf
R 79 35 -1 inf
R 79 36 -1 inf
R 79 37 -1 inf
R 79 38 -1 inf
R 79 39 -1 inf
R 79 40 33 0.053959307857560083
R 79 41 33 0.03246532915017341
R 79 42 33 0.015304547321302745
R 79 43 33 0.032367985392582219
R 79 44 -1 inf
R 79 45 -1 inf
R 79 46 -1 inf
R 79 47 -1 inf
R 79 48 -1 inf
R 79 49 -1 inf
R 79 50 33 0.036733529706368423
R 79 51 33 0.019196913018317299
R 79 52 33 0.030524810672118437
R 79 53 33 0.055780283260582382
R 79 54 -1 inf
R 79 55 -1 inf
R 79 56 -1 inf
R 79 57 -1 inf
R 79 58 -1 inf
R 79 59 33 0.069467002292478833
R 79 60 33 0.01245904877039428
R 79 61 33 0.030470850847420929
R 79 62 33 0.044793171086912498
R 79 63 -1 inf
R 79 64 -1 inf
R 79 65 -1 inf
R 79 66 -1 inf
R 79 67 -1 inf
R 79 68 33 0.084706119096608051
R 79 69 -1 inf
R 79 70 33 0.02457820837537001
R 79 71 33 0.044148750322886864
R 79 72 33 0.060164696501561858
R 79 73 -1 inf
R 79 74 -1 inf
R 79 75 -1 inf
R 79 76 -1 inf
R 79 77 -1 inf
R 79 78 24 0.017945652954163251
R 79 79 79 0
R 79 80 33 0.039027134674734308
R 79 81 33 0.058172591212525021
R 79 82 -1 inf
R 79 83 -1 inf
R 79 84 -1 inf
R 79 85 -1 inf
R 79 86 -1 inf
R 79 87 -1 inf
R 79 88 -1 inf
R 79 89 33 0.035849428670202632
R 79 90 33 0.053658307928618976
R 79 91 -1 inf
R 79 92 33 0.064118143798005067
R 79 93 -1 inf
R 79 94 -1 inf
R 79 95 -1 inf
R 79 96 -1 inf
R 79 97 -1 inf
R 79 98 -1 inf
R 79 99 33 0.053534618835463225
R 80 0 -1 inf
R 80 1 62 0.021962904597173268
R 80 2 -1 inf
R 80 3 52 0.064018590874121595
R 80 4 52 0.069448338654972103
R 80 5 52 0.087226922009112098
R 80 6 -1 inf
R 80 7 -1 inf
R 80 8 -1 inf
R 80 9 -1 inf
R 80 10 -1 inf
R 80 11 -1 inf
R 80 12 52 0.069839638424556871
R 80 13 52 0.057129254798836154
R 80 14 -1 inf
R 80 15 52 0.063224849071921108
R 80 16 -1 inf
R 80 17 -1 inf
R 80 18 -1 inf
R 80 19 -1 inf
R 80 20 -1 inf
R 80 21 52 0.069909902716872196
R 80 22 52 0.050465579614655726
R 80 23 52 0.04470109384172806
R 80 24 52 0.047767941146294166
R 80 25 -1 inf
R 80 26 -1 inf
R 80 27 -1 inf
R 80 28 -1 inf
R 80 29 -1 inf
R 80 30 52 0.072036085544222028
R 80 31 52 0.054854565671501591
R 80 32 52 0.037171732710650815
R 80 33 52 0.032104253102148386
R 80 34 -1 inf
R 80 35 -1 inf
R 80 36 -1 inf
R 80 37 -1 inf
R 80 38 -1 inf
R 80 39 -1 inf
R 80 40 52 0.062839677970723998
R 80 41 52 0.041345699263337324
R 80 42 52 0.023722587353431565
R 80 43 52 0.017698350137142868
R 80 44 -1 inf
R 80 45 -1 inf
R 80 46 -1 inf
R 80 47 -1 inf
R 80 48 -1 inf
R 80 49 -1 inf
R 80 50 52 0.045613899819532337
R 80 51 52 0.028077283131481216
R 80 52 52 0.0085023240026158714
R 80 53 62 0.016753148585848074
R 80 54 -1 inf
R 80 55 -1 inf
R 80 56 -1 inf
R 80 57 -1 inf
R 80 58 -1 inf
R 80 59 52 0.07834737240564274
R 80 60 52 0.030681371173067091
R 80 61 52 0.013372658964896377
R 80 62 62 0.0057660364121781878
R 80 63 -1 inf
R 80 64 -1 inf
R 80 65 -1 inf
R 80 66 -1 inf
R 80 67 -1 inf
R 80 68 52 0.093586489209771959
R 80 69 -1 inf
R 80 70 52 0.0144489262993643
R 80 71 71 0.0051216156481525572
R 80 72 62 0.02113756182682755
R 80 73 -1 inf
R 80 74 -1 inf
R 80 75 -1 inf
R 80 76 -1 inf
R 80 77 -1 inf
R 80 78 52 0.056972787628897556
R 80 79 52 0.039027134674734308
R 80 80 80 0
R 80 81 62 0.019145456537790716
R 80 82 -1 inf
R 80 83 -1 inf
R 80 84 -1 inf
R 80 85 -1 inf
R 80 86 -1 inf
R 80 87 -1 inf
R 80 88 -1 inf
R 80 89 52 0.021179793414763285
R 80 90 62 0.014631173253884669
R 80 91 -1 inf
R 80 92 52 0.072998513911168988
R 80 93 -1 inf
R 80 94 -1 inf
R 80 95 -1 inf
R 80 96 -1 inf
R 80 97 -1 inf
R 80 98 -1 inf
R 80 99 62 0.014507484160728917
R 81 0 -1 inf
R 81 1 1 0.006778112854559688
R 81 2 -1 inf
R 81 3 90 0.083164047411912329
R 81 4 90 0.088593795192762823
R 81 5 90 0.10637237854690282
R 81 6 -1 inf
R 81 7 -1 inf
R 81 8 -1 inf
R 81 9 -1 inf
R 81 10 -1 inf
R 81 11 -1 inf
R 81 12 90 0.088985094962347605
R 81 13 90 0.076274711336626874
R 81 14 -1 inf
R 81 15 90 0.082370305609711827
R 81 16 -1 inf
R 81 17 -1 inf
R 81 18 -1 inf
R 81 19 -1 inf
R 81 20 -1 inf
R 81 21 90 0.08905535925466293
R 81 22 90 0.069611036152446445
R 81 23 90 0.063846550379518779
R 81 24 90 0.066913397684084885
R 81 25 -1 inf
R 81 26 -1 inf
R 81 27 -1 inf
R 81 28 -1 inf
R 81 29 -1 inf
R 81 30 90 0.091181542082012762
R 81 31 90 0.074000022209292318
R 81 32 90 0.056317189248441535
R 81 33 90 0.051249709639939106
R 81 34 -1 inf
R 81 35 -1 inf
R 81 36 -1 inf
R 81 37 -1 inf
R 81 38 -1 inf
R 81 39 -1 inf
R 81 40 90 0.081985134508514718
R 81 41 90 0.060491155801128044
R 81 42 90 0.042868043891222285
R 81 43 90 0.036843806674933588
R 81 44 -1 inf
R 81 45 -1 inf
R 81 46 -1 inf
R 81 47 -1 inf
R 81 48 -1 inf
R 81 49 -1 inf
R 81 50 90 0.06475935635732305
R 81 51 90 0.047222739669271936
R 81 52 90 0.027647780540406588
R 81 53 90 0.024366532299282415
R 81 54 -1 inf
R 81 55 -1 inf
R 81 56 -1 inf
R 81 57 -1 inf
R 81 58 -1 inf
R 81 59 90 0.09749282894343346
R 81 60 90 0.049826827710857814
R 81 61 90 0.032518115502687094
R 81 62 90 0.013379420125612529
R 81 63 -1 inf
R 81 64 -1 inf
R 81 65 -1 inf
R 81 66 -1 inf
R 81 67 -1 inf
R 81 68 90 0.11273194574756268
R 81 69 -1 inf
R 81 70 90 0.033594382837155018
R 81 71 90 0.018973296503022236
R 81 72 72 0.0064207084987875692
R 81 73 -1 inf
R 81 74 -1 inf
R 81 75 -1 inf
R 81 76 -1 inf
R 81 77 -1 inf
R 81 78 90 0.076118244166688276
R 81 79 90 0.058172591212525028
R 81 80 90 0.019145456537790716
R 81 81 81 0
R 81 82 -1 inf
R 81 83 -1 inf
R 81 84 -1 inf
R 81 85 -1 inf
R 81 86 -1 inf
R 81 87 -1 inf
R 81 88 -1 inf
R 81 89 90 0.040325249952554001
R 81 90 90 0.0045142832839060471
R 81 91 -1 inf
R 81 92 90 0.092143970448959722
R 81 93 -1 inf
R 81 94 -1 inf
R 81 95 -1 inf
R 81 96 -1 inf
R 81 97 -1 inf
R 81 98 -1 inf
R 81 99 90 0.022120867874163258
R 82 0 -1 inf
R 82 1 -1 inf
R 82 2 2 0.0086509830343211823
R 82 3 -1 inf
R 82 4 -1 inf
R 82 5 -1 inf
R 82 6 -1 inf
R 82 7 -1 inf
R 82 8 -1 inf
R 82 9 -1 inf
R 82 10 -1 inf
R 82 11 11 0.00401115025748402
R 82 12 -1 inf
R 82 13 -1 inf
R 82 14 -1 inf
R 82 15 -1 inf
R 82 16 -1 inf
R 82 17 -1 inf
R 82 18 -1 inf
R 82 19 -1 inf
R 82 20 20 0.0083710917894342651
R 82 21 -1 inf
R 82 22 -1 inf
R 82 23 -1 inf
R 82 24 -1 inf
R 82 25 -1 inf
R 82 26 -1 inf
R 82 27 -1 inf
R 82 28 -1 inf
R 82 29 -1 inf
R 82 30 -1 inf
R 82 31 -1 inf
R 82 32 -1 inf
R 82 33 -1 inf
R 82 34 -1 inf
R 82 35 -1 inf
R 82 36 -1 inf
R 82 37 -1 inf
R 82 38 -1 inf
R 82 39 20 0.022214498130107986
R 82 40 -1 inf
R 82 41 -1 inf
R 82 42 -1 inf
R 82 43 -1 inf
R 82 44 -1 inf
R 82 45 -1 inf
R 82 46 -1 inf
R 82 47 -1 inf
R 82 48 -1 inf
R 82 49 -1 inf
R 82 50 -1 inf
R 82 51 -1 inf
R 82 52 -1 inf
R 82 53 -1 inf
R 82 54 -1 inf
R 82 55 -1 inf
R 82 56 -1 inf
R 82 57 -1 inf
R 82 58 -1 inf
R 82 59 -1 inf
R 82 60 -1 inf
R 82 61 -1 inf
R 82 62 -1 inf
R 82 63 -1 inf
R 82 64 -1 inf
R 82 65 -1 inf
R 82 66 -1 inf
R 82 67 -1 inf
R 82 68 -1 inf
R 82 69 -1 inf
R 82 70 -1 inf
R 82 71 -1 inf
R 82 72 -1 inf
R 82 73 -1 inf
R 82 74 -1 inf
R 82 75 -1 inf
R 82 76 -1 inf
R 82 77 -1 inf
R 82 78 -1 inf
R 82 79 -1 inf
R 82 80 -1 inf
R 82 81 -1 inf
R 82 82 82 0
R 82 83 20 0.016485610717155538
R 82 84 -1 inf
R 82 85 -1 inf
R 82 86 -1 inf
R 82 87 -1 inf
R 82 88 -1 inf
R 82 89 -1 inf
R 82 90 -1 inf
R 82 91 91 0.0072842699420379705
R 82 92 -1 inf
R 82 93 -1 inf
R 82 94 -1 inf
R 82 95 -1 inf
R 82 96 -1 inf
R 82 97 -1 inf
R 82 98 -1 inf
R 82 99 -1 inf
R 83 0 -1 inf
R 83 1 -1 inf
R 83 2 20 0.02513659375147672
R 83 3 -1 inf
R 83 4 -1 inf
R 83 5 -1 inf
R 83 6 -1 inf
R 83 7 -1 inf
R 83 8 -1 inf
R 83 9 -1 inf
R 83 10 -1 inf
R 83 11 20 0.020496760974639559
R 83 12 -1 inf
R 83 13 -1 inf
R 83 14 -1 inf
R 83 15 -1 inf
R 83 16 -1 inf
R 83 17 -1 inf
R 83 18 -1 inf
R 83 19 -1 inf
R 83 20 20 0.0081145189277212725
R 83 21 -1 inf
R 83 22 -1 inf
R 83 23 -1 inf
R 83 24 -1 inf
R 83 25 -1 inf
R 83 26 -1 inf
R 83 27 -1 inf
R 83 28 -1 inf
R 83 29 -1 inf
R 83 30 -1 inf
R 83 31 -1 inf
R 83 32 -1 inf
R 83 33 -1 inf
R 83 34 -1 inf
R 83 35 -1 inf
R 83 36 -1 inf
R 83 37 -1 inf
R 83 38 -1 inf
R 83 39 39 0.0057288874129524485
R 83 40 -1 inf
R 83 41 -1 inf
R 83 42 -1 inf
R 83 43 -1 inf
R 83 44 -1 inf
R 83 45 -1 inf
R 83 46 -1 inf
R 83 47 -1 inf
R 83 48 -1 inf
R 83 49 -1 inf
R 83 50 -1 inf
R 83 51 -1 inf
R 83 52 -1 inf
R 83 53 -1 inf
R 83 54 -1 inf
R 83 55 -1 inf
R 83 56 -1 inf
R 83 57 -1 inf
R 83 58 -1 inf
R 83 59 -1 inf
R 83 60 -1 inf
R 83 61 -1 inf
R 83 62 -1 inf
R 83 63 -1 inf
R 83 64 -1 inf
R 83 65 -1 inf
R 83 66 -1 inf
R 83 67 -1 inf
R 83 68 -1 inf
R 83 69 -1 inf
R 83 70 -1 inf
R 83 71 -1 inf
R 83 72 -1 inf
R 83 73 -1 inf
R 83 74 -1 inf
R 83 75 -1 inf
R 83 76 -1 inf
R 83 77 -1 inf
R 83 78 -1 inf
R 83 79 -1 inf
R 83 80 -1 inf
R 83 81 -1 inf
R 83 82 20 0.016485610717155538
R 83 83 83 0
R 83 84 -1 inf
R 83 85 -1 inf
R 83 86 -1 inf
R 83 87 -1 inf
R 83 88 -1 inf
R 83 89 -1 inf
R 83 90 -1 inf
R 83 91 20 0.023769880659193509
R 83 92 -1 inf
R 83 93 -1 inf
R 83 94 -1 inf
R 83 95 -1 inf
R 83 96 -1 inf
R 83 97 -1 inf
R 83 98 -1 inf
R 83 99 -1 inf
R 84 0 48 0.084066078011508547
R 84 1 -1 inf
R 84 2 -1 inf
R 84 3 -1 inf
R 84 4 -1 inf
R 84 5 -1 inf
R 84 6 48 0.043135509338264169
R 84 7 -1 inf
R 84 8 48 0.060843256421265549
R 84 9 48 0.06630321901536812
R 84 10 48 0.060002898920071678
R 84 11 -1 inf
R 84 12 -1 inf
R 84 13 -1 inf
R 84 14 -1 inf
R 84 15 -1 inf
R 84 16 -1 inf
R 84 17 48 0.066671178209678689
R 84 18 48 0.053963339943646924
R 84 19 -1 inf
R 84 20 -1 inf
R 84 21 -1 inf
R 84 22 -1 inf
R 84 23 -1 inf
R 84 24 -1 inf
R 84 25 -1 inf
R 84 26 48 0.066755098084847836
R 84 27 48 0.047294744042906525
R 84 28 48 0.041527970866805035
R 84 29 48 0.044569476583607937
R 84 30 -1 inf
R 84 31 -1 inf
R 84 32 -1 inf
R 84 33 -1 inf
R 84 34 -1 inf
R 84 35 48 0.068882203590601515
R 84 36 48 0.051696993629666843
R 84 37 48 0.033995744991676111
R 84 38 48 0.028927796012461683
R 84 39 -1 inf
R 84 40 -1 inf
R 84 41 -1 inf
R 84 42 -1 inf
R 84 43 -1 inf
R 84 44 -1 inf
R 84 45 48 0.059697939376956305
R 84 46 48 0.038182370284054024
R 84 47 48 0.020545488482519546
R 84 48 48 0.0034788699015857864
R 84 49 -1 inf
R 84 50 -1 inf
R 84 51 -1 inf
R 84 52 -1 inf
R 84 53 -1 inf
R 84 54 48 0.075179675085293801
R 84 55 48 0.042460344780190382
R 84 56 48 0.024911443247097043
R 84 57 48 0.012673128798710727
R 84 58 48 0.03793984721625264
R 84 59 -1 inf
R 84 60 -1 inf
R 84 61 -1 inf
R 84 62 -1 inf
R 84 63 48 0.09039654650336168
R 84 64 -1 inf
R 84 65 48 0.027526552419484828
R 84 66 48 0.017189136522209925
R 84 67 48 0.026946401460668283
R 84 68 -1 inf
R 84 69 -1 inf
R 84 70 -1 inf
R 84 71 -1 inf
R 84 72 -1 inf
R 84 73 48 0.053779396175319946
R 84 74 48 0.035854578993747478
R 84 75 48 0.011282123566384604
R 84 76 48 0.026294269668084416
R 84 77 48 0.04231766476328426
R 84 78 -1 inf
R 84 79 -1 inf
R 84 80 -1 inf
R 84 81 -1 inf
R 84 82 -1 inf
R 84 83 -1 inf
R 84 84 84 0
R 84 85 48 0.021158975795949716
R 84 86 48 0.040321091863750304
R 84 87 -1 inf
R 84 88 -1 inf
R 84 89 -1 inf
R 84 90 -1 inf
R 84 91 -1 inf
R 84 92 -1 inf
R 84 93 -1 inf
R 84 94 48 0.035709152768907099
R 84 95 48 0.035793462430898593
R 84 96 -1 inf
R 84 97 48 0.069815791588294762
R 84 98 -1 inf
R 84 99 -1 inf
R 85 0 57 0.087239065658868645
R 85 1 -1 inf
R 85 2 -1 inf
R 85 3 -1 inf
R 85 4 -1 inf
R 85 5 -1 inf
R 85 6 67 0.021976533542314446
R 85 7 -1 inf
R 85 8 57 0.064016244068625647
R 85 9 57 0.069476206662728218
R 85 10 57 0.063175886567431783
R 85 11 -1 inf
R 85 12 -1 inf
R 85 13 -1 inf
R 85 14 -1 inf
R 85 15 -1 inf
R 85 16 -1 inf
R 85 17 57 0.069844165857038787
R 85 18 57 0.057136327591007022
R 85 19 -1 inf
R 85 20 -1 inf
R 85 21 -1 inf
R 85 22 -1 inf
R 85 23 -1 inf
R 85 24 -1 inf
R 85 25 -1 inf
R 85 26 57 0.069928085732207934
R 85 27 57 0.050467731690266623
R 85 28 57 0.044700958514165133
R 85 29 57 0.047742464230968049
R 85 30 -1 inf
R 85 31 -1 inf
R 85 32 -1 inf
R 85 33 -1 inf
R 85 34 -1 inf
R 85 35 57 0.072055191237961613
R 85 36 57 0.054869981277026941
R 85 37 57 0.037168732639036209
R 85 38 57 0.032100783659821788
R 85 39 -1 inf
R 85 40 -1 inf
R 85 41 -1 inf
R 85 42 -1 inf
R 85 43 -1 inf
R 85 44 -1 inf
R 85 45 57 0.062870927024316403
R 85 46 57 0.041355357931414122
R 85 47 57 0.023718476129879647
R 85 48 57 0.017680105894363932
R 85 49 -1 inf
R 85 50 -1 inf
R 85 51 -1 inf
R 85 52 -1 inf
R 85 53 -1 inf
R 85 54 57 0.078352662732653899
R 85 55 57 0.04563333242755048
R 85 56 57 0.028084430894457148
R 85 57 57 0.0084858469972389893
R 85 58 67 0.01678087142030292
R 85 59 -1 inf
R 85 60 -1 inf
R 85 61 -1 inf
R 85 62 -1 inf
R 85 63 57 0.093569534150721778
R 85 64 -1 inf
R 85 65 57 0.03069954006684493
R 85 66 57 0.013365553099141251
R 85 67 67 0.0057874256647185681
R 85 68 -1 inf
R 85 69 -1 inf
R 85 70 -1 inf
R 85 71 -1 inf
R 85 72 -1 inf
R 85 73 57 0.056952383822680058
R 85 74 57 0.039027566641107583
R 85 75 57 0.014455111213744706
R 85 76 76 0.0051352938721347021
R 85 77 67 0.021158688967334541
R 85 78 -1 inf
R 85 79 -1 inf
R 85 80 -1 inf
R 85 81 -1 inf
R 85 82 -1 inf
R 85 83 -1 inf
R 85 84 57 0.021158975795949719
R 85 85 85 0
R 85 86 67 0.019162116067800584
R 85 87 -1 inf
R 85 88 -1 inf
R 85 89 -1 inf
R 85 90 -1 inf
R 85 91 -1 inf
R 85 92 -1 inf
R 85 93 -1 inf
R 85 94 67 0.014550176972957383
R 85 95 67 0.014634486634948873
R 85 96 -1 inf
R 85 97 57 0.07298877923565486
R 85 98 -1 inf
R 85 99 -1 inf
R 86 0 95 0.10640118172666925
R 86 1 -1 inf
R 86 2 -1 inf
R 86 3 -1 inf
R 86 4 -1 inf
R 86 5 -1 inf
R 86 6 6 0.0067878367571062442
R 86 7 -1 inf
R 86 8 95 0.083178360136426238
R 86 9 95 0.088638322730528823
R 86 10 95 0.08233800263523236
R 86 11 -1 inf
R 86 12 -1 inf
R 86 13 -1 inf
R 86 14 -1 inf
R 86 15 -1 inf
R 86 16 -1 inf
R 86 17 95 0.089006281924839378
R 86 18 95 0.076298443658807613
R 86 19 -1 inf
R 86 20 -1 inf
R 86 21 -1 inf
R 86 22 -1 inf
R 86 23 -1 inf
R 86 24 -1 inf
R 86 25 -1 inf
R 86 26 95 0.089090201800008526
R 86 27 95 0.069629847758067215
R 86 28 95 0.063863074581965718
R 86 29 95 0.066904580298768626
R 86 30 -1 inf
R 86 31 -1 inf
R 86 32 -1 inf
R 86 33 -1 inf
R 86 34 -1 inf
R 86 35 95 0.091217307305762205
R 86 36 95 0.074032097344827533
R 86 37 95 0.0563308487068368
R 86 38 95 0.051262899727622373
R 86 39 -1 inf
R 86 40 -1 inf
R 86 41 -1 inf
R 86 42 -1 inf
R 86 43 -1 inf
R 86 44 -1 inf
R 86 45 95 0.082033043092116995
R 86 46 95 0.060517473999214713
R 86 47 95 0.042880592197680235
R 86 48 95 0.036842221962164516
R 86 49 -1 inf
R 86 50 -1 inf
R 86 51 -1 inf
R 86 52 -1 inf
R 86 53 -1 inf
R 86 54 95 0.097514778800454505
R 86 55 95 0.064795448495351071
R 86 56 95 0.047246546962257732
R 86 57 95 0.027647963065039576
R 86 58 95 0.024368136158666374
R 86 59 -1 inf
R 86 60 -1 inf
R 86 61 -1 inf
R 86 62 -1 inf
R 86 63 95 0.11273165021852238
R 86 64 -1 inf
R 86 65 95 0.049861656134645521
R 86 66 95 0.032527669166941837
R 86 67 95 0.013374690403082019
R 86 68 -1 inf
R 86 69 -1 inf
R 86 70 -1 inf
R 86 71 -1 inf
R 86 72 -1 inf
R 86 73 95 0.076114499890480636
R 86 74 95 0.058189682708908168
R 86 75 95 0.033617227281545294
R 86 76 95 0.018975988716074876
R 86 77 77 0.0064261889317229976
R 86 78 -1 inf
R 86 79 -1 inf
R 86 80 -1 inf
R 86 81 -1 inf
R 86 82 -1 inf
R 86 83 -1 inf
R 86 84 95 0.040321091863750304
R 86 85 95 0.019162116067800588
R 86 86 86 0
R 86 87 -1 inf
R 86 88 -1 inf
R 86 89 -1 inf
R 86 90 -1 inf
R 86 91 -1 inf
R 86 92 -1 inf
R 86 93 -1 inf
R 86 94 95 0.022137441711320836
R 86 95 95 0.0045276294328517128
R 86 96 -1 inf
R 86 97 95 0.092150895303455452
R 86 98 -1 inf
R 86 99 -1 inf
R 87 0 -1 inf
R 87 1 -1 inf
R 87 2 -1 inf
R 87 3 -1 inf
R 87 4 -1 inf
R 87 5 -1 inf
R 87 6 -1 inf
R 87 7 7 0.0086494235602903972
R 87 8 -1 inf
R 87 9 -1 inf
R 87 10 -1 inf
R 87 11 -1 inf
R 87 12 -1 inf
R 87 13 -1 inf
R 87 14 -1 inf
R 87 15 -1 inf
R 87 16 16 0.0040020179701038116
R 87 17 -1 inf
R 87 18 -1 inf
R 87 19 -1 inf
R 87 20 -1 inf
R 87 21 -1 inf
R 87 22 -1 inf
R 87 23 -1 inf
R 87 24 -1 inf
R 87 25 25 0.0083631714810405138
R 87 26 -1 inf
R 87 27 -1 inf
R 87 28 -1 inf
R 87 29 -1 inf
R 87 30 -1 inf
R 87 31 -1 inf
R 87 32 -1 inf
R 87 33 -1 inf
R 87 34 25 0.022217063317397069
R 87 35 -1 inf
R 87 36 -1 inf
R 87 37 -1 inf
R 87 38 -1 inf
R 87 39 -1 inf
R 87 40 -1 inf
R 87 41 -1 inf
R 87 42 -1 inf
R 87 43 -1 inf
R 87 44 -1 inf
R 87 45 -1 inf
R 87 46 -1 inf
R 87 47 -1 inf
R 87 48 -1 inf
R 87 49 -1 inf
R 87 50 -1 inf
R 87 51 -1 inf
R 87 52 -1 inf
R 87 53 -1 inf
R 87 54 -1 inf
R 87 55 -1 inf
R 87 56 -1 inf
R 87 57 -1 inf
R 87 58 -1 inf
R 87 59 -1 inf
R 87 60 -1 inf
R 87 61 -1 inf
R 87 62 -1 inf
R 87 63 -1 inf
R 87 64 -1 inf
R 87 65 -1 inf
R 87 66 -1 inf
R 87 67 -1 inf
R 87 68 -1 inf
R 87 69 -1 inf
R 87 70 -1 inf
R 87 71 -1 inf
R 87 72 -1 inf
R 87 73 -1 inf
R 87 74 -1 inf
R 87 75 -1 inf
R 87 76 -1 inf
R 87 77 -1 inf
R 87 78 -1 inf
R 87 79 -1 inf
R 87 80 -1 inf
R 87 81 -1 inf
R 87 82 -1 inf
R 87 83 -1 inf
R 87 84 -1 inf
R 87 85 -1 inf
R 87 86 -1 inf
R 87 87 87 0
R 87 88 25 0.016498547169573184
R 87 89 -1 inf
R 87 90 -1 inf
R 87 91 -1 inf
R 87 92 -1 inf
R 87 93 -1 inf
R 87 94 -1 inf
R 87 95 -1 inf
R 87 96 96 0.0072877319204365763
R 87 97 -1 inf
R 87 98 -1 inf
R 87 99 -1 inf
R 88 0 -1 inf
R 88 1 -1 inf
R 88 2 -1 inf
R 88 3 -1 inf
R 88 4 -1 inf
R 88 5 -1 inf
R 88 6 -1 inf
R 88 7 25 0.025147970729863581
R 88 8 -1 inf
R 88 9 -1 inf
R 88 10 -1 inf
R 88 11 -1 inf
R 88 12 -1 inf
R 88 13 -1 inf
R 88 14 -1 inf
R 88 15 -1 inf
R 88 16 25 0.020500565139676998
R 88 17 -1 inf
R 88 18 -1 inf
R 88 19 -1 inf
R 88 20 -1 inf
R 88 21 -1 inf
R 88 22 -1 inf
R 88 23 -1 inf
R 88 24 -1 inf
R 88 25 25 0.0081353756885326686
R 88 26 -1 inf
R 88 27 -1 inf
R 88 28 -1 inf
R 88 29 -1 inf
R 88 30 -1 inf
R 88 31 -1 inf
R 88 32 -1 inf
R 88 33 -1 inf
R 88 34 34 0.0057185161478238867
R 88 35 -1 inf
R 88 36 -1 inf
R 88 37 -1 inf
R 88 38 -1 inf
R 88 39 -1 inf
R 88 40 -1 inf
R 88 41 -1 inf
R 88 42 -1 inf
R 88 43 -1 inf
R 88 44 -1 inf
R 88 45 -1 inf
R 88 46 -1 inf
R 88 47 -1 inf
R 88 48 -1 inf
R 88 49 -1 inf
R 88 50 -1 inf
R 88 51 -1 inf
R 88 52 -1 inf
R 88 53 -1 inf
R 88 54 -1 inf
R 88 55 -1 inf
R 88 56 -1 inf
R 88 57 -1 inf
R 88 58 -1 inf
R 88 59 -1 inf
R 88 60 -1 inf
R 88 61 -1 inf
R 88 62 -1 inf
R 88 63 -1 inf
R 88 64 -1 inf
R 88 65 -1 inf
R 88 66 -1 inf
R 88 67 -1 inf
R 88 68 -1 inf
R 88 69 -1 inf
R 88 70 -1 inf
R 88 71 -1 inf
R 88 72 -1 inf
R 88 73 -1 inf
R 88 74 -1 inf
R 88 75 -1 inf
R 88 76 -1 inf
R 88 77 -1 inf
R 88 78 -1 inf
R 88 79 -1 inf
R 88 80 -1 inf
R 88 81 -1 inf
R 88 82 -1 inf
R 88 83 -1 inf
R 88 84 -1 inf
R 88 85 -1 inf
R 88 86 -1 inf
R 88 87 25 0.016498547169573184
R 88 88 88 0
R 88 89 -1 inf
R 88 90 -1 inf
R 88 91 -1 inf
R 88 92 -1 inf
R 88 93 -1 inf
R 88 94 -1 inf
R 88 95 -1 inf
R 88 96 25 0.023786279090009761
R 88 97 -1 inf
R 88 98 -1 inf
R 88 99 -1 inf
R 89 0 -1 inf
R 89 1 43 0.043142698011936556
R 89 2 -1 inf
R 89 3 43 0.060840884869589933
R 89 4 43 0.066270632650440447
R 89 5 43 0.084049216004580443
R 89 6 -1 inf
R 89 7 -1 inf
R 89 8 -1 inf
R 89 9 -1 inf
R 89 10 -1 inf
R 89 11 -1 inf
R 89 12 43 0.066661932420025216
R 89 13 43 0.053951548794304485
R 89 14 -1 inf
R 89 15 43 0.060047143067389439
R 89 16 -1 inf
R 89 17 -1 inf
R 89 18 -1 inf
R 89 19 -1 inf
R 89 20 -1 inf
R 89 21 43 0.066732196712340527
R 89 22 43 0.047287873610124057
R 89 23 43 0.04152338783719639
R 89 24 43 0.044590235141762496
R 89 25 -1 inf
R 89 26 -1 inf
R 89 27 -1 inf
R 89 28 -1 inf
R 89 29 -1 inf
R 89 30 43 0.068858379539690373
R 89 31 43 0.051676859666969922
R 89 32 43 0.033994026706119146
R 89 33 43 0.028926547097616717
R 89 34 -1 inf
R 89 35 -1 inf
R 89 36 -1 inf
R 89 37 -1 inf
R 89 38 -1 inf
R 89 39 -1 inf
R 89 40 43 0.059661971966192336
R 89 41 43 0.038167993258805655
R 89 42 43 0.020544881348899896
R 89 43 43 0.003481443277620417
R 89 44 -1 inf
R 89 45 -1 inf
R 89 46 -1 inf
R 89 47 -1 inf
R 89 48 -1 inf
R 89 49 -1 inf
R 89 50 43 0.042436193815000668
R 89 51 43 0.024899577126949547
R 89 52 43 0.012677469412147414
R 89 53 43 0.037932942000611355
R 89 54 -1 inf
R 89 55 -1 inf
R 89 56 -1 inf
R 89 57 -1 inf
R 89 58 -1 inf
R 89 59 43 0.075169666401111085
R 89 60 43 0.027503665168535422
R 89 61 43 0.017163862766883545
R 89 62 43 0.026945829826941471
R 89 63 -1 inf
R 89 64 -1 inf
R 89 65 -1 inf
R 89 66 -1 inf
R 89 67 -1 inf
R 89 68 43 0.090408783205240303
R 89 69 -1 inf
R 89 70 43 0.011271220294832627
R 89 71 43 0.026301409062915844
R 89 72 43 0.042317355241590839
R 89 73 -1 inf
R 89 74 -1 inf
R 89 75 -1 inf
R 89 76 -1 inf
R 89 77 -1 inf
R 89 78 43 0.053795081624365887
R 89 79 43 0.035849428670202639
R 89 80 43 0.021179793414763285
R 89 81 43 0.040325249952554001
R 89 82 -1 inf
R 89 83 -1 inf
R 89 84 -1 inf
R 89 85 -1 inf
R 89 86 -1 inf
R 89 87 -1 inf
R 89 88 -1 inf
R 89 89 89 0
R 89 90 43 0.035810966668647956
R 89 91 -1 inf
R 89 92 43 0.069820807906637333
R 89 93 -1 inf
R 89 94 -1 inf
R 89 95 -1 inf
R 89 96 -1 inf
R 89 97 -1 inf
R 89 98 -1 inf
R 89 99 43 0.035687277575492199
R 90 0 -1 inf
R 90 1 1 0.0073317313432885991
R 90 2 -1 inf
R 90 3 62 0.078649764128006283
R 90 4 62 0.084079511908856777
R 90 5 62 0.10185809526299677
R 90 6 -1 inf
R 90 7 -1 inf
R 90 8 -1 inf
R 90 9 -1 inf
R 90 10 -1 inf
R 90 11 -1 inf
R 90 12 62 0.08447081167844156
R 90 13 62 0.071760428052720829
R 90 14 -1 inf
R 90 15 62 0.077856022325805782
R 90 16 -1 inf
R 90 17 -1 inf
R 90 18 -1 inf
R 90 19 -1 inf
R 90 20 -1 inf
R 90 21 62 0.084541075970756885
R 90 22 62 0.0650967528685404
R 90 23 62 0.059332267095612727
R 90 24 62 0.06239911440017884
R 90 25 -1 inf
R 90 26 -1 inf
R 90 27 -1 inf
R 90 28 -1 inf
R 90 29 -1 inf
R 90 30 62 0.086667258798106717
R 90 31 62 0.069485738925386273
R 90 32 62 0.051802905964535483
R 90 33 62 0.046735426356033054
R 90 34 -1 inf
R 90 35 -1 inf
R 90 36 -1 inf
R 90 37 -1 inf
R 90 38 -1 inf
R 90 39 -1 inf
R 90 40 62 0.077470851224608672
R 90 41 62 0.055976872517221998
R 90 42 62 0.038353760607316233
R 90 43 62 0.032329523391027536
R 90 44 -1 inf
R 90 45 -1 inf
R 90 46 -1 inf
R 90 47 -1 inf
R 90 48 -1 inf
R 90 49 -1 inf
R 90 50 62 0.060245073073417005
R 90 51 62 0.042708456385365884
R 90 52 62 0.023133497256500539
R 90 53 62 0.019852249015376369
R 90 54 -1 inf
R 90 55 -1 inf
R 90 56 -1 inf
R 90 57 -1 inf
R 90 58 -1 inf
R 90 59 62 0.092978545659527415
R 90 60 62 0.045312544426951762
R 90 61 62 0.028003832218781045
R 90 62 62 0.0088651368417064814
R 90 63 -1 inf
R 90 64 -1 inf
R 90 65 -1 inf
R 90 66 -1 inf
R 90 67 -1 inf
R 90 68 62 0.10821766246365663
R 90 69 -1 inf
R 90 70 62 0.029080099553248966
R 90 71 62 0.01445901321911619
R 90 72 72 0.0065063885729428807
R 90 73 -1 inf
R 90 74 -1 inf
R 90 75 -1 inf
R 90 76 -1 inf
R 90 77 -1 inf
R 90 78 62 0.07160396088278223
R 90 79 62 0.053658307928618976
R 90 80 62 0.014631173253884669
R 90 81 81 0.0045142832839060471
R 90 82 -1 inf
R 90 83 -1 inf
R 90 84 -1 inf
R 90 85 -1 inf
R 90 86 -1 inf
R 90 87 -1 inf
R 90 88 -1 inf
R 90 89 62 0.035810966668647956
R 90 90 90 0
R 90 91 -1 inf
R 90 92 62 0.087629687165053677
R 90 93 -1 inf
R 90 94 -1 inf
R 90 95 -1 inf
R 90 96 -1 inf
R 90 97 -1 inf
R 90 98 -1 inf
R 90 99 62 0.017606584590257213
R 91 0 -1 inf
R 91 1 -1 inf
R 91 2 2 0.00378757278789533
R 91 3 -1 inf
R 91 4 -1 inf
R 91 5 -1 inf
R 91 6 -1 inf
R 91 7 -1 inf
R 91 8 -1 inf
R 91 9 -1 inf
R 91 10 -1 inf
R 91 11 11 0.0046756420848492863
R 91 12 -1 inf
R 91 13 -1 inf
R 91 14 -1 inf
R 91 15 -1 inf
R 91 16 -1 inf
R 91 17 -1 inf
R 91 18 -1 inf
R 91 19 -1 inf
R 91 20 82 0.015655361731472237
R 91 21 -1 inf
R 91 22 -1 inf
R 91 23 -1 inf
R 91 24 -1 inf
R 91 25 -1 inf
R 91 26 -1 inf
R 91 27 -1 inf
R 91 28 -1 inf
R 91 29 -1 inf
R 91 30 -1 inf
R 91 31 -1 inf
R 91 32 -1 inf
R 91 33 -1 inf
R 91 34 -1 inf
R 91 35 -1 inf
R 91 36 -1 inf
R 91 37 -1 inf
R 91 38 -1 inf
R 91 39 82 0.029498768072145957
R 91 40 -1 inf
R 91 41 -1 inf
R 91 42 -1 inf
R 91 43 -1 inf
R 91 44 -1 inf
R 91 45 -1 inf
R 91 46 -1 inf
R 91 47 -1 inf
R 91 48 -1 inf
R 91 49 -1 inf
R 91 50 -1 inf
R 91 51 -1 inf
R 91 52 -1 inf
R 91 53 -1 inf
R 91 54 -1 inf
R 91 55 -1 inf
R 91 56 -1 inf
R 91 57 -1 inf
R 91 58 -1 inf
R 91 59 -1 inf
R 91 60 -1 inf
R 91 61 -1 inf
R 91 62 -1 inf
R 91 63 -1 inf
R 91 64 -1 inf
R 91 65 -1 inf
R 91 66 -1 inf
R 91 67 -1 inf
R 91 68 -1 inf
R 91 69 -1 inf
R 91 70 -1 inf
R 91 71 -1 inf
R 91 72 -1 inf
R 91 73 -1 inf
R 91 74 -1 inf
R 91 75 -1 inf
R 91 76 -1 inf
R 91 77 -1 inf
R 91 78 -1 inf
R 91 79 -1 inf
R 91 80 -1 inf
R 91 81 -1 inf
R 91 82 82 0.0072842699420379705
R 91 83 82 0.023769880659193509
R 91 84 -1 inf
R 91 85 -1 inf
R 91 86 -1 inf
R 91 87 -1 inf
R 91 88 -1 inf
R 91 89 -1 inf
R 91 90 -1 inf
R 91 91 91 0
R 91 92 -1 inf
R 91 93 -1 inf
R 91 94 -1 inf
R 91 95 -1 inf
R 91 96 -1 inf
R 91 97 -1 inf
R 91 98 -1 inf
R 91 99 -1 inf
R 92 0 -1 inf
R 92 1 3 0.094961418508342249
R 92 2 -1 inf
R 92 3 3 0.0089799230370473937
R 92 4 3 0.033202252769039119
R 92 5 3 0.050980836123179121
R 92 6 -1 inf
R 92 7 -1 inf
R 92 8 -1 inf
R 92 9 -1 inf
R 92 10 -1 inf
R 92 11 -1 inf
R 92 12 21 0.011809352727118357
R 92 13 3 0.024987091197685232
R 92 14 -1 inf
R 92 15 3 0.088315858195191874
R 92 16 -1 inf
R 92 17 -1 inf
R 92 18 -1 inf
R 92 19 -1 inf
R 92 20 -1 inf
R 92 21 21 0.0068812686707099687
R 92 22 3 0.02253293429651327
R 92 23 3 0.039951422473029768
R 92 24 3 0.072858950269564932
R 92 25 -1 inf
R 92 26 -1 inf
R 92 27 -1 inf
R 92 28 -1 inf
R 92 29 -1 inf
R 92 30 30 0.0060419371022249471
R 92 31 3 0.018143948239667404
R 92 32 3 0.035826781200518173
R 92 33 3 0.057195262225419145
R 92 34 -1 inf
R 92 35 -1 inf
R 92 36 -1 inf
R 92 37 -1 inf
R 92 38 -1 inf
R 92 39 -1 inf
R 92 40 3 0.026593592084791007
R 92 41 3 0.031652814647831665
R 92 42 3 0.049275926557737423
R 92 43 3 0.066339364629016906
R 92 44 -1 inf
R 92 45 -1 inf
R 92 46 -1 inf
R 92 47 -1 inf
R 92 48 -1 inf
R 92 49 -1 inf
R 92 50 3 0.039254672729653856
R 92 51 3 0.044921230779687772
R 92 52 3 0.064496189908553117
R 92 53 3 0.089751662497017062
R 92 54 -1 inf
R 92 55 -1 inf
R 92 56 -1 inf
R 92 57 -1 inf
R 92 58 -1 inf
R 92 59 3 0.042101286519709763
R 92 60 3 0.051659095027610791
R 92 61 3 0.064442230083855606
R 92 62 3 0.078764550323347171
R 92 63 -1 inf
R 92 64 -1 inf
R 92 65 -1 inf
R 92 66 -1 inf
R 92 67 -1 inf
R 92 68 3 0.057340403323838988
R 92 69 -1 inf
R 92 70 3 0.05854958761180469
R 92 71 3 0.078120129559321544
R 92 72 3 0.094136075737996525
R 92 73 -1 inf
R 92 74 -1 inf
R 92 75 -1 inf
R 92 76 -1 inf
R 92 77 -1 inf
R 92 78 3 0.082063796752168322
R 92 79 3 0.064118143798005067
R 92 80 3 0.072998513911168988
R 92 81 3 0.092143970448959694
R 92 82 -1 inf
R 92 83 -1 inf
R 92 84 -1 inf
R 92 85 -1 inf
R 92 86 -1 inf
R 92 87 -1 inf
R 92 88 -1 inf
R 92 89 3 0.069820807906637319
R 92 90 3 0.087629687165053649
R 92 91 -1 inf
R 92 92 92 0
R 92 93 -1 inf
R 92 94 -1 inf
R 92 95 -1 inf
R 92 96 -1 inf
R 92 97 -1 inf
R 92 98 -1 inf
R 92 99 3 0.087505998071897906
R 93 0 -1 inf
R 93 1 -1 inf
R 93 2 -1 inf
R 93 3 -1 inf
R 93 4 -1 inf
R 93 5 -1 inf
R 93 6 -1 inf
R 93 7 -1 inf
R 93 8 -1 inf
R 93 9 -1 inf
R 93 10 -1 inf
R 93 11 -1 inf
R 93 12 -1 inf
R 93 13 -1 inf
R 93 14 -1 inf
R 93 15 -1 inf
R 93 16 -1 inf
R 93 17 -1 inf
R 93 18 -1 inf
R 93 19 -1 inf
R 93 20 -1 inf
R 93 21 -1 inf
R 93 22 -1 inf
R 93 23 -1 inf
R 93 24 -1 inf
R 93 25 -1 inf
R 93 26 -1 inf
R 93 27 -1 inf
R 93 28 -1 inf
R 93 29 -1 inf
R 93 30 -1 inf
R 93 31 -1 inf
R 93 32 -1 inf
R 93 33 -1 inf
R 93 34 -1 inf
R 93 35 -1 inf
R 93 36 -1 inf
R 93 37 -1 inf
R 93 38 -1 inf
R 93 39 -1 inf
R 93 40 -1 inf
R 93 41 -1 inf
R 93 42 -1 inf
R 93 43 -1 inf
R 93 44 -1 inf
R 93 45 -1 inf
R 93 46 -1 inf
R 93 47 -1 inf
R 93 48 -1 inf
R 93 49 49 0.0029276683615337457
R 93 50 -1 inf
R 93 51 -1 inf
R 93 52 -1 inf
R 93 53 -1 inf
R 93 54 -1 inf
R 93 55 -1 inf
R 93 56 -1 inf
R 93 57 -1 inf
R 93 58 -1 inf
R 93 59 -1 inf
R 93 60 -1 inf
R 93 61 -1 inf
R 93 62 -1 inf
R 93 63 -1 inf
R 93 64 -1 inf
R 93 65 -1 inf
R 93 66 -1 inf
R 93 67 -1 inf
R 93 68 -1 inf
R 93 69 -1 inf
R 93 70 -1 inf
R 93 71 -1 inf
R 93 72 -1 inf
R 93 73 -1 inf
R 93 74 -1 inf
R 93 75 -1 inf
R 93 76 -1 inf
R 93 77 -1 inf
R 93 78 -1 inf
R 93 79 -1 inf
R 93 80 -1 inf
R 93 81 -1 inf
R 93 82 -1 inf
R 93 83 -1 inf
R 93 84 -1 inf
R 93 85 -1 inf
R 93 86 -1 inf
R 93 87 -1 inf
R 93 88 -1 inf
R 93 89 -1 inf
R 93 90 -1 inf
R 93 91 -1 inf
R 93 92 -1 inf
R 93 93 93 0
R 93 94 -1 inf
R 93 95 -1 inf
R 93 96 -1 inf
R 93 97 -1 inf
R 93 98 -1 inf
R 93 99 -1 inf
R 94 0 67 0.10178924263182602
R 94 1 -1 inf
R 94 2 -1 inf
R 94 3 -1 inf
R 94 4 -1 inf
R 94 5 -1 inf
R 94 6 67 0.024951859185834695
R 94 7 -1 inf
R 94 8 67 0.078566421041583026
R 94 9 67 0.084026383635685598
R 94 10 67 0.077726063540389162
R 94 11 -1 inf
R 94 12 -1 inf
R 94 13 -1 inf
R 94 14 -1 inf
R 94 15 -1 inf
R 94 16 -1 inf
R 94 17 67 0.084394342829996166
R 94 18 67 0.071686504563964401
R 94 19 -1 inf
R 94 20 -1 inf
R 94 21 -1 inf
R 94 22 -1 inf
R 94 23 -1 inf
R 94 24 -1 inf
R 94 25 -1 inf
R 94 26 67 0.084478262705165313
R 94 27 67 0.065017908663224003
R 94 28 67 0.059251135487122512
R 94 29 67 0.062292641203925428
R 94 30 -1 inf
R 94 31 -1 inf
R 94 32 -1 inf
R 94 33 -1 inf
R 94 34 -1 inf
R 94 35 67 0.086605368210918993
R 94 36 67 0.069420158249984321
R 94 37 67 0.051718909611993588
R 94 38 67 0.046650960632779168
R 94 39 -1 inf
R 94 40 -1 inf
R 94 41 -1 inf
R 94 42 -1 inf
R 94 43 -1 inf
R 94 44 -1 inf
R 94 45 67 0.077421103997273782
R 94 46 67 0.055905534904371501
R 94 47 67 0.03826865310283703
R 94 48 67 0.032230282867321311
R 94 49 -1 inf
R 94 50 -1 inf
R 94 51 -1 inf
R 94 52 -1 inf
R 94 53 -1 inf
R 94 54 67 0.092902839705611279
R 94 55 67 0.060183509400507859
R 94 56 67 0.042634607867414527
R 94 57 67 0.02303602397019637
R 94 58 58 0.0022306944473455387
R 94 59 -1 inf
R 94 60 -1 inf
R 94 61 -1 inf
R 94 62 -1 inf
R 94 63 67 0.10811971112367916
R 94 64 -1 inf
R 94 65 67 0.045249717039802316
R 94 66 67 0.027915730072098632
R 94 67 67 0.0087627513082388156
R 94 68 -1 inf
R 94 69 -1 inf
R 94 70 -1 inf
R 94 71 -1 inf
R 94 72 -1 inf
R 94 73 67 0.071502560795637438
R 94 74 67 0.053577743614064963
R 94 75 67 0.029005288186702088
R 94 76 67 0.014364049621231674
R 94 77 67 0.024134014610854786
R 94 78 -1 inf
R 94 79 -1 inf
R 94 80 -1 inf
R 94 81 -1 inf
R 94 82 -1 inf
R 94 83 -1 inf
R 94 84 67 0.035709152768907099
R 94 85 67 0.014550176972957383
R 94 86 67 0.022137441711320836
R 94 87 -1 inf
R 94 88 -1 inf
R 94 89 -1 inf
R 94 90 -1 inf
R 94 91 -1 inf
R 94 92 -1 inf
R 94 93 -1 inf
R 94 94 94 0
R 94 95 67 0.017609812278469122
R 94 96 -1 inf
R 94 97 67 0.08753895620861224
R 94 98 -1 inf
R 94 99 -1 inf
R 95 0 67 0.10187355229381752
R 95 1 -1 inf
R 95 2 -1 inf
R 95 3 -1 inf
R 95 4 -1 inf
R 95 5 -1 inf
R 95 6 6 0.0073420469073655729
R 95 7 -1 inf
R 95 8 67 0.07865073070357452
R 95 9 67 0.084110693297677092
R 95 10 67 0.077810373202380656
R 95 11 -1 inf
R 95 12 -1 inf
R 95 13 -1 inf
R 95 14 -1 inf
R 95 15 -1 inf
R 95 16 -1 inf
R 95 17 67 0.08447865249198766
R 95 18 67 0.071770814225955895
R 95 19 -1 inf
R 95 20 -1 inf
R 95 21 -1 inf
R 95 22 -1 inf
R 95 23 -1 inf
R 95 24 -1 inf
R 95 25 -1 inf
R 95 26 67 0.084562572367156807
R 95 27 67 0.065102218325215497
R 95 28 67 0.059335445149114006
R 95 29 67 0.062376950865916922
R 95 30 -1 inf
R 95 31 -1 inf
R 95 32 -1 inf
R 95 33 -1 inf
R 95 34 -1 inf
R 95 35 67 0.086689677872910487
R 95 36 67 0.069504467911975815
R 95 37 67 0.051803219273985082
R 95 38 67 0.046735270294770662
R 95 39 -1 inf
R 95 40 -1 inf
R 95 41 -1 inf
R 95 42 -1 inf
R 95 43 -1 inf
R 95 44 -1 inf
R 95 45 67 0.077505413659265276
R 95 46 67 0.055989844566362995
R 95 47 67 0.038352962764828524
R 95 48 67 0.032314592529312805
R 95 49 -1 inf
R 95 50 -1 inf
R 95 51 -1 inf
R 95 52 -1 inf
R 95 53 -1 inf
R 95 54 67 0.092987149367602773
R 95 55 67 0.060267819062499353
R 95 56 67 0.042718917529406021
R 95 57 67 0.023120333632187864
R 95 58 67 0.019840506725814659
R 95 59 -1 inf
R 95 60 -1 inf
R 95 61 -1 inf
R 95 62 -1 inf
R 95 63 67 0.10820402078567065
R 95 64 -1 inf
R 95 65 67 0.04533402670179381
R 95 66 67 0.028000039734090126
R 95 67 67 0.0088470609702303062
R 95 68 -1 inf
R 95 69 -1 inf
R 95 70 -1 inf
R 95 71 -1 inf
R 95 72 -1 inf
R 95 73 67 0.071586870457628932
R 95 74 67 0.053662053276056457
R 95 75 67 0.029089597848693582
R 95 76 67 0.014448359283223165
R 95 77 77 0.0065242023323856656
R 95 78 -1 inf
R 95 79 -1 inf
R 95 80 -1 inf
R 95 81 -1 inf
R 95 82 -1 inf
R 95 83 -1 inf
R 95 84 67 0.035793462430898593
R 95 85 67 0.014634486634948873
R 95 86 86 0.0045276294328517128
R 95 87 -1 inf
R 95 88 -1 inf
R 95 89 -1 inf
R 95 90 -1 inf
R 95 91 -1 inf
R 95 92 -1 inf
R 95 93 -1 inf
R 95 94 67 0.017609812278469122
R 95 95 95 0
R 95 96 -1 inf
R 95 97 67 0.087623265870603734
R 95 98 -1 inf
R 95 99 -1 inf
R 96 0 -1 inf
R 96 1 -1 inf
R 96 2 -1 inf
R 96 3 -1 inf
R 96 4 -1 inf
R 96 5 -1 inf
R 96 6 -1 inf
R 96 7 7 0.0037807687017086884
R 96 8 -1 inf
R 96 9 -1 inf
R 96 10 -1 inf
R 96 11 -1 inf
R 96 12 -1 inf
R 96 13 -1 inf
R 96 14 -1 inf
R 96 15 -1 inf
R 96 16 16 0.0046809521034295778
R 96 17 -1 inf
R 96 18 -1 inf
R 96 19 -1 inf
R 96 20 -1 inf
R 96 21 -1 inf
R 96 22 -1 inf
R 96 23 -1 inf
R 96 24 -1 inf
R 96 25 87 0.015650903401477088
R 96 26 -1 inf
R 96 27 -1 inf
R 96 28 -1 inf
R 96 29 -1 inf
R 96 30 -1 inf
R 96 31 -1 inf
R 96 32 -1 inf
R 96 33 -1 inf
R 96 34 87 0.029504795237833642
R 96 35 -1 inf
R 96 36 -1 inf
R 96 37 -1 inf
R 96 38 -1 inf
R 96 39 -1 inf
R 96 40 -1 inf
R 96 41 -1 inf
R 96 42 -1 inf
R 96 43 -1 inf
R 96 44 -1 inf
R 96 45 -1 inf
R 96 46 -1 inf
R 96 47 -1 inf
R 96 48 -1 inf
R 96 49 -1 inf
R 96 50 -1 inf
R 96 51 -1 inf
R 96 52 -1 inf
R 96 53 -1 inf
R 96 54 -1 inf
R 96 55 -1 inf
R 96 56 -1 inf
R 96 57 -1 inf
R 96 58 -1 inf
R 96 59 -1 inf
R 96 60 -1 inf
R 96 61 -1 inf
R 96 62 -1 inf
R 96 63 -1 inf
R 96 64 -1 inf
R 96 65 -1 inf
R 96 66 -1 inf
R 96 67 -1 inf
R 96 68 -1 inf
R 96 69 -1 inf
R 96 70 -1 inf
R 96 71 -1 inf
R 96 72 -1 inf
R 96 73 -1 inf
R 96 74 -1 inf
R 96 75 -1 inf
R 96 76 -1 inf
R 96 77 -1 inf
R 96 78 -1 inf
R 96 79 -1 inf
R 96 80 -1 inf
R 96 81 -1 inf
R 96 82 -1 inf
R 96 83 -1 inf
R 96 84 -1 inf
R 96 85 -1 inf
R 96 86 -1 inf
R 96 87 87 0.0072877319204365763
R 96 88 87 0.023786279090009757
R 96 89 -1 inf
R 96 90 -1 inf
R 96 91 -1 inf
R 96 92 -1 inf
R 96 93 -1 inf
R 96 94 -1 inf
R 96 95 -1 inf
R 96 96 96 0
R 96 97 -1 inf
R 96 98 -1 inf
R 96 99 -1 inf
R 97 0 8 0.050955095987598148
R 97 1 -1 inf
R 97 2 -1 inf
R 97 3 -1 inf
R 97 4 -1 inf
R 97 5 -1 inf
R 97 6 8 0.09496531277796931
R 97 7 -1 inf
R 97 8 8 0.0089725351670292101
R 97 9 8 0.033192236991457721
R 97 10 8 0.088289032708280812
R 97 11 -1 inf
R 97 12 -1 inf
R 97 13 -1 inf
R 97 14 -1 inf
R 97 15 -1 inf
R 97 16 -1 inf
R 97 17 26 0.011818642617542207
R 97 18 8 0.024978621291367804
R 97 19 -1 inf
R 97 20 -1 inf
R 97 21 -1 inf
R 97 22 -1 inf
R 97 23 -1 inf
R 97 24 -1 inf
R 97 25 -1 inf
R 97 26 26 0.0068769996253677393
R 97 27 8 0.022521047545388233
R 97 28 8 0.039944961239195505
R 97 29 8 0.072855610371817064
R 97 30 -1 inf
R 97 31 -1 inf
R 97 32 -1 inf
R 97 33 -1 inf
R 97 34 -1 inf
R 97 35 35 0.0060222707373297109
R 97 36 8 0.018118797958627919
R 97 37 8 0.035820046596618652
R 97 38 8 0.057213929800670804
R 97 39 -1 inf
R 97 40 -1 inf
R 97 41 -1 inf
R 97 42 -1 inf
R 97 43 -1 inf
R 97 44 -1 inf
R 97 45 8 0.026586957353045899
R 97 46 8 0.031633421304240739
R 97 47 8 0.049270303105775216
R 97 48 8 0.066336921686708974
R 97 49 -1 inf
R 97 50 -1 inf
R 97 51 -1 inf
R 97 52 -1 inf
R 97 53 -1 inf
R 97 54 8 0.042068693061383403
R 97 55 8 0.039252198132369909
R 97 56 8 0.04490434834119772
R 97 57 8 0.064502932238415869
R 97 58 8 0.089769650655957781
R 97 59 -1 inf
R 97 60 -1 inf
R 97 61 -1 inf
R 97 62 -1 inf
R 97 63 8 0.057285564479451281
R 97 64 -1 inf
R 97 65 8 0.051657700505501135
R 97 66 8 0.064440680977735476
R 97 67 8 0.078776204900373431
R 97 68 -1 inf
R 97 69 -1 inf
R 97 70 -1 inf
R 97 71 -1 inf
R 97 72 -1 inf
R 97 73 8 0.082065529963529074
R 97 74 8 0.064140712781956599
R 97 75 8 0.058533668021910158
R 97 76 8 0.078124073107789557
R 97 77 8 0.094147468202989401
R 97 78 -1 inf
R 97 79 -1 inf
R 97 80 -1 inf
R 97 81 -1 inf
R 97 82 -1 inf
R 97 83 -1 inf
R 97 84 8 0.069815791588294762
R 97 85 8 0.07298877923565486
R 97 86 8 0.092150895303455452
R 97 87 -1 inf
R 97 88 -1 inf
R 97 89 -1 inf
R 97 90 -1 inf
R 97 91 -1 inf
R 97 92 -1 inf
R 97 93 -1 inf
R 97 94 8 0.08753895620861224
R 97 95 8 0.087623265870603734
R 97 96 -1 inf
R 97 97 97 0
R 97 98 -1 inf
R 97 99 -1 inf
R 98 0 -1 inf
R 98 1 -1 inf
R 98 2 -1 inf
R 98 3 -1 inf
R 98 4 -1 inf
R 98 5 -1 inf
R 98 6 -1 inf
R 98 7 -1 inf
R 98 8 -1 inf
R 98 9 -1 inf
R 98 10 -1 inf
R 98 11 -1 inf
R 98 12 -1 inf
R 98 13 -1 inf
R 98 14 -1 inf
R 98 15 -1 inf
R 98 16 -1 inf
R 98 17 -1 inf
R 98 18 -1 inf
R 98 19 -1 inf
R 98 20 -1 inf
R 98 21 -1 inf
R 98 22 -1 inf
R 98 23 -1 inf
R 98 24 -1 inf
R 98 25 -1 inf
R 98 26 -1 inf
R 98 27 -1 inf
R 98 28 -1 inf
R 98 29 -1 inf
R 98 30 -1 inf
R 98 31 -1 inf
R 98 32 -1 inf
R 98 33 -1 inf
R 98 34 -1 inf
R 98 35 -1 inf
R 98 36 -1 inf
R 98 37 -1 inf
R 98 38 -1 inf
R 98 39 -1 inf
R 98 40 -1 inf
R 98 41 -1 inf
R 98 42 -1 inf
R 98 43 -1 inf
R 98 44 44 0.0028999853020419538
R 98 45 -1 inf
R 98 46 -1 inf
R 98 47 -1 inf
R 98 48 -1 inf
R 98 49 -1 inf
R 98 50 -1 inf
R 98 51 -1 inf
R 98 52 -1 inf
R 98 53 -1 inf
R 98 54 -1 inf
R 98 55 -1 inf
R 98 56 -1 inf
R 98 57 -1 inf
R 98 58 -1 inf
R 98 59 -1 inf
R 98 60 -1 inf
R 98 61 -1 inf
R 98 62 -1 inf
R 98 63 -1 inf
R 98 64 -1 inf
R 98 65 -1 inf
R 98 66 -1 inf
R 98 67 -1 inf
R 98 68 -1 inf
R 98 69 -1 inf
R 98 70 -1 inf
R 98 71 -1 inf
R 98 72 -1 inf
R 98 73 -1 inf
R 98 74 -1 inf
R 98 75 -1 inf
R 98 76 -1 inf
R 98 77 -1 inf
R 98 78 -1 inf
R 98 79 -1 inf
R 98 80 -1 inf
R 98 81 -1 inf
R 98 82 -1 inf
R 98 83 -1 inf
R 98 84 -1 inf
R 98 85 -1 inf
R 98 86 -1 inf
R 98 87 -1 inf
R 98 88 -1 inf
R 98 89 -1 inf
R 98 90 -1 inf
R 98 91 -1 inf
R 98 92 -1 inf
R 98 93 -1 inf
R 98 94 -1 inf
R 98 95 -1 inf
R 98 96 -1 inf
R 98 97 -1 inf
R 98 98 98 0
R 98 99 -1 inf
R 99 0 -1 inf
R 99 1 62 0.024938315933545813
R 99 2 -1 inf
R 99 3 62 0.078526075034850526
R 99 4 62 0.08395582281570102
R 99 5 62 0.10173440616984102
R 99 6 -1 inf
R 99 7 -1 inf
R 99 8 -1 inf
R 99 9 -1 inf
R 99 10 -1 inf
R 99 11 -1 inf
R 99 12 62 0.084347122585285803
R 99 13 62 0.071636738959565072
R 99 14 -1 inf
R 99 15 62 0.077732333232650025
R 99 16 -1 inf
R 99 17 -1 inf
R 99 18 -1 inf
R 99 19 -1 inf
R 99 20 -1 inf
R 99 21 62 0.084417386877601128
R 99 22 62 0.064973063775384643
R 99 23 62 0.059208578002456977
R 99 24 62 0.062275425307023083
R 99 25 -1 inf
R 99 26 -1 inf
R 99 27 -1 inf
R 99 28 -1 inf
R 99 29 -1 inf
R 99 30 62 0.086543569704950959
R 99 31 62 0.069362049832230516
R 99 32 62 0.051679216871379732
R 99 33 62 0.046611737262877304
R 99 34 -1 inf
R 99 35 -1 inf
R 99 36 -1 inf
R 99 37 -1 inf
R 99 38 -1 inf
R 99 39 -1 inf
R 99 40 62 0.077347162131452915
R 99 41 62 0.055853183424066241
R 99 42 62 0.038230071514160482
R 99 43 62 0.032205834297871785
R 99 44 -1 inf
R 99 45 -1 inf
R 99 46 -1 inf
R 99 47 -1 inf
R 99 48 -1 inf
R 99 49 -1 inf
R 99 50 62 0.060121383980261255
R 99 51 62 0.042584767292210134
R 99 52 62 0.023009808163344789
R 99 53 53 0.0022456644251191565
R 99 54 -1 inf
R 99 55 -1 inf
R 99 56 -1 inf
R 99 57 -1 inf
R 99 58 -1 inf
R 99 59 62 0.092854856566371657
R 99 60 62 0.045188855333796012
R 99 61 62 0.027880143125625294
R 99 62 62 0.0087414477485507295
R 99 63 -1 inf
R 99 64 -1 inf
R 99 65 -1 inf
R 99 66 -1 inf
R 99 67 -1 inf
R 99 68 62 0.10809397337050088
R 99 69 -1 inf
R 99 70 62 0.028956410460093215
R 99 71 62 0.014335324125960438
R 99 72 62 0.024112973163200095
R 99 73 -1 inf
R 99 74 -1 inf
R 99 75 -1 inf
R 99 76 -1 inf
R 99 77 -1 inf
R 99 78 62 0.071480271789626473
R 99 79 62 0.053534618835463225
R 99 80 62 0.014507484160728917
R 99 81 62 0.022120867874163258
R 99 82 -1 inf
R 99 83 -1 inf
R 99 84 -1 inf
R 99 85 -1 inf
R 99 86 -1 inf
R 99 87 -1 inf
R 99 88 -1 inf
R 99 89 62 0.035687277575492199
R 99 90 62 0.017606584590257213
R 99 91 -1 inf
R 99 92 62 0.08750599807189792
R 99 93 -1 inf
R 99 94 -1 inf
R 99 95 -1 inf
R 99 96 -1 inf
R 99 97 -1 inf
R 99 98 -1 inf
R 99 99 99 0
EPOCH 200
POS 0 3162.0889812422888 3707.7068412781073 4920.2931638046803
POS 1 -1057.0467782843025 4121.281226668405 5469.1249102917154
POS 2 -4876.7531089488921 2965.6637564109792 3935.5687306125196
POS 3 -6842.6090091677952 678.89110223260695 900.91892166195669
POS 4 -6199.8174150387331 -1869.2334930965039 -2480.5566274131515
POS 5 -3186.8924011221793 -3704.310634379216 -4915.7862450263601
POS 6 1045.7537139367369 -4121.0443850347629 -5468.8106108282418
POS 7 4874.6277603660892 -2958.6704193506112 -3926.2882588807061
POS 8 6832.6392530699395 -664.56266646029769 -881.90444516839909
POS 9 6175.831852487433 1881.338777929755 2496.6208829653469
POS 10 -231.61285759566113 4626.8516468083935 5148.0583697036136
POS 11 -3776.4191396823921 2247.2442221290639 5358.3180163955758
POS 12 -5885.9778149746317 -990.11964149757455 3528.1707240033024
POS 13 -5754.9765856018103 -3853.7751814954458 351.56170939415478
POS 14 -3427.5384952632107 -5249.4709066196765 -2962.3019018306923
POS 15 211.47151064099222 -4638.7205574556347 -5145.0902531065185
POS 16 3768.7043451956019 -2251.9154055566069 -5357.3153336457945
POS 17 5879.1910709444674 995.66260925552672 -3516.9260055039217
POS 18 5736.3368596309974 3858.4331021321273 -332.02164722617692
POS 19 3400.6451806975683 5243.3677028474103 2976.7267438358163
POS 20 -3235.89307467039 3025.107585741493 5324.5375669588657
POS 21 -4462.404372335448 -1067.6545633835149 5194.1534278957342
POS 22 -3990.578136306558 -4757.4653009834165 3085.5486900364394
POS 23 -1997.2935710100246 -6638.1714078480854 -201.40388193086528
POS 24 760.27013859854583 -5986.4885651688701 -3414.4685074365279
POS 25 3228.0637182461919 -3045.0507244153664 -5322.8344486834649
POS 26 4458.8083715878984 1061.5697250436062 -5192.1102015494698
POS 27 3980.2785447577539 4757.84022333549 -3072.3958829688036
POS 28 1978.6175898443598 6628.6803815659177 221.08266299312712
POS 29 -777.41943061351742 5964.4402985183087 3427.0709967043595
POS 30 -4276.2509765543273 -124.25125394179341 5447.9862526727775
POS 31 -2631.2450307674867 -4041.5970844539179 4978.2559266736225
POS 32 17.445380846498654 -6423.4253541150638 2612.096707752612
POS 33 2662.427326818593 -6359.2081270704039 -752.45495160397388
POS 34 4292.9647049860141 -3866.6081415705416 -3832.5113244023551
POS 35 4281.6453868156541 105.78992277321552 -5447.2238972197201
POS 36 2630.3913798918306 4035.9468157177789 -4974.8614796663715
POS 37 -26.944538279270937 6416.2564196234125 -2597.1680398439139
POS 38 -2671.0216337094948 6338.2895574875211 771.88005464570438
POS 39 -4292.3542891361276 3838.7104926980528 3843.1811730109948
POS 40 -2862.3030777867389 -3059.364077879296 5517.1849545919831
POS 41 854.93722623463486 -5010.8228167375073 4712.7625693756027
POS 42 4250.2868081924962 -5055.7071973567945 2112.5188527079481
POS 43 6028.7144304954827 -3172.8897010189007 -1296.0818709597406
POS 44 5505.6912565143957 -76.667463557533551 -4212.2245151334873
POS 45 2875.8716707092663 3049.3351531308563 -5517.001621037406
POS 46 -854.16494513368878 5005.6021955365404 -4707.7600936666613
POS 47 -4253.2595750608298 5042.4968123814469 -2096.0173496381972
POS 48 -6021.2054626569488 3149.9330828101015 1314.871012504319
POS 49 -5487.9591732437175 55.677091782906814 4220.9284832749745
POS 50 173.66437005243512 -4168.247199527118 5531.4508613662474
POS 51 4207.0982631882644 -3315.8654944470291 4400.3021335957237
POS 52 6642.176197874981 -1199.4947153382791 1591.7832505507095
POS 53 6546.547601919513 1376.6253014645138 -1826.8434776201116
POS 54 3949.4954717327764 3428.5086882074966 -4549.7847005663461
POS 55 -159.24209308108706 4168.2553857330431 -5531.4617248284048
POS 56 -4204.3931583884869 3310.73891157254 -4393.4989283395362
POS 57 -6634.9773432026886 1186.0749661546099 -1573.9746418890725
POS 58 -6524.8543055509372 -1390.0357380119876 1844.6397279961118
POS 59 -3923.3378530853929 -3433.6202120062253 4556.5679217540446
POS 60 3130.197093312273 -2840.0065526103108 5490.6443046139357
POS 61 5622.2557871156114 318.07639968970881 4043.9698028406724
POS 62 5975.0622095575036 3358.3950070739129 1055.0733735061881
POS 63 4048.7499465187407 5120.6295048152024 -2339.4218135635188
POS 64 573.8653277951878 4926.7942728678408 -4841.7903368199522
POS 65 -3120.4276796554823 2846.9297952202687 -5490.4567980331476
POS 66 -5616.6240366896718 -322.11139927937512 -4035.2449567803437
POS 67 -5959.1909234454624 -3364.3730108723462 -1036.2754988547294
POS 68 -4022.4126309782032 -5116.8501233320685 2355.9078264910904
POS 69 -551.29916752239831 -4915.0414841204311 4846.7745186191869
POS 70 4343.6793170552073 212.06692415525586 5395.1700413771832
POS 71 4225.986239617373 4112.1236614706813 3647.2973056425726
POS 72 2497.9011049785913 6449.6058940970133 507.73702908472006
POS 73 -185.10231570992778 6328.1871610671733 -2828.6758456166281
POS 74 -2798.6602977581269 3787.3707492591025 -5085.2968517338713
POS 75 -4340.1537663910431 -203.09538565957575 -5394.3995059766421
POS 76 -4217.6593670946886 -4112.5662273188518 -3636.6065174500618
POS 77 -2480.3738783545236 -6443.043369384508 -488.30716678189435
POS 78 203.51435377061887 -6307.8811664034447 2843.586509736323
POS 79 2808.4188317876724 -3765.5758936884349 5088.6754237376363
POS 80 3076.8515663999137 3323.0040264542631 5245.9733285343991
POS 81 558.77127459961434 6118.3188657067076 3214.218765069782
POS 82 -2175.0658162371719 6584.9988585024812 -44.766480495597094
POS 83 -4081.1879009067666 4538.5154556802645 -3289.6936085813663
POS 84 -4427.3321856376806 755.62198173619515 -5277.8471441188376
POS 85 -3077.928585580536 -3315.5072353008754 -5244.2583490188608
POS 86 -550.53140740300898 -6112.8975655979311 -3201.5961094624563
POS 87 2184.8125072121311 -6567.0069034921617 64.445856941445456
POS 88 4082.5489874281043 -4510.678924671035 3302.8266165590994
POS 89 4422.0038492135063 -734.27180616612839 5279.8775465917743
POS 90 -73.980894757616767 4752.4483893976158 5044.5308236403762
POS 91 -3652.2256925324009 5214.067250775237 2749.0325548568571
POS 92 -5842.2656249075399 3688.6563775177433 -596.92052403297782
POS 93 -5803.4558410641121 753.49553587028026 -3717.8422193089013
POS 94 -3544.6916817756569 -2470.7260771983806 -5417.4970976713403
POS 95 70.786731752445206 -4747.3490225182277 -5041.5476367570736
POS 96 3655.7602863695379 -5203.1820361444379 -2734.5891240869469
POS 97 5837.525762197286 -3667.0155374134756 616.45699393307973
POS 98 5786.8733359416728 -730.99319311334773 3729.0661331680608
POS 99 3529.0644605119987 2483.0052337352208 5418.4905182782641
ROUTES 10000
R 0 0 0 0
R 0 1 -1 inf
R 0 2 -1 inf
R 0 3 -1 inf
R 0 4 -1 inf
R 0 5 -1 inf
R 0 6 -1 inf
R 0 7 -1 inf
R 0 8 -1 inf
R 0 9 99 0.030405904262322821
R 0 10 -1 inf
R 0 11 -1 inf
R 0 12 -1 inf
R 0 13 -1 inf
R 0 14 -1 inf
R 0 15 -1 inf
R 0 16 -1 inf
R 0 17 -1 inf
R 0 18 99 0.044305245501965441
R 0 19 19 0.0093007301240875806
R 0 20 -1 inf
R 0 21 -1 inf
R 0 22 99 0.064839277576991539
R 0 23 -1 inf
R 0 24 -1 inf
R 0 25 -1 inf
R 0 26 -1 inf
R 0 27 -1 inf
R 0 28 -1 inf
R 0 29 -1 inf
R 0 30 -1 inf
R 0 31 99 0.055707839770539926
R 0 32 99 0.052404388254456778
R 0 33 -1 inf
R 0 34 -1 inf
R 0 35 -1 inf
R 0 36 -1 inf
R 0 37 -1 inf
R 0 38 -1 inf
R 0 39 -1 inf
R 0 40 99 0.060523635149740754
R 0 41 99 0.041447430407357821
R 0 42 99 0.046268725866837869
R 0 43 -1 inf
R 0 44 -1 inf
R 0 45 -1 inf
R 0 46 -1 inf
R 0 47 -1 inf
R 0 48 -1 inf
R 0 49 -1 inf
R 0 50 99 0.046977418593107015
R 0 51 99 0.034438641053868478
R 0 52 99 0.032458517514768984
R 0 53 -1 inf
R 0 54 -1 inf
R 0 55 -1 inf
R 0 56 -1 inf
R 0 57 -1 inf
R 0 58 -1 inf
R 0 59 99 0.06167442938354542
R 0 60 99 0.028085998484871286
R 0 61 99 0.021840155544843684
R 0 62 99 0.038322887049860685
R 0 63 -1 inf
R 0 64 -1 inf
R 0 65 -1 inf
R 0 66 -1 inf
R 0 67 -1 inf
R 0 68 99 0.068554388247767314
R 0 69 99 0.047170200993276887
R 0 70 99 0.014624989134782412
R 0 71 71 0.0066959903362094151
R 0 72 -1 inf
R 0 73 -1 inf
R 0 74 -1 inf
R 0 75 -1 inf
R 0 76 -1 inf
R 0 77 -1 inf
R 0 78 99 0.050341372023469722
R 0 79 99 0.032618942777772802
R 0 80 80 0.0027051920599060449
R 0 81 -1 inf
R 0 82 -1 inf
R 0 83 -1 inf
R 0 84 -1 inf
R 0 85 -1 inf
R 0 86 -1 inf
R 0 87 -1 inf
R 0 88 99 0.040866154447950144
R 0 89 99 0.018815689829882187
R 0 90 -1 inf
R 0 91 -1 inf
R 0 92 -1 inf
R 0 93 -1 inf
R 0 94 -1 inf
R 0 95 -1 inf
R 0 96 -1 inf
R 0 97 -1 inf
R 0 98 99 0.023622235164781232
R 0 99 99 0.0055769632815911756
R 1 0 -1 inf
R 1 1 1 0
R 1 2 20 0.017323793879013102
R 1 3 20 0.050386639899582815
R 1 4 -1 inf
R 1 5 -1 inf
R 1 6 -1 inf
R 1 7 -1 inf
R 1 8 -1 inf
R 1 9 -1 inf
R 1 10 10 0.0044017427225934826
R 1 11 20 0.013311698935333176
R 1 12 20 0.034574939990973011
R 1 13 -1 inf
R 1 14 -1 inf
R 1 15 -1 inf
R 1 16 -1 inf
R 1 17 -1 inf
R 1 18 -1 inf
R 1 19 -1 inf
R 1 20 20 0.0091500796928127848
R 1 21 20 0.026718881508604644
R 1 22 -1 inf
R 1 23 -1 inf
R 1 24 -1 inf
R 1 25 -1 inf
R 1 26 -1 inf
R 1 27 -1 inf
R 1 28 -1 inf
R 1 29 10 0.012896806772746586
R 1 30 20 0.022401479682140592
R 1 31 -1 inf
R 1 32 -1 inf
R 1 33 -1 inf
R 1 34 -1 inf
R 1 35 -1 inf
R 1 36 -1 inf
R 1 37 -1 inf
R 1 38 20 0.033300018426569024
R 1 39 20 0.016798370061586233
R 1 40 -1 inf
R 1 41 -1 inf
R 1 42 -1 inf
R 1 43 -1 inf
R 1 44 -1 inf
R 1 45 -1 inf
R 1 46 -1 inf
R 1 47 -1 inf
R 1 48 -1 inf
R 1 49 20 0.029185024908634283
R 1 50 -1 inf
R 1 51 -1 inf
R 1 52 -1 inf
R 1 53 -1 inf
R 1 54 -1 inf
R 1 55 -1 inf
R 1 56 -1 inf
R 1 57 -1 inf
R 1 58 20 0.04172770371214353
R 1 59 -1 inf
R 1 60 -1 inf
R 1 61 -1 inf
R 1 62 -1 inf
R 1 63 -1 inf
R 1 64 -1 inf
R 1 65 -1 inf
R 1 66 -1 inf
R 1 67 -1 inf
R 1 68 -1 inf
R 1 69 -1 inf
R 1 70 -1 inf
R 1 71 -1 inf
R 1 72 -1 inf
R 1 73 -1 inf
R 1 74 -1 inf
R 1 75 -1 inf
R 1 76 -1 inf
R 1 77 -1 inf
R 1 78 -1 inf
R 1 79 -1 inf
R 1 80 -1 inf
R 1 81 90 0.014051080306062188
R 1 82 20 0.037591586622965474
R 1 83 -1 inf
R 1 84 -1 inf
R 1 85 -1 inf
R 1 86 -1 inf
R 1 87 -1 inf
R 1 88 -1 inf
R 1 89 -1 inf
R 1 90 90 0.0051462307620391921
R 1 91 20 0.024037474051872489
R 1 92 -1 inf
R 1 93 -1 inf
R 1 94 -1 inf
R 1 95 -1 inf
R 1 96 -1 inf
R 1 97 -1 inf
R 1 98 -1 inf
R 1 99 -1 inf
R 2 0 -1 inf
R 2 1 20 0.017323793879013102
R 2 2 2 0
R 2 3 11 0.044535309402519999
R 2 4 -1 inf
R 2 5 -1 inf
R 2 6 -1 inf
R 2 7 -1 inf
R 2 8 -1 inf
R 2 9 -1 inf
R 2 10 20 0.021725536601606584
R 2 11 11 0.0074603684382703612
R 2 12 11 0.028723609493910195
R 2 13 -1 inf
R 2 14 -1 inf
R 2 15 -1 inf
R 2 16 -1 inf
R 2 17 -1 inf
R 2 18 -1 inf
R 2 19 -1 inf
R 2 20 20 0.0081737141862003176
R 2 21 11 0.020867551011541828
R 2 22 -1 inf
R 2 23 -1 inf
R 2 24 -1 inf
R 2 25 -1 inf
R 2 26 -1 inf
R 2 27 -1 inf
R 2 28 -1 inf
R 2 29 20 0.030220600651759688
R 2 30 11 0.01655014918507778
R 2 31 -1 inf
R 2 32 -1 inf
R 2 33 -1 inf
R 2 34 -1 inf
R 2 35 -1 inf
R 2 36 -1 inf
R 2 37 -1 inf
R 2 38 39 0.021019552716683199
R 2 39 39 0.004517904351700408
R 2 40 -1 inf
R 2 41 -1 inf
R 2 42 -1 inf
R 2 43 -1 inf
R 2 44 -1 inf
R 2 45 -1 inf
R 2 46 -1 inf
R 2 47 -1 inf
R 2 48 -1 inf
R 2 49 11 0.023333694411571466
R 2 50 -1 inf
R 2 51 -1 inf
R 2 52 -1 inf
R 2 53 -1 inf
R 2 54 -1 inf
R 2 55 -1 inf
R 2 56 -1 inf
R 2 57 -1 inf
R 2 58 11 0.035876373215080713
R 2 59 -1 inf
R 2 60 -1 inf
R 2 61 -1 inf
R 2 62 -1 inf
R 2 63 -1 inf
R 2 64 -1 inf
R 2 65 -1 inf
R 2 66 -1 inf
R 2 67 -1 inf
R 2 68 -1 inf
R 2 69 -1 inf
R 2 70 -1 inf
R 2 71 -1 inf
R 2 72 -1 inf
R 2 73 -1 inf
R 2 74 -1 inf
R 2 75 -1 inf
R 2 76 -1 inf
R 2 77 -1 inf
R 2 78 -1 inf
R 2 79 -1 inf
R 2 80 -1 inf
R 2 81 20 0.031374874185075285
R 2 82 39 0.02531112091307965
R 2 83 -1 inf
R 2 84 -1 inf
R 2 85 -1 inf
R 2 86 -1 inf
R 2 87 -1 inf
R 2 88 -1 inf
R 2 89 -1 inf
R 2 90 20 0.022470024641052293
R 2 91 39 0.011757008341986664
R 2 92 -1 inf
R 2 93 -1 inf
R 2 94 -1 inf
R 2 95 -1 inf
R 2 96 -1 inf
R 2 97 -1 inf
R 2 98 -1 inf
R 2 99 -1 inf
R 3 0 -1 inf
R 3 1 58 0.050386639899582815
R 3 2 58 0.044535309402519999
R 3 3 3 0
R 3 4 -1 inf
R 3 5 -1 inf
R 3 6 -1 inf
R 3 7 -1 inf
R 3 8 -1 inf
R 3 9 -1 inf
R 3 10 58 0.0547883826221763
R 3 11 58 0.037074940964249639
R 3 12 58 0.015811699908609807
R 3 13 -1 inf
R 3 14 -1 inf
R 3 15 -1 inf
R 3 16 -1 inf
R 3 17 -1 inf
R 3 18 -1 inf
R 3 19 -1 inf
R 3 20 58 0.04123656020677003
R 3 21 58 0.024125864858128274
R 3 22 -1 inf
R 3 23 -1 inf
R 3 24 -1 inf
R 3 25 -1 inf
R 3 26 -1 inf
R 3 27 -1 inf
R 3 28 -1 inf
R 3 29 58 0.063283446672329408
R 3 30 58 0.027985160217442226
R 3 31 -1 inf
R 3 32 -1 inf
R 3 33 -1 inf
R 3 34 -1 inf
R 3 35 -1 inf
R 3 36 -1 inf
R 3 37 -1 inf
R 3 38 58 0.062105533398742668
R 3 39 58 0.045603885033759881
R 3 40 -1 inf
R 3 41 -1 inf
R 3 42 -1 inf
R 3 43 -1 inf
R 3 44 -1 inf
R 3 45 -1 inf
R 3 46 -1 inf
R 3 47 -1 inf
R 3 48 -1 inf
R 3 49 58 0.021201614990948536
R 3 50 -1 inf
R 3 51 -1 inf
R 3 52 -1 inf
R 3 53 -1 inf
R 3 54 -1 inf
R 3 55 -1 inf
R 3 56 -1 inf
R 3 57 -1 inf
R 3 58 58 0.0086589361874392853
R 3 59 -1 inf
R 3 60 -1 inf
R 3 61 -1 inf
R 3 62 -1 inf
R 3 63 -1 inf
R 3 64 -1 inf
R 3 65 -1 inf
R 3 66 -1 inf
R 3 67 -1 inf
R 3 68 -1 inf
R 3 69 -1 inf
R 3 70 -1 inf
R 3 71 -1 inf
R 3 72 -1 inf
R 3 73 -1 inf
R 3 74 -1 inf
R 3 75 -1 inf
R 3 76 -1 inf
R 3 77 -1 inf
R 3 78 -1 inf
R 3 79 -1 inf
R 3 80 -1 inf
R 3 81 58 0.064437720205645005
R 3 82 58 0.066397101595139119
R 3 83 -1 inf
R 3 84 -1 inf
R 3 85 -1 inf
R 3 86 -1 inf
R 3 87 -1 inf
R 3 88 -1 inf
R 3 89 -1 inf
R 3 90 58 0.055532870661622005
R 3 91 58 0.052842989024046133
R 3 92 -1 inf
R 3 93 -1 inf
R 3 94 -1 inf
R 3 95 -1 inf
R 3 96 -1 inf
R 3 97 -1 inf
R 3 98 -1 inf
R 3 99 -1 inf
R 4 0 -1 inf
R 4 1 -1 inf
R 4 2 -1 inf
R 4 3 -1 inf
R 4 4 4 0
R 4 5 66 0.030418472155065532
R 4 6 -1 inf
R 4 7 -1 inf
R 4 8 -1 inf
R 4 9 -1 inf
R 4 10 -1 inf
R 4 11 -1 inf
R 4 12 -1 inf
R 4 13 67 0.013936182564979053
R 4 14 66 0.043201740208295397
R 4 15 -1 inf
R 4 16 -1 inf
R 4 17 -1 inf
R 4 18 -1 inf
R 4 19 -1 inf
R 4 20 -1 inf
R 4 21 -1 inf
R 4 22 -1 inf
R 4 23 -1 inf
R 4 24 -1 inf
R 4 25 -1 inf
R 4 26 -1 inf
R 4 27 66 0.062360306520720915
R 4 28 -1 inf
R 4 29 -1 inf
R 4 30 -1 inf
R 4 31 -1 inf
R 4 32 -1 inf
R 4 33 -1 inf
R 4 34 -1 inf
R 4 35 -1 inf
R 4 36 66 0.053215124278806064
R 4 37 66 0.049898058221965337
R 4 38 -1 inf
R 4 39 -1 inf
R 4 40 -1 inf
R 4 41 -1 inf
R 4 42 -1 inf
R 4 43 -1 inf
R 4 44 -1 inf
R 4 45 66 0.058058470394448822
R 4 46 66 0.038934623685970698
R 4 47 66 0.043851598284797351
R 4 48 -1 inf
R 4 49 -1 inf
R 4 50 -1 inf
R 4 51 -1 inf
R 4 52 -1 inf
R 4 53 -1 inf
R 4 54 66 0.059262542003230452
R 4 55 66 0.044486950997497964
R 4 56 66 0.031969158302680836
R 4 57 66 0.02216745160505491
R 4 58 -1 inf
R 4 59 -1 inf
R 4 60 -1 inf
R 4 61 -1 inf
R 4 62 -1 inf
R 4 63 66 0.066097881055921404
R 4 64 66 0.044726170908750987
R 4 65 66 0.025597412635420393
R 4 66 66 0.0085703303535842133
R 4 67 67 0.0079804145083147791
R 4 68 -1 inf
R 4 69 -1 inf
R 4 70 -1 inf
R 4 71 -1 inf
R 4 72 -1 inf
R 4 73 66 0.047917777297471174
R 4 74 66 0.030177781579397003
R 4 75 66 0.015802573790991727
R 4 76 66 0.03706492899986525
R 4 77 -1 inf
R 4 78 -1 inf
R 4 79 -1 inf
R 4 80 -1 inf
R 4 81 -1 inf
R 4 82 -1 inf
R 4 83 66 0.038491634987676937
R 4 84 66 0.016340929317692959
R 4 85 66 0.029089694779548914
R 4 86 -1 inf
R 4 87 -1 inf
R 4 88 -1 inf
R 4 89 -1 inf
R 4 90 -1 inf
R 4 91 -1 inf
R 4 92 -1 inf
R 4 93 66 0.01336267818921456
R 4 94 66 0.024818836191795639
R 4 95 -1 inf
R 4 96 -1 inf
R 4 97 -1 inf
R 4 98 -1 inf
R 4 99 -1 inf
R 5 0 -1 inf
R 5 1 -1 inf
R 5 2 -1 inf
R 5 3 -1 inf
R 5 4 94 0.030418472155065532
R 5 5 5 0
R 5 6 -1 inf
R 5 7 -1 inf
R 5 8 -1 inf
R 5 9 -1 inf
R 5 10 -1 inf
R 5 11 -1 inf
R 5 12 -1 inf
R 5 13 94 0.044354654720044587
R 5 14 76 0.012783268053229869
R 5 15 -1 inf
R 5 16 -1 inf
R 5 17 -1 inf
R 5 18 -1 inf
R 5 19 -1 inf
R 5 20 -1 inf
R 5 21 -1 inf
R 5 22 -1 inf
R 5 23 -1 inf
R 5 24 -1 inf
R 5 25 -1 inf
R 5 26 -1 inf
R 5 27 94 0.064869855938128204
R 5 28 -1 inf
R 5 29 -1 inf
R 5 30 -1 inf
R 5 31 -1 inf
R 5 32 -1 inf
R 5 33 -1 inf
R 5 34 -1 inf
R 5 35 -1 inf
R 5 36 94 0.055724673696213353
R 5 37 94 0.052407607639372626
R 5 38 -1 inf
R 5 39 -1 inf
R 5 40 -1 inf
R 5 41 -1 inf
R 5 42 -1 inf
R 5 43 -1 inf
R 5 44 -1 inf
R 5 45 94 0.060568019811856111
R 5 46 94 0.041444173103377988
R 5 47 94 0.046361147702204647
R 5 48 -1 inf
R 5 49 -1 inf
R 5 50 -1 inf
R 5 51 -1 inf
R 5 52 -1 inf
R 5 53 -1 inf
R 5 54 94 0.061772091420637741
R 5 55 94 0.046996500414905253
R 5 56 94 0.034478707720088132
R 5 57 94 0.032500337481052834
R 5 58 -1 inf
R 5 59 -1 inf
R 5 60 -1 inf
R 5 61 -1 inf
R 5 62 -1 inf
R 5 63 94 0.068607430473328693
R 5 64 94 0.047235720326158276
R 5 65 94 0.028106962052827689
R 5 66 94 0.02184814180148132
R 5 67 94 0.038398886663380309
R 5 68 -1 inf
R 5 69 -1 inf
R 5 70 -1 inf
R 5 71 -1 inf
R 5 72 -1 inf
R 5 73 94 0.050427326714878463
R 5 74 94 0.032687330996804299
R 5 75 94 0.014615898364073805
R 5 76 76 0.0066464568447997174
R 5 77 -1 inf
R 5 78 -1 inf
R 5 79 -1 inf
R 5 80 -1 inf
R 5 81 -1 inf
R 5 82 -1 inf
R 5 83 94 0.041001184405084233
R 5 84 94 0.018850478735100255
R 5 85 85 0.002736248760153165
R 5 86 -1 inf
R 5 87 -1 inf
R 5 88 -1 inf
R 5 89 -1 inf
R 5 90 -1 inf
R 5 91 -1 inf
R 5 92 -1 inf
R 5 93 94 0.023695564065212484
R 5 94 94 0.005599635963269893
R 5 95 -1 inf
R 5 96 -1 inf
R 5 97 -1 inf
R 5 98 -1 inf
R 5 99 -1 inf
R 6 0 -1 inf
R 6 1 -1 inf
R 6 2 -1 inf
R 6 3 -1 inf
R 6 4 -1 inf
R 6 5 -1 inf
R 6 6 6 0
R 6 7 25 0.01733831274857197
R 6 8 25 0.050418044646717536
R 6 9 -1 inf
R 6 10 -1 inf
R 6 11 -1 inf
R 6 12 -1 inf
R 6 13 -1 inf
R 6 14 -1 inf
R 6 15 15 0.004448495066925867
R 6 16 25 0.013334578449961894
R 6 17 25 0.034661863453580209
R 6 18 -1 inf
R 6 19 -1 inf
R 6 20 -1 inf
R 6 21 -1 inf
R 6 22 -1 inf
R 6 23 -1 inf
R 6 24 15 0.012990813841497237
R 6 25 25 0.0091307220512529402
R 6 26 25 0.026740843804517512
R 6 27 -1 inf
R 6 28 -1 inf
R 6 29 -1 inf
R 6 30 -1 inf
R 6 31 -1 inf
R 6 32 -1 inf
R 6 33 -1 inf
R 6 34 25 0.016827002541208197
R 6 35 25 0.022388591442046177
R 6 36 -1 inf
R 6 37 -1 inf
R 6 38 -1 inf
R 6 39 -1 inf
R 6 40 -1 inf
R 6 41 -1 inf
R 6 42 -1 inf
R 6 43 -1 inf
R 6 44 25 0.02922053059765755
R 6 45 -1 inf
R 6 46 -1 inf
R 6 47 -1 inf
R 6 48 -1 inf
R 6 49 -1 inf
R 6 50 -1 inf
R 6 51 -1 inf
R 6 52 -1 inf
R 6 53 25 0.041854736024224924
R 6 54 -1 inf
R 6 55 -1 inf
R 6 56 -1 inf
R 6 57 -1 inf
R 6 58 -1 inf
R 6 59 -1 inf
R 6 60 -1 inf
R 6 61 -1 inf
R 6 62 -1 inf
R 6 63 -1 inf
R 6 64 -1 inf
R 6 65 -1 inf
R 6 66 -1 inf
R 6 67 -1 inf
R 6 68 -1 inf
R 6 69 -1 inf
R 6 70 -1 inf
R 6 71 -1 inf
R 6 72 -1 inf
R 6 73 -1 inf
R 6 74 -1 inf
R 6 75 -1 inf
R 6 76 -1 inf
R 6 77 -1 inf
R 6 78 -1 inf
R 6 79 -1 inf
R 6 80 -1 inf
R 6 81 -1 inf
R 6 82 -1 inf
R 6 83 -1 inf
R 6 84 -1 inf
R 6 85 -1 inf
R 6 86 95 0.014038740433734896
R 6 87 -1 inf
R 6 88 -1 inf
R 6 89 -1 inf
R 6 90 -1 inf
R 6 91 -1 inf
R 6 92 -1 inf
R 6 93 -1 inf
R 6 94 -1 inf
R 6 95 95 0.0051197147705216378
R 6 96 25 0.023975713930239676
R 6 97 -1 inf
R 6 98 -1 inf
R 6 99 -1 inf
R 7 0 -1 inf
R 7 1 -1 inf
R 7 2 -1 inf
R 7 3 -1 inf
R 7 4 -1 inf
R 7 5 -1 inf
R 7 6 25 0.01733831274857197
R 7 7 7 0
R 7 8 16 0.044560459620820628
R 7 9 -1 inf
R 7 10 -1 inf
R 7 11 -1 inf
R 7 12 -1 inf
R 7 13 -1 inf
R 7 14 -1 inf
R 7 15 25 0.021786807815497838
R 7 16 16 0.0074769934240649909
R 7 17 16 0.028804278427683308
R 7 18 -1 inf
R 7 19 -1 inf
R 7 20 -1 inf
R 7 21 -1 inf
R 7 22 -1 inf
R 7 23 -1 inf
R 7 24 25 0.030329126590069207
R 7 25 25 0.0082075906973190314
R 7 26 16 0.020883258778620611
R 7 27 -1 inf
R 7 28 -1 inf
R 7 29 -1 inf
R 7 30 -1 inf
R 7 31 -1 inf
R 7 32 -1 inf
R 7 33 -1 inf
R 7 34 34 0.0046103239090025221
R 7 35 16 0.016531006416149276
R 7 36 -1 inf
R 7 37 -1 inf
R 7 38 -1 inf
R 7 39 -1 inf
R 7 40 -1 inf
R 7 41 -1 inf
R 7 42 -1 inf
R 7 43 -1 inf
R 7 44 16 0.023362945571760649
R 7 45 -1 inf
R 7 46 -1 inf
R 7 47 -1 inf
R 7 48 -1 inf
R 7 49 -1 inf
R 7 50 -1 inf
R 7 51 -1 inf
R 7 52 -1 inf
R 7 53 16 0.035997150998328023
R 7 54 -1 inf
R 7 55 -1 inf
R 7 56 -1 inf
R 7 57 -1 inf
R 7 58 -1 inf
R 7 59 -1 inf
R 7 60 -1 inf
R 7 61 -1 inf
R 7 62 -1 inf
R 7 63 -1 inf
R 7 64 -1 inf
R 7 65 -1 inf
R 7 66 -1 inf
R 7 67 -1 inf
R 7 68 -1 inf
R 7 69 -1 inf
R 7 70 -1 inf
R 7 71 -1 inf
R 7 72 -1 inf
R 7 73 -1 inf
R 7 74 -1 inf
R 7 75 -1 inf
R 7 76 -1 inf
R 7 77 -1 inf
R 7 78 -1 inf
R 7 79 -1 inf
R 7 80 -1 inf
R 7 81 -1 inf
R 7 82 -1 inf
R 7 83 -1 inf
R 7 84 -1 inf
R 7 85 -1 inf
R 7 86 25 0.031377053182306866
R 7 87 -1 inf
R 7 88 -1 inf
R 7 89 -1 inf
R 7 90 -1 inf
R 7 91 -1 inf
R 7 92 -1 inf
R 7 93 -1 inf
R 7 94 -1 inf
R 7 95 25 0.022458027519093607
R 7 96 34 0.011759035298034001
R 7 97 -1 inf
R 7 98 -1 inf
R 7 99 -1 inf
R 8 0 -1 inf
R 8 1 -1 inf
R 8 2 -1 inf
R 8 3 -1 inf
R 8 4 -1 inf
R 8 5 -1 inf
R 8 6 53 0.050418044646717529
R 8 7 53 0.044560459620820628
R 8 8 8 0
R 8 9 -1 inf
R 8 10 -1 inf
R 8 11 -1 inf
R 8 12 -1 inf
R 8 13 -1 inf
R 8 14 -1 inf
R 8 15 53 0.054866539713643393
R 8 16 53 0.037083466196755635
R 8 17 53 0.015756181193137323
R 8 18 -1 inf
R 8 19 -1 inf
R 8 20 -1 inf
R 8 21 -1 inf
R 8 22 -1 inf
R 8 23 -1 inf
R 8 24 53 0.063408858488214759
R 8 25 53 0.041287322595464589
R 8 26 53 0.02408554373604993
R 8 27 -1 inf
R 8 28 -1 inf
R 8 29 -1 inf
R 8 30 -1 inf
R 8 31 -1 inf
R 8 32 -1 inf
R 8 33 -1 inf
R 8 34 53 0.045695095407376769
R 8 35 53 0.028029453204671356
R 8 36 -1 inf
R 8 37 -1 inf
R 8 38 -1 inf
R 8 39 -1 inf
R 8 40 -1 inf
R 8 41 -1 inf
R 8 42 -1 inf
R 8 43 -1 inf
R 8 44 53 0.021197514049059982
R 8 45 -1 inf
R 8 46 -1 inf
R 8 47 -1 inf
R 8 48 -1 inf
R 8 49 -1 inf
R 8 50 -1 inf
R 8 51 -1 inf
R 8 52 -1 inf
R 8 53 53 0.0085633086224926082
R 8 54 -1 inf
R 8 55 -1 inf
R 8 56 -1 inf
R 8 57 -1 inf
R 8 58 -1 inf
R 8 59 -1 inf
R 8 60 -1 inf
R 8 61 -1 inf
R 8 62 -1 inf
R 8 63 -1 inf
R 8 64 -1 inf
R 8 65 -1 inf
R 8 66 -1 inf
R 8 67 -1 inf
R 8 68 -1 inf
R 8 69 -1 inf
R 8 70 -1 inf
R 8 71 -1 inf
R 8 72 -1 inf
R 8 73 -1 inf
R 8 74 -1 inf
R 8 75 -1 inf
R 8 76 -1 inf
R 8 77 -1 inf
R 8 78 -1 inf
R 8 79 -1 inf
R 8 80 -1 inf
R 8 81 -1 inf
R 8 82 -1 inf
R 8 83 -1 inf
R 8 84 -1 inf
R 8 85 -1 inf
R 8 86 53 0.064456785080452425
R 8 87 -1 inf
R 8 88 -1 inf
R 8 89 -1 inf
R 8 90 -1 inf
R 8 91 -1 inf
R 8 92 -1 inf
R 8 93 -1 inf
R 8 94 -1 inf
R 8 95 53 0.055537759417239166
R 8 96 53 0.052843806796408252
R 8 97 -1 inf
R 8 98 -1 inf
R 8 99 -1 inf
R 9 0 61 0.030405904262322821
R 9 1 -1 inf
R 9 2 -1 inf
R 9 3 -1 inf
R 9 4 -1 inf
R 9 5 -1 inf
R 9 6 -1 inf
R 9 7 -1 inf
R 9 8 -1 inf
R 9 9 9 0
R 9 10 -1 inf
R 9 11 -1 inf
R 9 12 -1 inf
R 9 13 -1 inf
R 9 14 -1 inf
R 9 15 -1 inf
R 9 16 -1 inf
R 9 17 -1 inf
R 9 18 62 0.013899341239642617
R 9 19 61 0.039706634386410401
R 9 20 -1 inf
R 9 21 -1 inf
R 9 22 61 0.062323292044753731
R 9 23 -1 inf
R 9 24 -1 inf
R 9 25 -1 inf
R 9 26 -1 inf
R 9 27 -1 inf
R 9 28 -1 inf
R 9 29 -1 inf
R 9 30 -1 inf
R 9 31 61 0.053191854238302125
R 9 32 61 0.04988840272221897
R 9 33 -1 inf
R 9 34 -1 inf
R 9 35 -1 inf
R 9 36 -1 inf
R 9 37 -1 inf
R 9 38 -1 inf
R 9 39 -1 inf
R 9 40 61 0.058007649617502953
R 9 41 61 0.038931444875120021
R 9 42 61 0.043752740334600068
R 9 43 -1 inf
R 9 44 -1 inf
R 9 45 -1 inf
R 9 46 -1 inf
R 9 47 -1 inf
R 9 48 -1 inf
R 9 49 -1 inf
R 9 50 61 0.044461433060869214
R 9 51 61 0.031922655521630677
R 9 52 61 0.022096635937652438
R 9 53 -1 inf
R 9 54 -1 inf
R 9 55 -1 inf
R 9 56 -1 inf
R 9 57 -1 inf
R 9 58 -1 inf
R 9 59 61 0.05915844385130762
R 9 60 61 0.025570012952633486
R 9 61 61 0.0085657487174791366
R 9 62 62 0.0079169827875378625
R 9 63 -1 inf
R 9 64 -1 inf
R 9 65 -1 inf
R 9 66 -1 inf
R 9 67 -1 inf
R 9 68 61 0.066038402715529507
R 9 69 61 0.044654215461039086
R 9 70 61 0.015780915127540408
R 9 71 61 0.037101894598532234
R 9 72 -1 inf
R 9 73 -1 inf
R 9 74 -1 inf
R 9 75 -1 inf
R 9 76 -1 inf
R 9 77 -1 inf
R 9 78 61 0.047825386491231914
R 9 79 61 0.030102957245535002
R 9 80 61 0.029062718275007893
R 9 81 -1 inf
R 9 82 -1 inf
R 9 83 -1 inf
R 9 84 -1 inf
R 9 85 -1 inf
R 9 86 -1 inf
R 9 87 -1 inf
R 9 88 61 0.038350168915712343
R 9 89 61 0.016299704297644386
R 9 90 -1 inf
R 9 91 -1 inf
R 9 92 -1 inf
R 9 93 -1 inf
R 9 94 -1 inf
R 9 95 -1 inf
R 9 96 -1 inf
R 9 97 -1 inf
R 9 98 61 0.013260353587664687
R 9 99 61 0.024828940980731646
R 10 0 -1 inf
R 10 1 1 0.0044017427225934826
R 10 2 1 0.021725536601606584
R 10 3 1 0.054788382622176293
R 10 4 -1 inf
R 10 5 -1 inf
R 10 6 -1 inf
R 10 7 -1 inf
R 10 8 -1 inf
R 10 9 -1 inf
R 10 10 10 0
R 10 11 1 0.017713441657926658
R 10 12 1 0.038976682713566489
R 10 13 -1 inf
R 10 14 -1 inf
R 10 15 -1 inf
R 10 16 -1 inf
R 10 17 -1 inf
R 10 18 -1 inf
R 10 19 -1 inf
R 10 20 1 0.013551822415406267
R 10 21 1 0.031120624231198123
R 10 22 -1 inf
R 10 23 -1 inf
R 10 24 -1 inf
R 10 25 -1 inf
R 10 26 -1 inf
R 10 27 -1 inf
R 10 28 -1 inf
R 10 29 29 0.0084950640501531022
R 10 30 1 0.026803222404734074
R 10 31 -1 inf
R 10 32 -1 inf
R 10 33 -1 inf
R 10 34 -1 inf
R 10 35 -1 inf
R 10 36 -1 inf
R 10 37 -1 inf
R 10 38 1 0.037701761149162502
R 10 39 1 0.021200112784179714
R 10 40 -1 inf
R 10 41 -1 inf
R 10 42 -1 inf
R 10 43 -1 inf
R 10 44 -1 inf
R 10 45 -1 inf
R 10 46 -1 inf
R 10 47 -1 inf
R 10 48 -1 inf
R 10 49 1 0.033586767631227761
R 10 50 -1 inf
R 10 51 -1 inf
R 10 52 -1 inf
R 10 53 -1 inf
R 10 54 -1 inf
R 10 55 -1 inf
R 10 56 -1 inf
R 10 57 -1 inf
R 10 58 1 0.046129446434737008
R 10 59 -1 inf
R 10 60 -1 inf
R 10 61 -1 inf
R 10 62 -1 inf
R 10 63 -1 inf
R 10 64 -1 inf
R 10 65 -1 inf
R 10 66 -1 inf
R 10 67 -1 inf
R 10 68 -1 inf
R 10 69 -1 inf
R 10 70 -1 inf
R 10 71 -1 inf
R 10 72 -1 inf
R 10 73 -1 inf
R 10 74 -1 inf
R 10 75 -1 inf
R 10 76 -1 inf
R 10 77 -1 inf
R 10 78 -1 inf
R 10 79 -1 inf
R 10 80 -1 inf
R 10 81 90 0.01066065256949768
R 10 82 1 0.041993329345558952
R 10 83 -1 inf
R 10 84 -1 inf
R 10 85 -1 inf
R 10 86 -1 inf
R 10 87 -1 inf
R 10 88 -1 inf
R 10 89 -1 inf
R 10 90 90 0.0017558030254746829
R 10 91 1 0.02843921677446597
R 10 92 -1 inf
R 10 93 -1 inf
R 10 94 -1 inf
R 10 95 -1 inf
R 10 96 -1 inf
R 10 97 -1 inf
R 10 98 -1 inf
R 10 99 -1 inf
R 11 0 -1 inf
R 11 1 20 0.013311698935333176
R 11 2 2 0.0074603684382703612
R 11 3 30 0.037074940964249639
R 11 4 -1 inf
R 11 5 -1 inf
R 11 6 -1 inf
R 11 7 -1 inf
R 11 8 -1 inf
R 11 9 -1 inf
R 11 10 20 0.017713441657926658
R 11 11 11 0
R 11 12 30 0.021263241055639835
R 11 13 -1 inf
R 11 14 -1 inf
R 11 15 -1 inf
R 11 16 -1 inf
R 11 17 -1 inf
R 11 18 -1 inf
R 11 19 -1 inf
R 11 20 20 0.004161619242520391
R 11 21 30 0.013407182573271467
R 11 22 -1 inf
R 11 23 -1 inf
R 11 24 -1 inf
R 11 25 -1 inf
R 11 26 -1 inf
R 11 27 -1 inf
R 11 28 -1 inf
R 11 29 20 0.026208505708079761
R 11 30 30 0.0090897807468074167
R 11 31 -1 inf
R 11 32 -1 inf
R 11 33 -1 inf
R 11 34 -1 inf
R 11 35 -1 inf
R 11 36 -1 inf
R 11 37 -1 inf
R 11 38 39 0.025030592434493029
R 11 39 39 0.008528944069510238
R 11 40 -1 inf
R 11 41 -1 inf
R 11 42 -1 inf
R 11 43 -1 inf
R 11 44 -1 inf
R 11 45 -1 inf
R 11 46 -1 inf
R 11 47 -1 inf
R 11 48 -1 inf
R 11 49 30 0.015873325973301107
R 11 50 -1 inf
R 11 51 -1 inf
R 11 52 -1 inf
R 11 53 -1 inf
R 11 54 -1 inf
R 11 55 -1 inf
R 11 56 -1 inf
R 11 57 -1 inf
R 11 58 30 0.028416004776810357
R 11 59 -1 inf
R 11 60 -1 inf
R 11 61 -1 inf
R 11 62 -1 inf
R 11 63 -1 inf
R 11 64 -1 inf
R 11 65 -1 inf
R 11 66 -1 inf
R 11 67 -1 inf
R 11 68 -1 inf
R 11 69 -1 inf
R 11 70 -1 inf
R 11 71 -1 inf
R 11 72 -1 inf
R 11 73 -1 inf
R 11 74 -1 inf
R 11 75 -1 inf
R 11 76 -1 inf
R 11 77 -1 inf
R 11 78 -1 inf
R 11 79 -1 inf
R 11 80 -1 inf
R 11 81 20 0.027362779241395362
R 11 82 39 0.029322160630889479
R 11 83 -1 inf
R 11 84 -1 inf
R 11 85 -1 inf
R 11 86 -1 inf
R 11 87 -1 inf
R 11 88 -1 inf
R 11 89 -1 inf
R 11 90 20 0.018457929697372366
R 11 91 39 0.015768048059796494
R 11 92 -1 inf
R 11 93 -1 inf
R 11 94 -1 inf
R 11 95 -1 inf
R 11 96 -1 inf
R 11 97 -1 inf
R 11 98 -1 inf
R 11 99 -1 inf
R 12 0 -1 inf
R 12 1 49 0.034574939990973011
R 12 2 49 0.028723609493910195
R 12 3 58 0.015811699908609807
R 12 4 -1 inf
R 12 5 -1 inf
R 12 6 -1 inf
R 12 7 -1 inf
R 12 8 -1 inf
R 12 9 -1 inf
R 12 10 49 0.038976682713566496
R 12 11 49 0.021263241055639832
R 12 12 12 0
R 12 13 -1 inf
R 12 14 -1 inf
R 12 15 -1 inf
R 12 16 -1 inf
R 12 17 -1 inf
R 12 18 -1 inf
R 12 19 -1 inf
R 12 20 49 0.025424860298160223
R 12 21 21 0.0083141649495184662
R 12 22 -1 inf
R 12 23 -1 inf
R 12 24 -1 inf
R 12 25 -1 inf
R 12 26 -1 inf
R 12 27 -1 inf
R 12 28 -1 inf
R 12 29 49 0.047471746763719597
R 12 30 49 0.012173460308832415
R 12 31 -1 inf
R 12 32 -1 inf
R 12 33 -1 inf
R 12 34 -1 inf
R 12 35 -1 inf
R 12 36 -1 inf
R 12 37 -1 inf
R 12 38 49 0.046293833490132857
R 12 39 49 0.02979218512515007
R 12 40 -1 inf
R 12 41 -1 inf
R 12 42 -1 inf
R 12 43 -1 inf
R 12 44 -1 inf
R 12 45 -1 inf
R 12 46 -1 inf
R 12 47 -1 inf
R 12 48 -1 inf
R 12 49 49 0.0053899150823387273
R 12 50 -1 inf
R 12 51 -1 inf
R 12 52 -1 inf
R 12 53 -1 inf
R 12 54 -1 inf
R 12 55 -1 inf
R 12 56 -1 inf
R 12 57 -1 inf
R 12 58 58 0.0071527637211705212
R 12 59 -1 inf
R 12 60 -1 inf
R 12 61 -1 inf
R 12 62 -1 inf
R 12 63 -1 inf
R 12 64 -1 inf
R 12 65 -1 inf
R 12 66 -1 inf
R 12 67 -1 inf
R 12 68 -1 inf
R 12 69 -1 inf
R 12 70 -1 inf
R 12 71 -1 inf
R 12 72 -1 inf
R 12 73 -1 inf
R 12 74 -1 inf
R 12 75 -1 inf
R 12 76 -1 inf
R 12 77 -1 inf
R 12 78 -1 inf
R 12 79 -1 inf
R 12 80 -1 inf
R 12 81 49 0.048626020297035194
R 12 82 49 0.050585401686529308
R 12 83 -1 inf
R 12 84 -1 inf
R 12 85 -1 inf
R 12 86 -1 inf
R 12 87 -1 inf
R 12 88 -1 inf
R 12 89 -1 inf
R 12 90 49 0.039721170753012201
R 12 91 49 0.037031289115436322
R 12 92 -1 inf
R 12 93 -1 inf
R 12 94 -1 inf
R 12 95 -1 inf
R 12 96 -1 inf
R 12 97 -1 inf
R 12 98 -1 inf
R 12 99 -1 inf
R 13 0 -1 inf
R 13 1 -1 inf
R 13 2 -1 inf
R 13 3 -1 inf
R 13 4 67 0.013936182564979053
R 13 5 67 0.044354654720044587
R 13 6 -1 inf
R 13 7 -1 inf
R 13 8 -1 inf
R 13 9 -1 inf
R 13 10 -1 inf
R 13 11 -1 inf
R 13 12 -1 inf
R 13 13 13 0
R 13 14 67 0.057137922773274452
R 13 15 -1 inf
R 13 16 -1 inf
R 13 17 -1 inf
R 13 18 -1 inf
R 13 19 -1 inf
R 13 20 -1 inf
R 13 21 -1 inf
R 13 22 -1 inf
R 13 23 -1 inf
R 13 24 -1 inf
R 13 25 -1 inf
R 13 26 -1 inf
R 13 27 67 0.076296489085699956
R 13 28 -1 inf
R 13 29 -1 inf
R 13 30 -1 inf
R 13 31 -1 inf
R 13 32 -1 inf
R 13 33 -1 inf
R 13 34 -1 inf
R 13 35 -1 inf
R 13 36 67 0.067151306843785105
R 13 37 67 0.063834240786944371
R 13 38 -1 inf
R 13 39 -1 inf
R 13 40 -1 inf
R 13 41 -1 inf
R 13 42 -1 inf
R 13 43 -1 inf
R 13 44 -1 inf
R 13 45 67 0.071994652959427863
R 13 46 67 0.05287080625094974
R 13 47 67 0.057787780849776406
R 13 48 -1 inf
R 13 49 -1 inf
R 13 50 -1 inf
R 13 51 -1 inf
R 13 52 -1 inf
R 13 53 -1 inf
R 13 54 67 0.0731987245682095
R 13 55 67 0.058423133562477005
R 13 56 67 0.045905340867659891
R 13 57 67 0.036103634170033969
R 13 58 -1 inf
R 13 59 -1 inf
R 13 60 -1 inf
R 13 61 -1 inf
R 13 62 -1 inf
R 13 63 67 0.080034063620900445
R 13 64 67 0.058662353473730028
R 13 65 67 0.039533595200399445
R 13 66 67 0.022506512918563266
R 13 67 67 0.0059557680566642741
R 13 68 -1 inf
R 13 69 -1 inf
R 13 70 -1 inf
R 13 71 -1 inf
R 13 72 -1 inf
R 13 73 67 0.061853959862450215
R 13 74 67 0.044113964144376051
R 13 75 67 0.029738756355970782
R 13 76 67 0.051001111564844305
R 13 77 -1 inf
R 13 78 -1 inf
R 13 79 -1 inf
R 13 80 -1 inf
R 13 81 -1 inf
R 13 82 -1 inf
R 13 83 67 0.052427817552655992
R 13 84 67 0.030277111882672011
R 13 85 67 0.043025877344527966
R 13 86 -1 inf
R 13 87 -1 inf
R 13 88 -1 inf
R 13 89 -1 inf
R 13 90 -1 inf
R 13 91 -1 inf
R 13 92 -1 inf
R 13 93 67 0.027298860754193615
R 13 94 67 0.038755018756774694
R 13 95 -1 inf
R 13 96 -1 inf
R 13 97 -1 inf
R 13 98 -1 inf
R 13 99 -1 inf
R 14 0 -1 inf
R 14 1 -1 inf
R 14 2 -1 inf
R 14 3 -1 inf
R 14 4 76 0.043201740208295397
R 14 5 76 0.012783268053229869
R 14 6 -1 inf
R 14 7 -1 inf
R 14 8 -1 inf
R 14 9 -1 inf
R 14 10 -1 inf
R 14 11 -1 inf
R 14 12 -1 inf
R 14 13 76 0.057137922773274452
R 14 14 14 0
R 14 15 -1 inf
R 14 16 -1 inf
R 14 17 -1 inf
R 14 18 -1 inf
R 14 19 -1 inf
R 14 20 -1 inf
R 14 21 -1 inf
R 14 22 -1 inf
R 14 23 -1 inf
R 14 24 -1 inf
R 14 25 -1 inf
R 14 26 -1 inf
R 14 27 76 0.077653123991358083
R 14 28 -1 inf
R 14 29 -1 inf
R 14 30 -1 inf
R 14 31 -1 inf
R 14 32 -1 inf
R 14 33 -1 inf
R 14 34 -1 inf
R 14 35 -1 inf
R 14 36 76 0.068507941749443232
R 14 37 76 0.065190875692602498
R 14 38 -1 inf
R 14 39 -1 inf
R 14 40 -1 inf
R 14 41 -1 inf
R 14 42 -1 inf
R 14 43 -1 inf
R 14 44 -1 inf
R 14 45 76 0.07335128786508599
R 14 46 76 0.054227441156607867
R 14 47 76 0.059144415755434519
R 14 48 -1 inf
R 14 49 -1 inf
R 14 50 -1 inf
R 14 51 -1 inf
R 14 52 -1 inf
R 14 53 -1 inf
R 14 54 76 0.074555359473867627
R 14 55 76 0.059779768468135132
R 14 56 76 0.047261975773318005
R 14 57 76 0.045283605534282706
R 14 58 -1 inf
R 14 59 -1 inf
R 14 60 -1 inf
R 14 61 -1 inf
R 14 62 -1 inf
R 14 63 76 0.081390698526558572
R 14 64 76 0.060018988379388155
R 14 65 76 0.040890230106057565
R 14 66 76 0.034631409854711186
R 14 67 76 0.051182154716610175
R 14 68 -1 inf
R 14 69 -1 inf
R 14 70 -1 inf
R 14 71 -1 inf
R 14 72 -1 inf
R 14 73 76 0.063210594768108336
R 14 74 76 0.045470599050034172
R 14 75 76 0.027399166417303673
R 14 76 76 0.0061368112084301506
R 14 77 -1 inf
R 14 78 -1 inf
R 14 79 -1 inf
R 14 80 -1 inf
R 14 81 -1 inf
R 14 82 -1 inf
R 14 83 76 0.053784452458314105
R 14 84 76 0.031633746788330128
R 14 85 76 0.014227566155918322
R 14 86 -1 inf
R 14 87 -1 inf
R 14 88 -1 inf
R 14 89 -1 inf
R 14 90 -1 inf
R 14 91 -1 inf
R 14 92 -1 inf
R 14 93 76 0.036478832118442356
R 14 94 76 0.018382904016499762
R 14 95 -1 inf
R 14 96 -1 inf
R 14 97 -1 inf
R 14 98 -1 inf
R 14 99 -1 inf
R 15 0 -1 inf
R 15 1 -1 inf
R 15 2 -1 inf
R 15 3 -1 inf
R 15 4 -1 inf
R 15 5 -1 inf
R 15 6 6 0.004448495066925867
R 15 7 6 0.021786807815497841
R 15 8 6 0.0548665397136434
R 15 9 -1 inf
R 15 10 -1 inf
R 15 11 -1 inf
R 15 12 -1 inf
R 15 13 -1 inf
R 15 14 -1 inf
R 15 15 15 0
R 15 16 6 0.017783073516887762
R 15 17 6 0.039110358520506074
R 15 18 -1 inf
R 15 19 -1 inf
R 15 20 -1 inf
R 15 21 -1 inf
R 15 22 -1 inf
R 15 23 -1 inf
R 15 24 24 0.008542318774571369
R 15 25 6 0.013579217118178808
R 15 26 6 0.03118933887144338
R 15 27 -1 inf
R 15 28 -1 inf
R 15 29 -1 inf
R 15 30 -1 inf
R 15 31 -1 inf
R 15 32 -1 inf
R 15 33 -1 inf
R 15 34 6 0.021275497608134061
R 15 35 6 0.026837086508972045
R 15 36 -1 inf
R 15 37 -1 inf
R 15 38 -1 inf
R 15 39 -1 inf
R 15 40 -1 inf
R 15 41 -1 inf
R 15 42 -1 inf
R 15 43 -1 inf
R 15 44 6 0.033669025664583414
R 15 45 -1 inf
R 15 46 -1 inf
R 15 47 -1 inf
R 15 48 -1 inf
R 15 49 -1 inf
R 15 50 -1 inf
R 15 51 -1 inf
R 15 52 -1 inf
R 15 53 6 0.046303231091150789
R 15 54 -1 inf
R 15 55 -1 inf
R 15 56 -1 inf
R 15 57 -1 inf
R 15 58 -1 inf
R 15 59 -1 inf
R 15 60 -1 inf
R 15 61 -1 inf
R 15 62 -1 inf
R 15 63 -1 inf
R 15 64 -1 inf
R 15 65 -1 inf
R 15 66 -1 inf
R 15 67 -1 inf
R 15 68 -1 inf
R 15 69 -1 inf
R 15 70 -1 inf
R 15 71 -1 inf
R 15 72 -1 inf
R 15 73 -1 inf
R 15 74 -1 inf
R 15 75 -1 inf
R 15 76 -1 inf
R 15 77 -1 inf
R 15 78 -1 inf
R 15 79 -1 inf
R 15 80 -1 inf
R 15 81 -1 inf
R 15 82 -1 inf
R 15 83 -1 inf
R 15 84 -1 inf
R 15 85 -1 inf
R 15 86 95 0.010605174578536313
R 15 87 -1 inf
R 15 88 -1 inf
R 15 89 -1 inf
R 15 90 -1 inf
R 15 91 -1 inf
R 15 92 -1 inf
R 15 93 -1 inf
R 15 94 -1 inf
R 15 95 95 0.0016861489153230532
R 15 96 6 0.028424208997165541
R 15 97 -1 inf
R 15 98 -1 inf
R 15 99 -1 inf
R 16 0 -1 inf
R 16 1 -1 inf
R 16 2 -1 inf
R 16 3 -1 inf
R 16 4 -1 inf
R 16 5 -1 inf
R 16 6 25 0.013334578449961894
R 16 7 7 0.0074769934240649909
R 16 8 35 0.037083466196755635
R 16 9 -1 inf
R 16 10 -1 inf
R 16 11 -1 inf
R 16 12 -1 inf
R 16 13 -1 inf
R 16 14 -1 inf
R 16 15 25 0.017783073516887762
R 16 16 16 0
R 16 17 35 0.021327285003618315
R 16 18 -1 inf
R 16 19 -1 inf
R 16 20 -1 inf
R 16 21 -1 inf
R 16 22 -1 inf
R 16 23 -1 inf
R 16 24 25 0.026325392291459131
R 16 25 25 0.0042038563987089545
R 16 26 35 0.013406265354555618
R 16 27 -1 inf
R 16 28 -1 inf
R 16 29 -1 inf
R 16 30 -1 inf
R 16 31 -1 inf
R 16 32 -1 inf
R 16 33 -1 inf
R 16 34 34 0.008611629210621136
R 16 35 35 0.009054012992084283
R 16 36 -1 inf
R 16 37 -1 inf
R 16 38 -1 inf
R 16 39 -1 inf
R 16 40 -1 inf
R 16 41 -1 inf
R 16 42 -1 inf
R 16 43 -1 inf
R 16 44 35 0.015885952147695656
R 16 45 -1 inf
R 16 46 -1 inf
R 16 47 -1 inf
R 16 48 -1 inf
R 16 49 -1 inf
R 16 50 -1 inf
R 16 51 -1 inf
R 16 52 -1 inf
R 16 53 35 0.02852015757426303
R 16 54 -1 inf
R 16 55 -1 inf
R 16 56 -1 inf
R 16 57 -1 inf
R 16 58 -1 inf
R 16 59 -1 inf
R 16 60 -1 inf
R 16 61 -1 inf
R 16 62 -1 inf
R 16 63 -1 inf
R 16 64 -1 inf
R 16 65 -1 inf
R 16 66 -1 inf
R 16 67 -1 inf
R 16 68 -1 inf
R 16 69 -1 inf
R 16 70 -1 inf
R 16 71 -1 inf
R 16 72 -1 inf
R 16 73 -1 inf
R 16 74 -1 inf
R 16 75 -1 inf
R 16 76 -1 inf
R 16 77 -1 inf
R 16 78 -1 inf
R 16 79 -1 inf
R 16 80 -1 inf
R 16 81 -1 inf
R 16 82 -1 inf
R 16 83 -1 inf
R 16 84 -1 inf
R 16 85 -1 inf
R 16 86 25 0.02737331888369679
R 16 87 -1 inf
R 16 88 -1 inf
R 16 89 -1 inf
R 16 90 -1 inf
R 16 91 -1 inf
R 16 92 -1 inf
R 16 93 -1 inf
R 16 94 -1 inf
R 16 95 25 0.018454293220483531
R 16 96 34 0.015760340599652617
R 16 97 -1 inf
R 16 98 -1 inf
R 16 99 -1 inf
R 17 0 -1 inf
R 17 1 -1 inf
R 17 2 -1 inf
R 17 3 -1 inf
R 17 4 -1 inf
R 17 5 -1 inf
R 17 6 44 0.034661863453580209
R 17 7 44 0.028804278427683308
R 17 8 53 0.015756181193137323
R 17 9 -1 inf
R 17 10 -1 inf
R 17 11 -1 inf
R 17 12 -1 inf
R 17 13 -1 inf
R 17 14 -1 inf
R 17 15 44 0.039110358520506074
R 17 16 44 0.021327285003618315
R 17 17 17 0
R 17 18 -1 inf
R 17 19 -1 inf
R 17 20 -1 inf
R 17 21 -1 inf
R 17 22 -1 inf
R 17 23 -1 inf
R 17 24 44 0.047652677295077439
R 17 25 44 0.025531141402327269
R 17 26 26 0.0083293625429126054
R 17 27 -1 inf
R 17 28 -1 inf
R 17 29 -1 inf
R 17 30 -1 inf
R 17 31 -1 inf
R 17 32 -1 inf
R 17 33 -1 inf
R 17 34 44 0.02993891421423945
R 17 35 44 0.012273272011534032
R 17 36 -1 inf
R 17 37 -1 inf
R 17 38 -1 inf
R 17 39 -1 inf
R 17 40 -1 inf
R 17 41 -1 inf
R 17 42 -1 inf
R 17 43 -1 inf
R 17 44 44 0.0054413328559226601
R 17 45 -1 inf
R 17 46 -1 inf
R 17 47 -1 inf
R 17 48 -1 inf
R 17 49 -1 inf
R 17 50 -1 inf
R 17 51 -1 inf
R 17 52 -1 inf
R 17 53 53 0.0071928725706447158
R 17 54 -1 inf
R 17 55 -1 inf
R 17 56 -1 inf
R 17 57 -1 inf
R 17 58 -1 inf
R 17 59 -1 inf
R 17 60 -1 inf
R 17 61 -1 inf
R 17 62 -1 inf
R 17 63 -1 inf
R 17 64 -1 inf
R 17 65 -1 inf
R 17 66 -1 inf
R 17 67 -1 inf
R 17 68 -1 inf
R 17 69 -1 inf
R 17 70 -1 inf
R 17 71 -1 inf
R 17 72 -1 inf
R 17 73 -1 inf
R 17 74 -1 inf
R 17 75 -1 inf
R 17 76 -1 inf
R 17 77 -1 inf
R 17 78 -1 inf
R 17 79 -1 inf
R 17 80 -1 inf
R 17 81 -1 inf
R 17 82 -1 inf
R 17 83 -1 inf
R 17 84 -1 inf
R 17 85 -1 inf
R 17 86 44 0.048700603887315105
R 17 87 -1 inf
R 17 88 -1 inf
R 17 89 -1 inf
R 17 90 -1 inf
R 17 91 -1 inf
R 17 92 -1 inf
R 17 93 -1 inf
R 17 94 -1 inf
R 17 95 44 0.039781578224101846
R 17 96 44 0.037087625603270932
R 17 97 -1 inf
R 17 98 -1 inf
R 17 99 -1 inf
R 18 0 62 0.044305245501965441
R 18 1 -1 inf
R 18 2 -1 inf
R 18 3 -1 inf
R 18 4 -1 inf
R 18 5 -1 inf
R 18 6 -1 inf
R 18 7 -1 inf
R 18 8 -1 inf
R 18 9 62 0.013899341239642617
R 18 10 -1 inf
R 18 11 -1 inf
R 18 12 -1 inf
R 18 13 -1 inf
R 18 14 -1 inf
R 18 15 -1 inf
R 18 16 -1 inf
R 18 17 -1 inf
R 18 18 18 0
R 18 19 62 0.053605975626053022
R 18 20 -1 inf
R 18 21 -1 inf
R 18 22 62 0.076222633284396338
R 18 23 -1 inf
R 18 24 -1 inf
R 18 25 -1 inf
R 18 26 -1 inf
R 18 27 -1 inf
R 18 28 -1 inf
R 18 29 -1 inf
R 18 30 -1 inf
R 18 31 62 0.067091195477944732
R 18 32 62 0.063787743961861598
R 18 33 -1 inf
R 18 34 -1 inf
R 18 35 -1 inf
R 18 36 -1 inf
R 18 37 -1 inf
R 18 38 -1 inf
R 18 39 -1 inf
R 18 40 62 0.071906990857145567
R 18 41 62 0.052830786114762635
R 18 42 62 0.057652081574242682
R 18 43 -1 inf
R 18 44 -1 inf
R 18 45 -1 inf
R 18 46 -1 inf
R 18 47 -1 inf
R 18 48 -1 inf
R 18 49 -1 inf
R 18 50 62 0.058360774300511828
R 18 51 62 0.045821996761273291
R 18 52 62 0.035995977177295052
R 18 53 -1 inf
R 18 54 -1 inf
R 18 55 -1 inf
R 18 56 -1 inf
R 18 57 -1 inf
R 18 58 -1 inf
R 18 59 62 0.07305778509095022
R 18 60 62 0.039469354192276103
R 18 61 62 0.022465089957121754
R 18 62 62 0.0059823584521047557
R 18 63 -1 inf
R 18 64 -1 inf
R 18 65 -1 inf
R 18 66 -1 inf
R 18 67 -1 inf
R 18 68 62 0.079937743955172114
R 18 69 62 0.0585535567006817
R 18 70 62 0.029680256367183026
R 18 71 62 0.051001235838174855
R 18 72 -1 inf
R 18 73 -1 inf
R 18 74 -1 inf
R 18 75 -1 inf
R 18 76 -1 inf
R 18 77 -1 inf
R 18 78 62 0.061724727730874535
R 18 79 62 0.044002298485177616
R 18 80 62 0.042962059514650507
R 18 81 -1 inf
R 18 82 -1 inf
R 18 83 -1 inf
R 18 84 -1 inf
R 18 85 -1 inf
R 18 86 -1 inf
R 18 87 -1 inf
R 18 88 62 0.052249510155354957
R 18 89 62 0.030199045537287004
R 18 90 -1 inf
R 18 91 -1 inf
R 18 92 -1 inf
R 18 93 -1 inf
R 18 94 -1 inf
R 18 95 -1 inf
R 18 96 -1 inf
R 18 97 -1 inf
R 18 98 62 0.027159694827307304
R 18 99 62 0.038728282220374263
R 19 0 0 0.0093007301240875806
R 19 1 -1 inf
R 19 2 -1 inf
R 19 3 -1 inf
R 19 4 -1 inf
R 19 5 -1 inf
R 19 6 -1 inf
R 19 7 -1 inf
R 19 8 -1 inf
R 19 9 0 0.039706634386410401
R 19 10 -1 inf
R 19 11 -1 inf
R 19 12 -1 inf
R 19 13 -1 inf
R 19 14 -1 inf
R 19 15 -1 inf
R 19 16 -1 inf
R 19 17 -1 inf
R 19 18 0 0.053605975626053022
R 19 19 19 0
R 19 20 -1 inf
R 19 21 -1 inf
R 19 22 0 0.074140007701079105
R 19 23 -1 inf
R 19 24 -1 inf
R 19 25 -1 inf
R 19 26 -1 inf
R 19 27 -1 inf
R 19 28 -1 inf
R 19 29 -1 inf
R 19 30 -1 inf
R 19 31 0 0.065008569894627499
R 19 32 0 0.061705118378544359
R 19 33 -1 inf
R 19 34 -1 inf
R 19 35 -1 inf
R 19 36 -1 inf
R 19 37 -1 inf
R 19 38 -1 inf
R 19 39 -1 inf
R 19 40 0 0.069824365273828334
R 19 41 0 0.050748160531445402
R 19 42 0 0.055569455990925443
R 19 43 -1 inf
R 19 44 -1 inf
R 19 45 -1 inf
R 19 46 -1 inf
R 19 47 -1 inf
R 19 48 -1 inf
R 19 49 -1 inf
R 19 50 0 0.056278148717194595
R 19 51 0 0.043739371177956052
R 19 52 0 0.041759247638856564
R 19 53 -1 inf
R 19 54 -1 inf
R 19 55 -1 inf
R 19 56 -1 inf
R 19 57 -1 inf
R 19 58 -1 inf
R 19 59 0 0.070975159507632987
R 19 60 0 0.037386728608958864
R 19 61 0 0.031140885668931265
R 19 62 0 0.047623617173948266
R 19 63 -1 inf
R 19 64 -1 inf
R 19 65 -1 inf
R 19 66 -1 inf
R 19 67 -1 inf
R 19 68 0 0.077855118371854881
R 19 69 0 0.056470931117364467
R 19 70 0 0.023925719258869993
R 19 71 71 0.0061789151355652527
R 19 72 -1 inf
R 19 73 -1 inf
R 19 74 -1 inf
R 19 75 -1 inf
R 19 76 -1 inf
R 19 77 -1 inf
R 19 78 0 0.059642102147557302
R 19 79 0 0.041919672901860383
R 19 80 0 0.012005922183993625
R 19 81 -1 inf
R 19 82 -1 inf
R 19 83 -1 inf
R 19 84 -1 inf
R 19 85 -1 inf
R 19 86 -1 inf
R 19 87 -1 inf
R 19 88 0 0.050166884572037718
R 19 89 0 0.028116419953969768
R 19 90 -1 inf
R 19 91 -1 inf
R 19 92 -1 inf
R 19 93 -1 inf
R 19 94 -1 inf
R 19 95 -1 inf
R 19 96 -1 inf
R 19 97 -1 inf
R 19 98 0 0.032922965288868816
R 19 99 0 0.014877693405678755
R 20 0 -1 inf
R 20 1 1 0.0091500796928127848
R 20 2 2 0.0081737141862003176
R 20 3 11 0.04123656020677003
R 20 4 -1 inf
R 20 5 -1 inf
R 20 6 -1 inf
R 20 7 -1 inf
R 20 8 -1 inf
R 20 9 -1 inf
R 20 10 1 0.013551822415406267
R 20 11 11 0.004161619242520391
R 20 12 11 0.025424860298160226
R 20 13 -1 inf
R 20 14 -1 inf
R 20 15 -1 inf
R 20 16 -1 inf
R 20 17 -1 inf
R 20 18 -1 inf
R 20 19 -1 inf
R 20 20 20 0
R 20 21 11 0.01756880181579186
R 20 22 -1 inf
R 20 23 -1 inf
R 20 24 -1 inf
R 20 25 -1 inf
R 20 26 -1 inf
R 20 27 -1 inf
R 20 28 -1 inf
R 20 29 1 0.02204688646555937
R 20 30 11 0.013251399989327808
R 20 31 -1 inf
R 20 32 -1 inf
R 20 33 -1 inf
R 20 34 -1 inf
R 20 35 -1 inf
R 20 36 -1 inf
R 20 37 -1 inf
R 20 38 39 0.024149938733756239
R 20 39 39 0.0076482903687734487
R 20 40 -1 inf
R 20 41 -1 inf
R 20 42 -1 inf
R 20 43 -1 inf
R 20 44 -1 inf
R 20 45 -1 inf
R 20 46 -1 inf
R 20 47 -1 inf
R 20 48 -1 inf
R 20 49 11 0.020034945215821498
R 20 50 -1 inf
R 20 51 -1 inf
R 20 52 -1 inf
R 20 53 -1 inf
R 20 54 -1 inf
R 20 55 -1 inf
R 20 56 -1 inf
R 20 57 -1 inf
R 20 58 11 0.032577624019330745
R 20 59 -1 inf
R 20 60 -1 inf
R 20 61 -1 inf
R 20 62 -1 inf
R 20 63 -1 inf
R 20 64 -1 inf
R 20 65 -1 inf
R 20 66 -1 inf
R 20 67 -1 inf
R 20 68 -1 inf
R 20 69 -1 inf
R 20 70 -1 inf
R 20 71 -1 inf
R 20 72 -1 inf
R 20 73 -1 inf
R 20 74 -1 inf
R 20 75 -1 inf
R 20 76 -1 inf
R 20 77 -1 inf
R 20 78 -1 inf
R 20 79 -1 inf
R 20 80 -1 inf
R 20 81 1 0.023201159998874975
R 20 82 39 0.028441506930152689
R 20 83 -1 inf
R 20 84 -1 inf
R 20 85 -1 inf
R 20 86 -1 inf
R 20 87 -1 inf
R 20 88 -1 inf
R 20 89 -1 inf
R 20 90 1 0.014296310454851977
R 20 91 39 0.014887394359059704
R 20 92 -1 inf
R 20 93 -1 inf
R 20 94 -1 inf
R 20 95 -1 inf
R 20 96 -1 inf
R 20 97 -1 inf
R 20 98 -1 inf
R 20 99 -1 inf
R 21 0 -1 inf
R 21 1 30 0.026718881508604644
R 21 2 30 0.020867551011541828
R 21 3 12 0.024125864858128274
R 21 4 -1 inf
R 21 5 -1 inf
R 21 6 -1 inf
R 21 7 -1 inf
R 21 8 -1 inf
R 21 9 -1 inf
R 21 10 30 0.031120624231198126
R 21 11 30 0.013407182573271467
R 21 12 12 0.0083141649495184662
R 21 13 -1 inf
R 21 14 -1 inf
R 21 15 -1 inf
R 21 16 -1 inf
R 21 17 -1 inf
R 21 18 -1 inf
R 21 19 -1 inf
R 21 20 30 0.01756880181579186
R 21 21 21 0
R 21 22 -1 inf
R 21 23 -1 inf
R 21 24 -1 inf
R 21 25 -1 inf
R 21 26 -1 inf
R 21 27 -1 inf
R 21 28 -1 inf
R 21 29 30 0.03961568828135123
R 21 30 30 0.0043174018264640502
R 21 31 -1 inf
R 21 32 -1 inf
R 21 33 -1 inf
R 21 34 -1 inf
R 21 35 -1 inf
R 21 36 -1 inf
R 21 37 -1 inf
R 21 38 30 0.038437775007764491
R 21 39 30 0.021936126642781703
R 21 40 -1 inf
R 21 41 -1 inf
R 21 42 -1 inf
R 21 43 -1 inf
R 21 44 -1 inf
R 21 45 -1 inf
R 21 46 -1 inf
R 21 47 -1 inf
R 21 48 -1 inf
R 21 49 49 0.0070233986597426955
R 21 50 -1 inf
R 21 51 -1 inf
R 21 52 -1 inf
R 21 53 -1 inf
R 21 54 -1 inf
R 21 55 -1 inf
R 21 56 -1 inf
R 21 57 -1 inf
R 21 58 12 0.015466928670688988
R 21 59 -1 inf
R 21 60 -1 inf
R 21 61 -1 inf
R 21 62 -1 inf
R 21 63 -1 inf
R 21 64 -1 inf
R 21 65 -1 inf
R 21 66 -1 inf
R 21 67 -1 inf
R 21 68 -1 inf
R 21 69 -1 inf
R 21 70 -1 inf
R 21 71 -1 inf
R 21 72 -1 inf
R 21 73 -1 inf
R 21 74 -1 inf
R 21 75 -1 inf
R 21 76 -1 inf
R 21 77 -1 inf
R 21 78 -1 inf
R 21 79 -1 inf
R 21 80 -1 inf
R 21 81 30 0.040769961814666827
R 21 82 30 0.042729343204160941
R 21 83 -1 inf
R 21 84 -1 inf
R 21 85 -1 inf
R 21 86 -1 inf
R 21 87 -1 inf
R 21 88 -1 inf
R 21 89 -1 inf
R 21 90 30 0.031865112270643835
R 21 91 30 0.029175230633067959
R 21 92 -1 inf
R 21 93 -1 inf
R 21 94 -1 inf
R 21 95 -1 inf
R 21 96 -1 inf
R 21 97 -1 inf
R 21 98 -1 inf
R 21 99 -1 inf
R 22 0 31 0.064839277576991539
R 22 1 -1 inf
R 22 2 -1 inf
R 22 3 -1 inf
R 22 4 -1 inf
R 22 5 -1 inf
R 22 6 -1 inf
R 22 7 -1 inf
R 22 8 -1 inf
R 22 9 31 0.062323292044753738
R 22 10 -1 inf
R 22 11 -1 inf
R 22 12 -1 inf
R 22 13 -1 inf
R 22 14 -1 inf
R 22 15 -1 inf
R 22 16 -1 inf
R 22 17 -1 inf
R 22 18 31 0.076222633284396352
R 22 19 31 0.074140007701079119
R 22 20 -1 inf
R 22 21 -1 inf
R 22 22 22 0
R 22 23 -1 inf
R 22 24 -1 inf
R 22 25 -1 inf
R 22 26 -1 inf
R 22 27 -1 inf
R 22 28 -1 inf
R 22 29 -1 inf
R 22 30 -1 inf
R 22 31 31 0.0091314378064516095
R 22 32 31 0.034348805016732674
R 22 33 -1 inf
R 22 34 -1 inf
R 22 35 -1 inf
R 22 36 -1 inf
R 22 37 -1 inf
R 22 38 -1 inf
R 22 39 -1 inf
R 22 40 59 0.013539834889077836
R 22 41 31 0.023391847169633717
R 22 42 31 0.046351120669466034
R 22 43 -1 inf
R 22 44 -1 inf
R 22 45 -1 inf
R 22 46 -1 inf
R 22 47 -1 inf
R 22 48 -1 inf
R 22 49 -1 inf
R 22 50 31 0.022824668804963553
R 22 51 31 0.038632304445088396
R 22 52 31 0.062750932550008187
R 22 53 -1 inf
R 22 54 -1 inf
R 22 55 -1 inf
R 22 56 -1 inf
R 22 57 -1 inf
R 22 58 -1 inf
R 22 59 59 0.0076050615414193154
R 22 60 31 0.036753279092120256
R 22 61 31 0.053757543327274601
R 22 62 31 0.070240274832291602
R 22 63 -1 inf
R 22 64 -1 inf
R 22 65 -1 inf
R 22 66 -1 inf
R 22 67 -1 inf
R 22 68 68 0.0037151106707757802
R 22 69 31 0.017669076583714648
R 22 70 31 0.050214288442209126
R 22 71 31 0.071535267913200959
R 22 72 -1 inf
R 22 73 -1 inf
R 22 74 -1 inf
R 22 75 -1 inf
R 22 76 -1 inf
R 22 77 -1 inf
R 22 78 31 0.032285788785745617
R 22 79 31 0.032220334799218736
R 22 80 31 0.063496091589676618
R 22 81 -1 inf
R 22 82 -1 inf
R 22 83 -1 inf
R 22 84 -1 inf
R 22 85 -1 inf
R 22 86 -1 inf
R 22 87 -1 inf
R 22 88 31 0.040948549250578309
R 22 89 31 0.046023587747109351
R 22 90 -1 inf
R 22 91 -1 inf
R 22 92 -1 inf
R 22 93 -1 inf
R 22 94 -1 inf
R 22 95 -1 inf
R 22 96 -1 inf
R 22 97 -1 inf
R 22 98 31 0.053914650200020432
R 22 99 31 0.059262314295400367
R 23 0 -1 inf
R 23 1 -1 inf
R 23 2 -1 inf
R 23 3 -1 inf
R 23 4 -1 inf
R 23 5 -1 inf
R 23 6 -1 inf
R 23 7 -1 inf
R 23 8 -1 inf
R 23 9 -1 inf
R 23 10 -1 inf
R 23 11 -1 inf
R 23 12 -1 inf
R 23 13 -1 inf
R 23 14 -1 inf
R 23 15 -1 inf
R 23 16 -1 inf
R 23 17 -1 inf
R 23 18 -1 inf
R 23 19 -1 inf
R 23 20 -1 inf
R 23 21 -1 inf
R 23 22 -1 inf
R 23 23 23 0
R 23 24 -1 inf
R 23 25 -1 inf
R 23 26 -1 inf
R 23 27 -1 inf
R 23 28 -1 inf
R 23 29 -1 inf
R 23 30 -1 inf
R 23 31 -1 inf
R 23 32 -1 inf
R 23 33 -1 inf
R 23 34 -1 inf
R 23 35 -1 inf
R 23 36 -1 inf
R 23 37 -1 inf
R 23 38 -1 inf
R 23 39 -1 inf
R 23 40 -1 inf
R 23 41 -1 inf
R 23 42 -1 inf
R 23 43 -1 inf
R 23 44 -1 inf
R 23 45 -1 inf
R 23 46 -1 inf
R 23 47 -1 inf
R 23 48 -1 inf
R 23 49 -1 inf
R 23 50 -1 inf
R 23 51 -1 inf
R 23 52 -1 inf
R 23 53 -1 inf
R 23 54 -1 inf
R 23 55 -1 inf
R 23 56 -1 inf
R 23 57 -1 inf
R 23 58 -1 inf
R 23 59 -1 inf
R 23 60 -1 inf
R 23 61 -1 inf
R 23 62 -1 inf
R 23 63 -1 inf
R 23 64 -1 inf
R 23 65 -1 inf
R 23 66 -1 inf
R 23 67 -1 inf
R 23 68 -1 inf
R 23 69 -1 inf
R 23 70 -1 inf
R 23 71 -1 inf
R 23 72 -1 inf
R 23 73 -1 inf
R 23 74 -1 inf
R 23 75 -1 inf
R 23 76 -1 inf
R 23 77 77 0.0029839494789695689
R 23 78 -1 inf
R 23 79 -1 inf
R 23 80 -1 inf
R 23 81 -1 inf
R 23 82 -1 inf
R 23 83 -1 inf
R 23 84 -1 inf
R 23 85 -1 inf
R 23 86 -1 inf
R 23 87 -1 inf
R 23 88 -1 inf
R 23 89 -1 inf
R 23 90 -1 inf
R 23 91 -1 inf
R 23 92 -1 inf
R 23 93 -1 inf
R 23 94 -1 inf
R 23 95 -1 inf
R 23 96 -1 inf
R 23 97 -1 inf
R 23 98 -1 inf
R 23 99 -1 inf
R 24 0 -1 inf
R 24 1 -1 inf
R 24 2 -1 inf
R 24 3 -1 inf
R 24 4 -1 inf
R 24 5 -1 inf
R 24 6 15 0.012990813841497237
R 24 7 15 0.030329126590069207
R 24 8 15 0.063408858488214773
R 24 9 -1 inf
R 24 10 -1 inf
R 24 11 -1 inf
R 24 12 -1 inf
R 24 13 -1 inf
R 24 14 -1 inf
R 24 15 15 0.008542318774571369
R 24 16 15 0.026325392291459131
R 24 17 15 0.047652677295077446
R 24 18 -1 inf
R 24 19 -1 inf
R 24 20 -1 inf
R 24 21 -1 inf
R 24 22 -1 inf
R 24 23 -1 inf
R 24 24 24 0
R 24 25 15 0.022121535892750177
R 24 26 15 0.039731657646014752
R 24 27 -1 inf
R 24 28 -1 inf
R 24 29 -1 inf
R 24 30 -1 inf
R 24 31 -1 inf
R 24 32 -1 inf
R 24 33 -1 inf
R 24 34 15 0.029817816382705434
R 24 35 15 0.035379405283543414
R 24 36 -1 inf
R 24 37 -1 inf
R 24 38 -1 inf
R 24 39 -1 inf
R 24 40 -1 inf
R 24 41 -1 inf
R 24 42 -1 inf
R 24 43 -1 inf
R 24 44 15 0.042211344439154787
R 24 45 -1 inf
R 24 46 -1 inf
R 24 47 -1 inf
R 24 48 -1 inf
R 24 49 -1 inf
R 24 50 -1 inf
R 24 51 -1 inf
R 24 52 -1 inf
R 24 53 15 0.054845549865722161
R 24 54 -1 inf
R 24 55 -1 inf
R 24 56 -1 inf
R 24 57 -1 inf
R 24 58 -1 inf
R 24 59 -1 inf
R 24 60 -1 inf
R 24 61 -1 inf
R 24 62 -1 inf
R 24 63 -1 inf
R 24 64 -1 inf
R 24 65 -1 inf
R 24 66 -1 inf
R 24 67 -1 inf
R 24 68 -1 inf
R 24 69 -1 inf
R 24 70 -1 inf
R 24 71 -1 inf
R 24 72 -1 inf
R 24 73 -1 inf
R 24 74 -1 inf
R 24 75 -1 inf
R 24 76 -1 inf
R 24 77 -1 inf
R 24 78 -1 inf
R 24 79 -1 inf
R 24 80 -1 inf
R 24 81 -1 inf
R 24 82 -1 inf
R 24 83 -1 inf
R 24 84 -1 inf
R 24 85 -1 inf
R 24 86 86 0.0054496682472879952
R 24 87 -1 inf
R 24 88 -1 inf
R 24 89 -1 inf
R 24 90 -1 inf
R 24 91 -1 inf
R 24 92 -1 inf
R 24 93 -1 inf
R 24 94 -1 inf
R 24 95 95 0.0081992997852968139
R 24 96 15 0.03696652777173691
R 24 97 -1 inf
R 24 98 -1 inf
R 24 99 -1 inf
R 25 0 -1 inf
R 25 1 -1 inf
R 25 2 -1 inf
R 25 3 -1 inf
R 25 4 -1 inf
R 25 5 -1 inf
R 25 6 6 0.0091307220512529402
R 25 7 7 0.0082075906973190314
R 25 8 16 0.041287322595464596
R 25 9 -1 inf
R 25 10 -1 inf
R 25 11 -1 inf
R 25 12 -1 inf
R 25 13 -1 inf
R 25 14 -1 inf
R 25 15 6 0.013579217118178808
R 25 16 16 0.0042038563987089545
R 25 17 16 0.025531141402327269
R 25 18 -1 inf
R 25 19 -1 inf
R 25 20 -1 inf
R 25 21 -1 inf
R 25 22 -1 inf
R 25 23 -1 inf
R 25 24 6 0.022121535892750177
R 25 25 25 0
R 25 26 16 0.017610121753264572
R 25 27 -1 inf
R 25 28 -1 inf
R 25 29 -1 inf
R 25 30 -1 inf
R 25 31 -1 inf
R 25 32 -1 inf
R 25 33 -1 inf
R 25 34 34 0.007696280489955255
R 25 35 16 0.013257869390793237
R 25 36 -1 inf
R 25 37 -1 inf
R 25 38 -1 inf
R 25 39 -1 inf
R 25 40 -1 inf
R 25 41 -1 inf
R 25 42 -1 inf
R 25 43 -1 inf
R 25 44 16 0.02008980854640461
R 25 45 -1 inf
R 25 46 -1 inf
R 25 47 -1 inf
R 25 48 -1 inf
R 25 49 -1 inf
R 25 50 -1 inf
R 25 51 -1 inf
R 25 52 -1 inf
R 25 53 16 0.032724013972971984
R 25 54 -1 inf
R 25 55 -1 inf
R 25 56 -1 inf
R 25 57 -1 inf
R 25 58 -1 inf
R 25 59 -1 inf
R 25 60 -1 inf
R 25 61 -1 inf
R 25 62 -1 inf
R 25 63 -1 inf
R 25 64 -1 inf
R 25 65 -1 inf
R 25 66 -1 inf
R 25 67 -1 inf
R 25 68 -1 inf
R 25 69 -1 inf
R 25 70 -1 inf
R 25 71 -1 inf
R 25 72 -1 inf
R 25 73 -1 inf
R 25 74 -1 inf
R 25 75 -1 inf
R 25 76 -1 inf
R 25 77 -1 inf
R 25 78 -1 inf
R 25 79 -1 inf
R 25 80 -1 inf
R 25 81 -1 inf
R 25 82 -1 inf
R 25 83 -1 inf
R 25 84 -1 inf
R 25 85 -1 inf
R 25 86 6 0.023169462484987836
R 25 87 -1 inf
R 25 88 -1 inf
R 25 89 -1 inf
R 25 90 -1 inf
R 25 91 -1 inf
R 25 92 -1 inf
R 25 93 -1 inf
R 25 94 -1 inf
R 25 95 6 0.014250436821774577
R 25 96 34 0.014844991878986734
R 25 97 -1 inf
R 25 98 -1 inf
R 25 99 -1 inf
R 26 0 -1 inf
R 26 1 -1 inf
R 26 2 -1 inf
R 26 3 -1 inf
R 26 4 -1 inf
R 26 5 -1 inf
R 26 6 35 0.026740843804517512
R 26 7 35 0.020883258778620607
R 26 8 17 0.02408554373604993
R 26 9 -1 inf
R 26 10 -1 inf
R 26 11 -1 inf
R 26 12 -1 inf
R 26 13 -1 inf
R 26 14 -1 inf
R 26 15 35 0.03118933887144338
R 26 16 35 0.013406265354555618
R 26 17 17 0.0083293625429126054
R 26 18 -1 inf
R 26 19 -1 inf
R 26 20 -1 inf
R 26 21 -1 inf
R 26 22 -1 inf
R 26 23 -1 inf
R 26 24 35 0.039731657646014745
R 26 25 35 0.017610121753264572
R 26 26 26 0
R 26 27 -1 inf
R 26 28 -1 inf
R 26 29 -1 inf
R 26 30 -1 inf
R 26 31 -1 inf
R 26 32 -1 inf
R 26 33 -1 inf
R 26 34 35 0.022017894565176756
R 26 35 35 0.004352252362471336
R 26 36 -1 inf
R 26 37 -1 inf
R 26 38 -1 inf
R 26 39 -1 inf
R 26 40 -1 inf
R 26 41 -1 inf
R 26 42 -1 inf
R 26 43 -1 inf
R 26 44 44 0.0071067957928730883
R 26 45 -1 inf
R 26 46 -1 inf
R 26 47 -1 inf
R 26 48 -1 inf
R 26 49 -1 inf
R 26 50 -1 inf
R 26 51 -1 inf
R 26 52 -1 inf
R 26 53 17 0.015522235113557322
R 26 54 -1 inf
R 26 55 -1 inf
R 26 56 -1 inf
R 26 57 -1 inf
R 26 58 -1 inf
R 26 59 -1 inf
R 26 60 -1 inf
R 26 61 -1 inf
R 26 62 -1 inf
R 26 63 -1 inf
R 26 64 -1 inf
R 26 65 -1 inf
R 26 66 -1 inf
R 26 67 -1 inf
R 26 68 -1 inf
R 26 69 -1 inf
R 26 70 -1 inf
R 26 71 -1 inf
R 26 72 -1 inf
R 26 73 -1 inf
R 26 74 -1 inf
R 26 75 -1 inf
R 26 76 -1 inf
R 26 77 -1 inf
R 26 78 -1 inf
R 26 79 -1 inf
R 26 80 -1 inf
R 26 81 -1 inf
R 26 82 -1 inf
R 26 83 -1 inf
R 26 84 -1 inf
R 26 85 -1 inf
R 26 86 35 0.040779584238252412
R 26 87 -1 inf
R 26 88 -1 inf
R 26 89 -1 inf
R 26 90 -1 inf
R 26 91 -1 inf
R 26 92 -1 inf
R 26 93 -1 inf
R 26 94 -1 inf
R 26 95 35 0.031860558575039152
R 26 96 35 0.029166605954208235
R 26 97 -1 inf
R 26 98 -1 inf
R 26 99 -1 inf
R 27 0 -1 inf
R 27 1 -1 inf
R 27 2 -1 inf
R 27 3 -1 inf
R 27 4 36 0.062360306520720894
R 27 5 36 0.06486985593812819
R 27 6 -1 inf
R 27 7 -1 inf
R 27 8 -1 inf
R 27 9 -1 inf
R 27 10 -1 inf
R 27 11 -1 inf
R 27 12 -1 inf
R 27 13 36 0.076296489085699942
R 27 14 36 0.077653123991358056
R 27 15 -1 inf
R 27 16 -1 inf
R 27 17 -1 inf
R 27 18 -1 inf
R 27 19 -1 inf
R 27 20 -1 inf
R 27 21 -1 inf
R 27 22 -1 inf
R 27 23 -1 inf
R 27 24 -1 inf
R 27 25 -1 inf
R 27 26 -1 inf
R 27 27 27 0
R 27 28 -1 inf
R 27 29 -1 inf
R 27 30 -1 inf
R 27 31 -1 inf
R 27 32 -1 inf
R 27 33 -1 inf
R 27 34 -1 inf
R 27 35 -1 inf
R 27 36 36 0.0091451822419148475
R 27 37 36 0.034389117370744848
R 27 38 -1 inf
R 27 39 -1 inf
R 27 40 -1 inf
R 27 41 -1 inf
R 27 42 -1 inf
R 27 43 -1 inf
R 27 44 -1 inf
R 27 45 54 0.013613433336976608
R 27 46 36 0.023425682834750213
R 27 47 36 0.046317670841121324
R 27 48 -1 inf
R 27 49 -1 inf
R 27 50 -1 inf
R 27 51 -1 inf
R 27 52 -1 inf
R 27 53 -1 inf
R 27 54 54 0.0076300826465698817
R 27 55 36 0.022838200410071952
R 27 56 36 0.038645086046564435
R 27 57 36 0.062763034439751342
R 27 58 -1 inf
R 27 59 -1 inf
R 27 60 -1 inf
R 27 61 -1 inf
R 27 62 -1 inf
R 27 63 63 0.0037375745352004951
R 27 64 36 0.017634135611969925
R 27 65 36 0.036762893885300511
R 27 66 36 0.053789976167136683
R 27 67 36 0.070340721029035672
R 27 68 -1 inf
R 27 69 -1 inf
R 27 70 -1 inf
R 27 71 -1 inf
R 27 72 -1 inf
R 27 73 36 0.032408836446250686
R 27 74 36 0.032182524941323905
R 27 75 36 0.050253957574054396
R 27 76 36 0.071516312782927902
R 27 77 -1 inf
R 27 78 -1 inf
R 27 79 -1 inf
R 27 80 -1 inf
R 27 81 -1 inf
R 27 82 -1 inf
R 27 83 36 0.04095770754400091
R 27 84 36 0.046019377203027942
R 27 85 36 0.063541078562611583
R 27 86 -1 inf
R 27 87 -1 inf
R 27 88 -1 inf
R 27 89 -1 inf
R 27 90 -1 inf
R 27 91 -1 inf
R 27 92 -1 inf
R 27 93 36 0.053958261023910992
R 27 94 36 0.059270219974858304
R 27 95 -1 inf
R 27 96 -1 inf
R 27 97 -1 inf
R 27 98 -1 inf
R 27 99 -1 inf
R 28 0 -1 inf
R 28 1 -1 inf
R 28 2 -1 inf
R 28 3 -1 inf
R 28 4 -1 inf
R 28 5 -1 inf
R 28 6 -1 inf
R 28 7 -1 inf
R 28 8 -1 inf
R 28 9 -1 inf
R 28 10 -1 inf
R 28 11 -1 inf
R 28 12 -1 inf
R 28 13 -1 inf
R 28 14 -1 inf
R 28 15 -1 inf
R 28 16 -1 inf
R 28 17 -1 inf
R 28 18 -1 inf
R 28 19 -1 inf
R 28 20 -1 inf
R 28 21 -1 inf
R 28 22 -1 inf
R 28 23 -1 inf
R 28 24 -1 inf
R 28 25 -1 inf
R 28 26 -1 inf
R 28 27 -1 inf
R 28 28 28 0
R 28 29 -1 inf
R 28 30 -1 inf
R 28 31 -1 inf
R 28 32 -1 inf
R 28 33 -1 inf
R 28 34 -1 inf
R 28 35 -1 inf
R 28 36 -1 inf
R 28 37 -1 inf
R 28 38 -1 inf
R 28 39 -1 inf
R 28 40 -1 inf
R 28 41 -1 inf
R 28 42 -1 inf
R 28 43 -1 inf
R 28 44 -1 inf
R 28 45 -1 inf
R 28 46 -1 inf
R 28 47 -1 inf
R 28 48 -1 inf
R 28 49 -1 inf
R 28 50 -1 inf
R 28 51 -1 inf
R 28 52 -1 inf
R 28 53 -1 inf
R 28 54 -1 inf
R 28 55 -1 inf
R 28 56 -1 inf
R 28 57 -1 inf
R 28 58 -1 inf
R 28 59 -1 inf
R 28 60 -1 inf
R 28 61 -1 inf
R 28 62 -1 inf
R 28 63 -1 inf
R 28 64 -1 inf
R 28 65 -1 inf
R 28 66 -1 inf
R 28 67 -1 inf
R 28 68 -1 inf
R 28 69 -1 inf
R 28 70 -1 inf
R 28 71 -1 inf
R 28 72 72 0.0030667351574282828
R 28 73 -1 inf
R 28 74 -1 inf
R 28 75 -1 inf
R 28 76 -1 inf
R 28 77 -1 inf
R 28 78 -1 inf
R 28 79 -1 inf
R 28 80 -1 inf
R 28 81 -1 inf
R 28 82 -1 inf
R 28 83 -1 inf
R 28 84 -1 inf
R 28 85 -1 inf
R 28 86 -1 inf
R 28 87 -1 inf
R 28 88 -1 inf
R 28 89 -1 inf
R 28 90 -1 inf
R 28 91 -1 inf
R 28 92 -1 inf
R 28 93 -1 inf
R 28 94 -1 inf
R 28 95 -1 inf
R 28 96 -1 inf
R 28 97 -1 inf
R 28 98 -1 inf
R 28 99 -1 inf
R 29 0 -1 inf
R 29 1 10 0.012896806772746586
R 29 2 10 0.030220600651759688
R 29 3 10 0.063283446672329408
R 29 4 -1 inf
R 29 5 -1 inf
R 29 6 -1 inf
R 29 7 -1 inf
R 29 8 -1 inf
R 29 9 -1 inf
R 29 10 10 0.0084950640501531022
R 29 11 10 0.026208505708079761
R 29 12 10 0.047471746763719597
R 29 13 -1 inf
R 29 14 -1 inf
R 29 15 -1 inf
R 29 16 -1 inf
R 29 17 -1 inf
R 29 18 -1 inf
R 29 19 -1 inf
R 29 20 10 0.02204688646555937
R 29 21 10 0.03961568828135123
R 29 22 -1 inf
R 29 23 -1 inf
R 29 24 -1 inf
R 29 25 -1 inf
R 29 26 -1 inf
R 29 27 -1 inf
R 29 28 -1 inf
R 29 29 29 0
R 29 30 10 0.035298286454887182
R 29 31 -1 inf
R 29 32 -1 inf
R 29 33 -1 inf
R 29 34 -1 inf
R 29 35 -1 inf
R 29 36 -1 inf
R 29 37 -1 inf
R 29 38 10 0.04619682519931561
R 29 39 10 0.029695176834332818
R 29 40 -1 inf
R 29 41 -1 inf
R 29 42 -1 inf
R 29 43 -1 inf
R 29 44 -1 inf
R 29 45 -1 inf
R 29 46 -1 inf
R 29 47 -1 inf
R 29 48 -1 inf
R 29 49 10 0.042081831681380868
R 29 50 -1 inf
R 29 51 -1 inf
R 29 52 -1 inf
R 29 53 -1 inf
R 29 54 -1 inf
R 29 55 -1 inf
R 29 56 -1 inf
R 29 57 -1 inf
R 29 58 10 0.054624510484890115
R 29 59 -1 inf
R 29 60 -1 inf
R 29 61 -1 inf
R 29 62 -1 inf
R 29 63 -1 inf
R 29 64 -1 inf
R 29 65 -1 inf
R 29 66 -1 inf
R 29 67 -1 inf
R 29 68 -1 inf
R 29 69 -1 inf
R 29 70 -1 inf
R 29 71 -1 inf
R 29 72 -1 inf
R 29 73 -1 inf
R 29 74 -1 inf
R 29 75 -1 inf
R 29 76 -1 inf
R 29 77 -1 inf
R 29 78 -1 inf
R 29 79 -1 inf
R 29 80 -1 inf
R 29 81 81 0.0055423424093589864
R 29 82 10 0.05048839339571206
R 29 83 -1 inf
R 29 84 -1 inf
R 29 85 -1 inf
R 29 86 -1 inf
R 29 87 -1 inf
R 29 88 -1 inf
R 29 89 -1 inf
R 29 90 90 0.0081385260557998995
R 29 91 10 0.036934280824619074
R 29 92 -1 inf
R 29 93 -1 inf
R 29 94 -1 inf
R 29 95 -1 inf
R 29 96 -1 inf
R 29 97 -1 inf
R 29 98 -1 inf
R 29 99 -1 inf
R 30 0 -1 inf
R 30 1 11 0.022401479682140592
R 30 2 11 0.01655014918507778
R 30 3 49 0.027985160217442222
R 30 4 -1 inf
R 30 5 -1 inf
R 30 6 -1 inf
R 30 7 -1 inf
R 30 8 -1 inf
R 30 9 -1 inf
R 30 10 11 0.026803222404734074
R 30 11 11 0.0090897807468074167
R 30 12 49 0.012173460308832415
R 30 13 -1 inf
R 30 14 -1 inf
R 30 15 -1 inf
R 30 16 -1 inf
R 30 17 -1 inf
R 30 18 -1 inf
R 30 19 -1 inf
R 30 20 11 0.013251399989327808
R 30 21 21 0.0043174018264640502
R 30 22 -1 inf
R 30 23 -1 inf
R 30 24 -1 inf
R 30 25 -1 inf
R 30 26 -1 inf
R 30 27 -1 inf
R 30 28 -1 inf
R 30 29 11 0.035298286454887175
R 30 30 30 0
R 30 31 -1 inf
R 30 32 -1 inf
R 30 33 -1 inf
R 30 34 -1 inf
R 30 35 -1 inf
R 30 36 -1 inf
R 30 37 -1 inf
R 30 38 11 0.034120373181300442
R 30 39 11 0.017618724816317655
R 30 40 -1 inf
R 30 41 -1 inf
R 30 42 -1 inf
R 30 43 -1 inf
R 30 44 -1 inf
R 30 45 -1 inf
R 30 46 -1 inf
R 30 47 -1 inf
R 30 48 -1 inf
R 30 49 49 0.0067835452264936886
R 30 50 -1 inf
R 30 51 -1 inf
R 30 52 -1 inf
R 30 53 -1 inf
R 30 54 -1 inf
R 30 55 -1 inf
R 30 56 -1 inf
R 30 57 -1 inf
R 30 58 49 0.019326224030002937
R 30 59 -1 inf
R 30 60 -1 inf
R 30 61 -1 inf
R 30 62 -1 inf
R 30 63 -1 inf
R 30 64 -1 inf
R 30 65 -1 inf
R 30 66 -1 inf
R 30 67 -1 inf
R 30 68 -1 inf
R 30 69 -1 inf
R 30 70 -1 inf
R 30 71 -1 inf
R 30 72 -1 inf
R 30 73 -1 inf
R 30 74 -1 inf
R 30 75 -1 inf
R 30 76 -1 inf
R 30 77 -1 inf
R 30 78 -1 inf
R 30 79 -1 inf
R 30 80 -1 inf
R 30 81 11 0.036452559988202779
R 30 82 11 0.038411941377696893
R 30 83 -1 inf
R 30 84 -1 inf
R 30 85 -1 inf
R 30 86 -1 inf
R 30 87 -1 inf
R 30 88 -1 inf
R 30 89 -1 inf
R 30 90 11 0.027547710444179786
R 30 91 11 0.024857828806603911
R 30 92 -1 inf
R 30 93 -1 inf
R 30 94 -1 inf
R 30 95 -1 inf
R 30 96 -1 inf
R 30 97 -1 inf
R 30 98 -1 inf
R 30 99 -1 inf
R 31 0 69 0.055707839770539926
R 31 1 -1 inf
R 31 2 -1 inf
R 31 3 -1 inf
R 31 4 -1 inf
R 31 5 -1 inf
R 31 6 -1 inf
R 31 7 -1 inf
R 31 8 -1 inf
R 31 9 69 0.053191854238302125
R 31 10 -1 inf
R 31 11 -1 inf
R 31 12 -1 inf
R 31 13 -1 inf
R 31 14 -1 inf
R 31 15 -1 inf
R 31 16 -1 inf
R 31 17 -1 inf
R 31 18 69 0.067091195477944746
R 31 19 69 0.065008569894627499
R 31 20 -1 inf
R 31 21 -1 inf
R 31 22 22 0.0091314378064516095
R 31 23 -1 inf
R 31 24 -1 inf
R 31 25 -1 inf
R 31 26 -1 inf
R 31 27 -1 inf
R 31 28 -1 inf
R 31 29 -1 inf
R 31 30 -1 inf
R 31 31 31 0
R 31 32 69 0.025217367210281061
R 31 33 -1 inf
R 31 34 -1 inf
R 31 35 -1 inf
R 31 36 -1 inf
R 31 37 -1 inf
R 31 38 -1 inf
R 31 39 -1 inf
R 31 40 40 0.0048157953792008299
R 31 41 69 0.014260409363182106
R 31 42 69 0.037219682863014421
R 31 43 -1 inf
R 31 44 -1 inf
R 31 45 -1 inf
R 31 46 -1 inf
R 31 47 -1 inf
R 31 48 -1 inf
R 31 49 -1 inf
R 31 50 69 0.013693230998511944
R 31 51 69 0.029500866638636783
R 31 52 69 0.053619494743556567
R 31 53 -1 inf
R 31 54 -1 inf
R 31 55 -1 inf
R 31 56 -1 inf
R 31 57 -1 inf
R 31 58 -1 inf
R 31 59 59 0.0059665896130054932
R 31 60 69 0.027621841285668639
R 31 61 69 0.044626105520822988
R 31 62 69 0.061108837025839989
R 31 63 -1 inf
R 31 64 -1 inf
R 31 65 -1 inf
R 31 66 -1 inf
R 31 67 -1 inf
R 31 68 22 0.012846548477227389
R 31 69 69 0.0085376387772630388
R 31 70 69 0.041082850635757513
R 31 71 69 0.062403830106749339
R 31 72 -1 inf
R 31 73 -1 inf
R 31 74 -1 inf
R 31 75 -1 inf
R 31 76 -1 inf
R 31 77 -1 inf
R 31 78 69 0.023154350979294004
R 31 79 69 0.023088896992767123
R 31 80 69 0.054364653783224991
R 31 81 -1 inf
R 31 82 -1 inf
R 31 83 -1 inf
R 31 84 -1 inf
R 31 85 -1 inf
R 31 86 -1 inf
R 31 87 -1 inf
R 31 88 69 0.031817111444126696
R 31 89 69 0.036892149940657738
R 31 90 -1 inf
R 31 91 -1 inf
R 31 92 -1 inf
R 31 93 -1 inf
R 31 94 -1 inf
R 31 95 -1 inf
R 31 96 -1 inf
R 31 97 -1 inf
R 31 98 69 0.044783212393568819
R 31 99 69 0.050130876488948747
R 32 0 78 0.052404388254456778
R 32 1 -1 inf
R 32 2 -1 inf
R 32 3 -1 inf
R 32 4 -1 inf
R 32 5 -1 inf
R 32 6 -1 inf
R 32 7 -1 inf
R 32 8 -1 inf
R 32 9 78 0.04988840272221897
R 32 10 -1 inf
R 32 11 -1 inf
R 32 12 -1 inf
R 32 13 -1 inf
R 32 14 -1 inf
R 32 15 -1 inf
R 32 16 -1 inf
R 32 17 -1 inf
R 32 18 78 0.063787743961861584
R 32 19 78 0.061705118378544359
R 32 20 -1 inf
R 32 21 -1 inf
R 32 22 78 0.034348805016732667
R 32 23 -1 inf
R 32 24 -1 inf
R 32 25 -1 inf
R 32 26 -1 inf
R 32 27 -1 inf
R 32 28 -1 inf
R 32 29 -1 inf
R 32 30 -1 inf
R 32 31 78 0.025217367210281061
R 32 32 32 0
R 32 33 -1 inf
R 32 34 -1 inf
R 32 35 -1 inf
R 32 36 -1 inf
R 32 37 -1 inf
R 32 38 -1 inf
R 32 39 -1 inf
R 32 40 78 0.030033162589481889
R 32 41 78 0.010956957847098953
R 32 42 78 0.033916231346931273
R 32 43 -1 inf
R 32 44 -1 inf
R 32 45 -1 inf
R 32 46 -1 inf
R 32 47 -1 inf
R 32 48 -1 inf
R 32 49 -1 inf
R 32 50 78 0.016486946032848147
R 32 51 78 0.026197415122553632
R 32 52 78 0.05031604322747342
R 32 53 -1 inf
R 32 54 -1 inf
R 32 55 -1 inf
R 32 56 -1 inf
R 32 57 -1 inf
R 32 58 -1 inf
R 32 59 78 0.031183956823286556
R 32 60 78 0.024318389769585488
R 32 61 78 0.041322654004739834
R 32 62 78 0.057805385509756835
R 32 63 -1 inf
R 32 64 -1 inf
R 32 65 -1 inf
R 32 66 -1 inf
R 32 67 -1 inf
R 32 68 78 0.03806391568750845
R 32 69 78 0.016679728433018022
R 32 70 78 0.037779399119674359
R 32 71 78 0.059100378590666192
R 32 72 -1 inf
R 32 73 -1 inf
R 32 74 -1 inf
R 32 75 -1 inf
R 32 76 -1 inf
R 32 77 -1 inf
R 32 78 78 0.0020630162309870572
R 32 79 78 0.019785445476683972
R 32 80 78 0.051061202267141843
R 32 81 -1 inf
R 32 82 -1 inf
R 32 83 -1 inf
R 32 84 -1 inf
R 32 85 -1 inf
R 32 86 -1 inf
R 32 87 -1 inf
R 32 88 78 0.028513659928043545
R 32 89 78 0.033588698424574584
R 32 90 -1 inf
R 32 91 -1 inf
R 32 92 -1 inf
R 32 93 -1 inf
R 32 94 -1 inf
R 32 95 -1 inf
R 32 96 -1 inf
R 32 97 -1 inf
R 32 98 78 0.041479760877485665
R 32 99 78 0.0468274249728656
R 33 0 -1 inf
R 33 1 -1 inf
R 33 2 -1 inf
R 33 3 -1 inf
R 33 4 -1 inf
R 33 5 -1 inf
R 33 6 -1 inf
R 33 7 -1 inf
R 33 8 -1 inf
R 33 9 -1 inf
R 33 10 -1 inf
R 33 11 -1 inf
R 33 12 -1 inf
R 33 13 -1 inf
R 33 14 -1 inf
R 33 15 -1 inf
R 33 16 -1 inf
R 33 17 -1 inf
R 33 18 -1 inf
R 33 19 -1 inf
R 33 20 -1 inf
R 33 21 -1 inf
R 33 22 -1 inf
R 33 23 -1 inf
R 33 24 -1 inf
R 33 25 -1 inf
R 33 26 -1 inf
R 33 27 -1 inf
R 33 28 -1 inf
R 33 29 -1 inf
R 33 30 -1 inf
R 33 31 -1 inf
R 33 32 -1 inf
R 33 33 33 0
R 33 34 -1 inf
R 33 35 -1 inf
R 33 36 -1 inf
R 33 37 -1 inf
R 33 38 -1 inf
R 33 39 -1 inf
R 33 40 -1 inf
R 33 41 -1 inf
R 33 42 -1 inf
R 33 43 -1 inf
R 33 44 -1 inf
R 33 45 -1 inf
R 33 46 -1 inf
R 33 47 -1 inf
R 33 48 -1 inf
R 33 49 -1 inf
R 33 50 -1 inf
R 33 51 -1 inf
R 33 52 -1 inf
R 33 53 -1 inf
R 33 54 -1 inf
R 33 55 -1 inf
R 33 56 -1 inf
R 33 57 -1 inf
R 33 58 -1 inf
R 33 59 -1 inf
R 33 60 -1 inf
R 33 61 -1 inf
R 33 62 -1 inf
R 33 63 -1 inf
R 33 64 -1 inf
R 33 65 -1 inf
R 33 66 -1 inf
R 33 67 -1 inf
R 33 68 -1 inf
R 33 69 -1 inf
R 33 70 -1 inf
R 33 71 -1 inf
R 33 72 -1 inf
R 33 73 -1 inf
R 33 74 -1 inf
R 33 75 -1 inf
R 33 76 -1 inf
R 33 77 -1 inf
R 33 78 -1 inf
R 33 79 -1 inf
R 33 80 -1 inf
R 33 81 -1 inf
R 33 82 -1 inf
R 33 83 -1 inf
R 33 84 -1 inf
R 33 85 -1 inf
R 33 86 -1 inf
R 33 87 87 0.0042316545793932951
R 33 88 -1 inf
R 33 89 -1 inf
R 33 90 -1 inf
R 33 91 -1 inf
R 33 92 -1 inf
R 33 93 -1 inf
R 33 94 -1 inf
R 33 95 -1 inf
R 33 96 -1 inf
R 33 97 -1 inf
R 33 98 -1 inf
R 33 99 -1 inf
R 34 0 -1 inf
R 34 1 -1 inf
R 34 2 -1 inf
R 34 3 -1 inf
R 34 4 -1 inf
R 34 5 -1 inf
R 34 6 25 0.016827002541208197
R 34 7 7 0.0046103239090025221
R 34 8 16 0.045695095407376776
R 34 9 -1 inf
R 34 10 -1 inf
R 34 11 -1 inf
R 34 12 -1 inf
R 34 13 -1 inf
R 34 14 -1 inf
R 34 15 25 0.021275497608134065
R 34 16 16 0.008611629210621136
R 34 17 16 0.02993891421423945
R 34 18 -1 inf
R 34 19 -1 inf
R 34 20 -1 inf
R 34 21 -1 inf
R 34 22 -1 inf
R 34 23 -1 inf
R 34 24 25 0.029817816382705434
R 34 25 25 0.007696280489955255
R 34 26 16 0.022017894565176752
R 34 27 -1 inf
R 34 28 -1 inf
R 34 29 -1 inf
R 34 30 -1 inf
R 34 31 -1 inf
R 34 32 -1 inf
R 34 33 -1 inf
R 34 34 34 0
R 34 35 16 0.017665642202705417
R 34 36 -1 inf
R 34 37 -1 inf
R 34 38 -1 inf
R 34 39 -1 inf
R 34 40 -1 inf
R 34 41 -1 inf
R 34 42 -1 inf
R 34 43 -1 inf
R 34 44 16 0.02449758135831679
R 34 45 -1 inf
R 34 46 -1 inf
R 34 47 -1 inf
R 34 48 -1 inf
R 34 49 -1 inf
R 34 50 -1 inf
R 34 51 -1 inf
R 34 52 -1 inf
R 34 53 16 0.037131786784884165
R 34 54 -1 inf
R 34 55 -1 inf
R 34 56 -1 inf
R 34 57 -1 inf
R 34 58 -1 inf
R 34 59 -1 inf
R 34 60 -1 inf
R 34 61 -1 inf
R 34 62 -1 inf
R 34 63 -1 inf
R 34 64 -1 inf
R 34 65 -1 inf
R 34 66 -1 inf
R 34 67 -1 inf
R 34 68 -1 inf
R 34 69 -1 inf
R 34 70 -1 inf
R 34 71 -1 inf
R 34 72 -1 inf
R 34 73 -1 inf
R 34 74 -1 inf
R 34 75 -1 inf
R 34 76 -1 inf
R 34 77 -1 inf
R 34 78 -1 inf
R 34 79 -1 inf
R 34 80 -1 inf
R 34 81 -1 inf
R 34 82 -1 inf
R 34 83 -1 inf
R 34 84 -1 inf
R 34 85 -1 inf
R 34 86 25 0.030865742974943093
R 34 87 -1 inf
R 34 88 -1 inf
R 34 89 -1 inf
R 34 90 -1 inf
R 34 91 -1 inf
R 34 92 -1 inf
R 34 93 -1 inf
R 34 94 -1 inf
R 34 95 25 0.021946717311729834
R 34 96 96 0.0071487113890314792
R 34 97 -1 inf
R 34 98 -1 inf
R 34 99 -1 inf
R 35 0 -1 inf
R 35 1 -1 inf
R 35 2 -1 inf
R 35 3 -1 inf
R 35 4 -1 inf
R 35 5 -1 inf
R 35 6 16 0.022388591442046177
R 35 7 16 0.016531006416149276
R 35 8 44 0.028029453204671356
R 35 9 -1 inf
R 35 10 -1 inf
R 35 11 -1 inf
R 35 12 -1 inf
R 35 13 -1 inf
R 35 14 -1 inf
R 35 15 16 0.026837086508972045
R 35 16 16 0.009054012992084283
R 35 17 44 0.012273272011534032
R 35 18 -1 inf
R 35 19 -1 inf
R 35 20 -1 inf
R 35 21 -1 inf
R 35 22 -1 inf
R 35 23 -1 inf
R 35 24 16 0.035379405283543414
R 35 25 16 0.013257869390793237
R 35 26 26 0.004352252362471336
R 35 27 -1 inf
R 35 28 -1 inf
R 35 29 -1 inf
R 35 30 -1 inf
R 35 31 -1 inf
R 35 32 -1 inf
R 35 33 -1 inf
R 35 34 16 0.017665642202705417
R 35 35 35 0
R 35 36 -1 inf
R 35 37 -1 inf
R 35 38 -1 inf
R 35 39 -1 inf
R 35 40 -1 inf
R 35 41 -1 inf
R 35 42 -1 inf
R 35 43 -1 inf
R 35 44 44 0.0068319391556113723
R 35 45 -1 inf
R 35 46 -1 inf
R 35 47 -1 inf
R 35 48 -1 inf
R 35 49 -1 inf
R 35 50 -1 inf
R 35 51 -1 inf
R 35 52 -1 inf
R 35 53 44 0.019466144582178747
R 35 54 -1 inf
R 35 55 -1 inf
R 35 56 -1 inf
R 35 57 -1 inf
R 35 58 -1 inf
R 35 59 -1 inf
R 35 60 -1 inf
R 35 61 -1 inf
R 35 62 -1 inf
R 35 63 -1 inf
R 35 64 -1 inf
R 35 65 -1 inf
R 35 66 -1 inf
R 35 67 -1 inf
R 35 68 -1 inf
R 35 69 -1 inf
R 35 70 -1 inf
R 35 71 -1 inf
R 35 72 -1 inf
R 35 73 -1 inf
R 35 74 -1 inf
R 35 75 -1 inf
R 35 76 -1 inf
R 35 77 -1 inf
R 35 78 -1 inf
R 35 79 -1 inf
R 35 80 -1 inf
R 35 81 -1 inf
R 35 82 -1 inf
R 35 83 -1 inf
R 35 84 -1 inf
R 35 85 -1 inf
R 35 86 16 0.036427331875781073
R 35 87 -1 inf
R 35 88 -1 inf
R 35 89 -1 inf
R 35 90 -1 inf
R 35 91 -1 inf
R 35 92 -1 inf
R 35 93 -1 inf
R 35 94 -1 inf
R 35 95 16 0.027508306212567814
R 35 96 16 0.024814353591736896
R 35 97 -1 inf
R 35 98 -1 inf
R 35 99 -1 inf
R 36 0 -1 inf
R 36 1 -1 inf
R 36 2 -1 inf
R 36 3 -1 inf
R 36 4 64 0.053215124278806057
R 36 5 64 0.05572467369621336
R 36 6 -1 inf
R 36 7 -1 inf
R 36 8 -1 inf
R 36 9 -1 inf
R 36 10 -1 inf
R 36 11 -1 inf
R 36 12 -1 inf
R 36 13 64 0.067151306843785105
R 36 14 64 0.068507941749443232
R 36 15 -1 inf
R 36 16 -1 inf
R 36 17 -1 inf
R 36 18 -1 inf
R 36 19 -1 inf
R 36 20 -1 inf
R 36 21 -1 inf
R 36 22 -1 inf
R 36 23 -1 inf
R 36 24 -1 inf
R 36 25 -1 inf
R 36 26 -1 inf
R 36 27 27 0.0091451822419148475
R 36 28 -1 inf
R 36 29 -1 inf
R 36 30 -1 inf
R 36 31 -1 inf
R 36 32 -1 inf
R 36 33 -1 inf
R 36 34 -1 inf
R 36 35 -1 inf
R 36 36 36 0
R 36 37 64 0.025243935128830001
R 36 38 -1 inf
R 36 39 -1 inf
R 36 40 -1 inf
R 36 41 -1 inf
R 36 42 -1 inf
R 36 43 -1 inf
R 36 44 -1 inf
R 36 45 45 0.0048433461156427559
R 36 46 64 0.014280500592835366
R 36 47 64 0.037172488599206473
R 36 48 -1 inf
R 36 49 -1 inf
R 36 50 -1 inf
R 36 51 -1 inf
R 36 52 -1 inf
R 36 53 -1 inf
R 36 54 54 0.0060474177244243896
R 36 55 64 0.013693018168157104
R 36 56 64 0.029499903804649591
R 36 57 64 0.053617852197836505
R 36 58 -1 inf
R 36 59 -1 inf
R 36 60 -1 inf
R 36 61 -1 inf
R 36 62 -1 inf
R 36 63 27 0.012882756777115343
R 36 64 64 0.0084889533700550773
R 36 65 64 0.027617711643385667
R 36 66 64 0.044644793925221846
R 36 67 64 0.061195538787120835
R 36 68 -1 inf
R 36 69 -1 inf
R 36 70 -1 inf
R 36 71 -1 inf
R 36 72 -1 inf
R 36 73 64 0.023263654204335842
R 36 74 64 0.023037342699409057
R 36 75 64 0.041108775332139559
R 36 76 64 0.062371130541013078
R 36 77 -1 inf
R 36 78 -1 inf
R 36 79 -1 inf
R 36 80 -1 inf
R 36 81 -1 inf
R 36 82 -1 inf
R 36 83 64 0.031812525302086059
R 36 84 64 0.036874194961113105
R 36 85 64 0.054395896320696739
R 36 86 -1 inf
R 36 87 -1 inf
R 36 88 -1 inf
R 36 89 -1 inf
R 36 90 -1 inf
R 36 91 -1 inf
R 36 92 -1 inf
R 36 93 64 0.044813078781996155
R 36 94 64 0.050125037732943467
R 36 95 -1 inf
R 36 96 -1 inf
R 36 97 -1 inf
R 36 98 -1 inf
R 36 99 -1 inf
R 37 0 -1 inf
R 37 1 -1 inf
R 37 2 -1 inf
R 37 3 -1 inf
R 37 4 73 0.049898058221965323
R 37 5 73 0.052407607639372626
R 37 6 -1 inf
R 37 7 -1 inf
R 37 8 -1 inf
R 37 9 -1 inf
R 37 10 -1 inf
R 37 11 -1 inf
R 37 12 -1 inf
R 37 13 73 0.063834240786944371
R 37 14 73 0.065190875692602498
R 37 15 -1 inf
R 37 16 -1 inf
R 37 17 -1 inf
R 37 18 -1 inf
R 37 19 -1 inf
R 37 20 -1 inf
R 37 21 -1 inf
R 37 22 -1 inf
R 37 23 -1 inf
R 37 24 -1 inf
R 37 25 -1 inf
R 37 26 -1 inf
R 37 27 73 0.034389117370744848
R 37 28 -1 inf
R 37 29 -1 inf
R 37 30 -1 inf
R 37 31 -1 inf
R 37 32 -1 inf
R 37 33 -1 inf
R 37 34 -1 inf
R 37 35 -1 inf
R 37 36 73 0.025243935128830001
R 37 37 37 0
R 37 38 -1 inf
R 37 39 -1 inf
R 37 40 -1 inf
R 37 41 -1 inf
R 37 42 -1 inf
R 37 43 -1 inf
R 37 44 -1 inf
R 37 45 73 0.030087281244472755
R 37 46 73 0.010963434535994635
R 37 47 73 0.033855422542365746
R 37 48 -1 inf
R 37 49 -1 inf
R 37 50 -1 inf
R 37 51 -1 inf
R 37 52 -1 inf
R 37 53 -1 inf
R 37 54 73 0.031291352853254392
R 37 55 73 0.0165157618475219
R 37 56 73 0.026182837747808857
R 37 57 73 0.050300786140995771
R 37 58 -1 inf
R 37 59 -1 inf
R 37 60 -1 inf
R 37 61 -1 inf
R 37 62 -1 inf
R 37 63 73 0.038126691905945344
R 37 64 73 0.016754981758774923
R 37 65 73 0.024300645586544937
R 37 66 73 0.041327727868381112
R 37 67 73 0.057878472730280101
R 37 68 -1 inf
R 37 69 -1 inf
R 37 70 -1 inf
R 37 71 -1 inf
R 37 72 -1 inf
R 37 73 73 0.0019802809244941601
R 37 74 73 0.019720276642568327
R 37 75 73 0.037791709275298825
R 37 76 73 0.059054064484172344
R 37 77 -1 inf
R 37 78 -1 inf
R 37 79 -1 inf
R 37 80 -1 inf
R 37 81 -1 inf
R 37 82 -1 inf
R 37 83 73 0.028495459245245332
R 37 84 73 0.033557128904272371
R 37 85 73 0.051078830263856005
R 37 86 -1 inf
R 37 87 -1 inf
R 37 88 -1 inf
R 37 89 -1 inf
R 37 90 -1 inf
R 37 91 -1 inf
R 37 92 -1 inf
R 37 93 73 0.041496012725155421
R 37 94 73 0.046807971676102733
R 37 95 -1 inf
R 37 96 -1 inf
R 37 97 -1 inf
R 37 98 -1 inf
R 37 99 -1 inf
R 38 0 -1 inf
R 38 1 91 0.033300018426569024
R 38 2 91 0.021019552716683199
R 38 3 91 0.062105533398742661
R 38 4 -1 inf
R 38 5 -1 inf
R 38 6 -1 inf
R 38 7 -1 inf
R 38 8 -1 inf
R 38 9 -1 inf
R 38 10 91 0.037701761149162509
R 38 11 91 0.025030592434493029
R 38 12 91 0.046293833490132857
R 38 13 -1 inf
R 38 14 -1 inf
R 38 15 -1 inf
R 38 16 -1 inf
R 38 17 -1 inf
R 38 18 -1 inf
R 38 19 -1 inf
R 38 20 91 0.024149938733756239
R 38 21 91 0.038437775007764491
R 38 22 -1 inf
R 38 23 -1 inf
R 38 24 -1 inf
R 38 25 -1 inf
R 38 26 -1 inf
R 38 27 -1 inf
R 38 28 -1 inf
R 38 29 91 0.04619682519931561
R 38 30 91 0.034120373181300442
R 38 31 -1 inf
R 38 32 -1 inf
R 38 33 -1 inf
R 38 34 -1 inf
R 38 35 -1 inf
R 38 36 -1 inf
R 38 37 -1 inf
R 38 38 38 0
R 38 39 91 0.016501648364982791
R 38 40 -1 inf
R 38 41 -1 inf
R 38 42 -1 inf
R 38 43 -1 inf
R 38 44 -1 inf
R 38 45 -1 inf
R 38 46 -1 inf
R 38 47 -1 inf
R 38 48 -1 inf
R 38 49 91 0.040903918407794129
R 38 50 -1 inf
R 38 51 -1 inf
R 38 52 -1 inf
R 38 53 -1 inf
R 38 54 -1 inf
R 38 55 -1 inf
R 38 56 -1 inf
R 38 57 -1 inf
R 38 58 91 0.053446597211303376
R 38 59 -1 inf
R 38 60 -1 inf
R 38 61 -1 inf
R 38 62 -1 inf
R 38 63 -1 inf
R 38 64 -1 inf
R 38 65 -1 inf
R 38 66 -1 inf
R 38 67 -1 inf
R 38 68 -1 inf
R 38 69 -1 inf
R 38 70 -1 inf
R 38 71 -1 inf
R 38 72 -1 inf
R 38 73 -1 inf
R 38 74 -1 inf
R 38 75 -1 inf
R 38 76 -1 inf
R 38 77 -1 inf
R 38 78 -1 inf
R 38 79 -1 inf
R 38 80 -1 inf
R 38 81 91 0.047351098732631214
R 38 82 82 0.0042915681963964503
R 38 83 -1 inf
R 38 84 -1 inf
R 38 85 -1 inf
R 38 86 -1 inf
R 38 87 -1 inf
R 38 88 -1 inf
R 38 89 -1 inf
R 38 90 91 0.038446249188608214
R 38 91 91 0.0092625443746965352
R 38 92 -1 inf
R 38 93 -1 inf
R 38 94 -1 inf
R 38 95 -1 inf
R 38 96 -1 inf
R 38 97 -1 inf
R 38 98 -1 inf
R 38 99 -1 inf
R 39 0 -1 inf
R 39 1 20 0.016798370061586233
R 39 2 2 0.004517904351700408
R 39 3 11 0.045603885033759874
R 39 4 -1 inf
R 39 5 -1 inf
R 39 6 -1 inf
R 39 7 -1 inf
R 39 8 -1 inf
R 39 9 -1 inf
R 39 10 20 0.021200112784179714
R 39 11 11 0.008528944069510238
R 39 12 11 0.02979218512515007
R 39 13 -1 inf
R 39 14 -1 inf
R 39 15 -1 inf
R 39 16 -1 inf
R 39 17 -1 inf
R 39 18 -1 inf
R 39 19 -1 inf
R 39 20 20 0.0076482903687734487
R 39 21 11 0.021936126642781703
R 39 22 -1 inf
R 39 23 -1 inf
R 39 24 -1 inf
R 39 25 -1 inf
R 39 26 -1 inf
R 39 27 -1 inf
R 39 28 -1 inf
R 39 29 20 0.029695176834332815
R 39 30 11 0.017618724816317655
R 39 31 -1 inf
R 39 32 -1 inf
R 39 33 -1 inf
R 39 34 -1 inf
R 39 35 -1 inf
R 39 36 -1 inf
R 39 37 -1 inf
R 39 38 91 0.016501648364982791
R 39 39 39 0
R 39 40 -1 inf
R 39 41 -1 inf
R 39 42 -1 inf
R 39 43 -1 inf
R 39 44 -1 inf
R 39 45 -1 inf
R 39 46 -1 inf
R 39 47 -1 inf
R 39 48 -1 inf
R 39 49 11 0.024402270042811341
R 39 50 -1 inf
R 39 51 -1 inf
R 39 52 -1 inf
R 39 53 -1 inf
R 39 54 -1 inf
R 39 55 -1 inf
R 39 56 -1 inf
R 39 57 -1 inf
R 39 58 11 0.036944948846320588
R 39 59 -1 inf
R 39 60 -1 inf
R 39 61 -1 inf
R 39 62 -1 inf
R 39 63 -1 inf
R 39 64 -1 inf
R 39 65 -1 inf
R 39 66 -1 inf
R 39 67 -1 inf
R 39 68 -1 inf
R 39 69 -1 inf
R 39 70 -1 inf
R 39 71 -1 inf
R 39 72 -1 inf
R 39 73 -1 inf
R 39 74 -1 inf
R 39 75 -1 inf
R 39 76 -1 inf
R 39 77 -1 inf
R 39 78 -1 inf
R 39 79 -1 inf
R 39 80 -1 inf
R 39 81 20 0.030849450367648423
R 39 82 91 0.020793216561379241
R 39 83 -1 inf
R 39 84 -1 inf
R 39 85 -1 inf
R 39 86 -1 inf
R 39 87 -1 inf
R 39 88 -1 inf
R 39 89 -1 inf
R 39 90 20 0.021944600823625426
R 39 91 91 0.007239103990286256
R 39 92 -1 inf
R 39 93 -1 inf
R 39 94 -1 inf
R 39 95 -1 inf
R 39 96 -1 inf
R 39 97 -1 inf
R 39 98 -1 inf
R 39 99 -1 inf
R 40 0 31 0.060523635149740761
R 40 1 -1 inf
R 40 2 -1 inf
R 40 3 -1 inf
R 40 4 -1 inf
R 40 5 -1 inf
R 40 6 -1 inf
R 40 7 -1 inf
R 40 8 -1 inf
R 40 9 31 0.058007649617502953
R 40 10 -1 inf
R 40 11 -1 inf
R 40 12 -1 inf
R 40 13 -1 inf
R 40 14 -1 inf
R 40 15 -1 inf
R 40 16 -1 inf
R 40 17 -1 inf
R 40 18 31 0.071906990857145567
R 40 19 31 0.069824365273828348
R 40 20 -1 inf
R 40 21 -1 inf
R 40 22 59 0.013539834889077836
R 40 23 -1 inf
R 40 24 -1 inf
R 40 25 -1 inf
R 40 26 -1 inf
R 40 27 -1 inf
R 40 28 -1 inf
R 40 29 -1 inf
R 40 30 -1 inf
R 40 31 31 0.0048157953792008299
R 40 32 31 0.030033162589481889
R 40 33 -1 inf
R 40 34 -1 inf
R 40 35 -1 inf
R 40 36 -1 inf
R 40 37 -1 inf
R 40 38 -1 inf
R 40 39 -1 inf
R 40 40 40 0
R 40 41 31 0.019076204742382936
R 40 42 31 0.042035478242215249
R 40 43 -1 inf
R 40 44 -1 inf
R 40 45 -1 inf
R 40 46 -1 inf
R 40 47 -1 inf
R 40 48 -1 inf
R 40 49 -1 inf
R 40 50 31 0.018509026377712772
R 40 51 31 0.034316662017837618
R 40 52 31 0.058435290122757402
R 40 53 -1 inf
R 40 54 -1 inf
R 40 55 -1 inf
R 40 56 -1 inf
R 40 57 -1 inf
R 40 58 -1 inf
R 40 59 59 0.0059347733476585209
R 40 60 31 0.032437636664869471
R 40 61 31 0.049441900900023816
R 40 62 31 0.065924632405040817
R 40 63 -1 inf
R 40 64 -1 inf
R 40 65 -1 inf
R 40 66 -1 inf
R 40 67 -1 inf
R 40 68 59 0.017254945559853616
R 40 69 31 0.013353434156463869
R 40 70 31 0.045898646014958341
R 40 71 31 0.067219625485950174
R 40 72 -1 inf
R 40 73 -1 inf
R 40 74 -1 inf
R 40 75 -1 inf
R 40 76 -1 inf
R 40 77 -1 inf
R 40 78 31 0.027970146358494832
R 40 79 31 0.027904692371967955
R 40 80 31 0.059180449162425826
R 40 81 -1 inf
R 40 82 -1 inf
R 40 83 -1 inf
R 40 84 -1 inf
R 40 85 -1 inf
R 40 86 -1 inf
R 40 87 -1 inf
R 40 88 31 0.036632906823327524
R 40 89 31 0.041707945319858566
R 40 90 -1 inf
R 40 91 -1 inf
R 40 92 -1 inf
R 40 93 -1 inf
R 40 94 -1 inf
R 40 95 -1 inf
R 40 96 -1 inf
R 40 97 -1 inf
R 40 98 31 0.049599007772769647
R 40 99 31 0.054946671868149582
R 41 0 79 0.041447430407357828
R 41 1 -1 inf
R 41 2 -1 inf
R 41 3 -1 inf
R 41 4 -1 inf
R 41 5 -1 inf
R 41 6 -1 inf
R 41 7 -1 inf
R 41 8 -1 inf
R 41 9 79 0.038931444875120021
R 41 10 -1 inf
R 41 11 -1 inf
R 41 12 -1 inf
R 41 13 -1 inf
R 41 14 -1 inf
R 41 15 -1 inf
R 41 16 -1 inf
R 41 17 -1 inf
R 41 18 79 0.052830786114762641
R 41 19 79 0.050748160531445409
R 41 20 -1 inf
R 41 21 -1 inf
R 41 22 69 0.023391847169633717
R 41 23 -1 inf
R 41 24 -1 inf
R 41 25 -1 inf
R 41 26 -1 inf
R 41 27 -1 inf
R 41 28 -1 inf
R 41 29 -1 inf
R 41 30 -1 inf
R 41 31 69 0.014260409363182106
R 41 32 78 0.010956957847098953
R 41 33 -1 inf
R 41 34 -1 inf
R 41 35 -1 inf
R 41 36 -1 inf
R 41 37 -1 inf
R 41 38 -1 inf
R 41 39 -1 inf
R 41 40 69 0.019076204742382936
R 41 41 41 0
R 41 42 79 0.022959273499832317
R 41 43 -1 inf
R 41 44 -1 inf
R 41 45 -1 inf
R 41 46 -1 inf
R 41 47 -1 inf
R 41 48 -1 inf
R 41 49 -1 inf
R 41 50 50 0.0055299881857491934
R 41 51 79 0.015240457275454679
R 41 52 79 0.03935908538037447
R 41 53 -1 inf
R 41 54 -1 inf
R 41 55 -1 inf
R 41 56 -1 inf
R 41 57 -1 inf
R 41 58 -1 inf
R 41 59 69 0.020226998976187599
R 41 60 79 0.013361431922486535
R 41 61 79 0.030365696157640884
R 41 62 79 0.046848427662657885
R 41 63 -1 inf
R 41 64 -1 inf
R 41 65 -1 inf
R 41 66 -1 inf
R 41 67 -1 inf
R 41 68 69 0.027106957840409496
R 41 69 69 0.005722770585919067
R 41 70 79 0.026822441272575409
R 41 71 79 0.048143420743567242
R 41 72 -1 inf
R 41 73 -1 inf
R 41 74 -1 inf
R 41 75 -1 inf
R 41 76 -1 inf
R 41 77 -1 inf
R 41 78 78 0.0088939416161118966
R 41 79 79 0.008828487629585019
R 41 80 79 0.040104244420042894
R 41 81 -1 inf
R 41 82 -1 inf
R 41 83 -1 inf
R 41 84 -1 inf
R 41 85 -1 inf
R 41 86 -1 inf
R 41 87 -1 inf
R 41 88 79 0.017556702080944592
R 41 89 79 0.022631740577475634
R 41 90 -1 inf
R 41 91 -1 inf
R 41 92 -1 inf
R 41 93 -1 inf
R 41 94 -1 inf
R 41 95 -1 inf
R 41 96 -1 inf
R 41 97 -1 inf
R 41 98 79 0.030522803030386715
R 41 99 79 0.03587046712576665
R 42 0 88 0.046268725866837869
R 42 1 -1 inf
R 42 2 -1 inf
R 42 3 -1 inf
R 42 4 -1 inf
R 42 5 -1 inf
R 42 6 -1 inf
R 42 7 -1 inf
R 42 8 -1 inf
R 42 9 88 0.043752740334600061
R 42 10 -1 inf
R 42 11 -1 inf
R 42 12 -1 inf
R 42 13 -1 inf
R 42 14 -1 inf
R 42 15 -1 inf
R 42 16 -1 inf
R 42 17 -1 inf
R 42 18 88 0.057652081574242682
R 42 19 88 0.05556945599092545
R 42 20 -1 inf
R 42 21 -1 inf
R 42 22 88 0.046351120669466034
R 42 23 -1 inf
R 42 24 -1 inf
R 42 25 -1 inf
R 42 26 -1 inf
R 42 27 -1 inf
R 42 28 -1 inf
R 42 29 -1 inf
R 42 30 -1 inf
R 42 31 88 0.037219682863014421
R 42 32 88 0.033916231346931273
R 42 33 -1 inf
R 42 34 -1 inf
R 42 35 -1 inf
R 42 36 -1 inf
R 42 37 -1 inf
R 42 38 -1 inf
R 42 39 -1 inf
R 42 40 88 0.042035478242215249
R 42 41 88 0.022959273499832317
R 42 42 42 0
R 42 43 -1 inf
R 42 44 -1 inf
R 42 45 -1 inf
R 42 46 -1 inf
R 42 47 -1 inf
R 42 48 -1 inf
R 42 49 -1 inf
R 42 50 88 0.02848926168558151
R 42 51 88 0.011830084812969391
R 42 52 88 0.044180380839854511
R 42 53 -1 inf
R 42 54 -1 inf
R 42 55 -1 inf
R 42 56 -1 inf
R 42 57 -1 inf
R 42 58 -1 inf
R 42 59 88 0.043186272476019916
R 42 60 88 0.018182727381966579
R 42 61 88 0.035186991617120925
R 42 62 88 0.051669723122137926
R 42 63 -1 inf
R 42 64 -1 inf
R 42 65 -1 inf
R 42 66 -1 inf
R 42 67 -1 inf
R 42 68 88 0.050066231340241817
R 42 69 88 0.028682044085751382
R 42 70 88 0.03164373673205545
R 42 71 88 0.052964716203047282
R 42 72 -1 inf
R 42 73 -1 inf
R 42 74 -1 inf
R 42 75 -1 inf
R 42 76 -1 inf
R 42 77 -1 inf
R 42 78 88 0.031853215115944217
R 42 79 88 0.014130785870247299
R 42 80 88 0.044925539879522934
R 42 81 -1 inf
R 42 82 -1 inf
R 42 83 -1 inf
R 42 84 -1 inf
R 42 85 -1 inf
R 42 86 -1 inf
R 42 87 -1 inf
R 42 88 88 0.0054025714188877267
R 42 89 88 0.027453036036955678
R 42 90 -1 inf
R 42 91 -1 inf
R 42 92 -1 inf
R 42 93 -1 inf
R 42 94 -1 inf
R 42 95 -1 inf
R 42 96 -1 inf
R 42 97 -1 inf
R 42 98 88 0.035344098489866763
R 42 99 88 0.040691762585246691
R 43 0 -1 inf
R 43 1 -1 inf
R 43 2 -1 inf
R 43 3 -1 inf
R 43 4 -1 inf
R 43 5 -1 inf
R 43 6 -1 inf
R 43 7 -1 inf
R 43 8 -1 inf
R 43 9 -1 inf
R 43 10 -1 inf
R 43 11 -1 inf
R 43 12 -1 inf
R 43 13 -1 inf
R 43 14 -1 inf
R 43 15 -1 inf
R 43 16 -1 inf
R 43 17 -1 inf
R 43 18 -1 inf
R 43 19 -1 inf
R 43 20 -1 inf
R 43 21 -1 inf
R 43 22 -1 inf
R 43 23 -1 inf
R 43 24 -1 inf
R 43 25 -1 inf
R 43 26 -1 inf
R 43 27 -1 inf
R 43 28 -1 inf
R 43 29 -1 inf
R 43 30 -1 inf
R 43 31 -1 inf
R 43 32 -1 inf
R 43 33 -1 inf
R 43 34 -1 inf
R 43 35 -1 inf
R 43 36 -1 inf
R 43 37 -1 inf
R 43 38 -1 inf
R 43 39 -1 inf
R 43 40 -1 inf
R 43 41 -1 inf
R 43 42 -1 inf
R 43 43 43 0
R 43 44 -1 inf
R 43 45 -1 inf
R 43 46 -1 inf
R 43 47 -1 inf
R 43 48 -1 inf
R 43 49 -1 inf
R 43 50 -1 inf
R 43 51 -1 inf
R 43 52 -1 inf
R 43 53 -1 inf
R 43 54 -1 inf
R 43 55 -1 inf
R 43 56 -1 inf
R 43 57 -1 inf
R 43 58 -1 inf
R 43 59 -1 inf
R 43 60 -1 inf
R 43 61 -1 inf
R 43 62 -1 inf
R 43 63 -1 inf
R 43 64 -1 inf
R 43 65 -1 inf
R 43 66 -1 inf
R 43 67 -1 inf
R 43 68 -1 inf
R 43 69 -1 inf
R 43 70 -1 inf
R 43 71 -1 inf
R 43 72 -1 inf
R 43 73 -1 inf
R 43 74 -1 inf
R 43 75 -1 inf
R 43 76 -1 inf
R 43 77 -1 inf
R 43 78 -1 inf
R 43 79 -1 inf
R 43 80 -1 inf
R 43 81 -1 inf
R 43 82 -1 inf
R 43 83 -1 inf
R 43 84 -1 inf
R 43 85 -1 inf
R 43 86 -1 inf
R 43 87 -1 inf
R 43 88 -1 inf
R 43 89 -1 inf
R 43 90 -1 inf
R 43 91 -1 inf
R 43 92 -1 inf
R 43 93 -1 inf
R 43 94 -1 inf
R 43 95 -1 inf
R 43 96 -1 inf
R 43 97 97 0.0076198131942610339
R 43 98 -1 inf
R 43 99 -1 inf
R 44 0 -1 inf
R 44 1 -1 inf
R 44 2 -1 inf
R 44 3 -1 inf
R 44 4 -1 inf
R 44 5 -1 inf
R 44 6 35 0.02922053059765755
R 44 7 35 0.023362945571760649
R 44 8 17 0.021197514049059986
R 44 9 -1 inf
R 44 10 -1 inf
R 44 11 -1 inf
R 44 12 -1 inf
R 44 13 -1 inf
R 44 14 -1 inf
R 44 15 35 0.033669025664583414
R 44 16 35 0.015885952147695656
R 44 17 17 0.0054413328559226601
R 44 18 -1 inf
R 44 19 -1 inf
R 44 20 -1 inf
R 44 21 -1 inf
R 44 22 -1 inf
R 44 23 -1 inf
R 44 24 35 0.04221134443915478
R 44 25 35 0.02008980854640461
R 44 26 26 0.0071067957928730883
R 44 27 -1 inf
R 44 28 -1 inf
R 44 29 -1 inf
R 44 30 -1 inf
R 44 31 -1 inf
R 44 32 -1 inf
R 44 33 -1 inf
R 44 34 35 0.02449758135831679
R 44 35 35 0.0068319391556113723
R 44 36 -1 inf
R 44 37 -1 inf
R 44 38 -1 inf
R 44 39 -1 inf
R 44 40 -1 inf
R 44 41 -1 inf
R 44 42 -1 inf
R 44 43 -1 inf
R 44 44 44 0
R 44 45 -1 inf
R 44 46 -1 inf
R 44 47 -1 inf
R 44 48 -1 inf
R 44 49 -1 inf
R 44 50 -1 inf
R 44 51 -1 inf
R 44 52 -1 inf
R 44 53 17 0.012634205426567376
R 44 54 -1 inf
R 44 55 -1 inf
R 44 56 -1 inf
R 44 57 -1 inf
R 44 58 -1 inf
R 44 59 -1 inf
R 44 60 -1 inf
R 44 61 -1 inf
R 44 62 -1 inf
R 44 63 -1 inf
R 44 64 -1 inf
R 44 65 -1 inf
R 44 66 -1 inf
R 44 67 -1 inf
R 44 68 -1 inf
R 44 69 -1 inf
R 44 70 -1 inf
R 44 71 -1 inf
R 44 72 -1 inf
R 44 73 -1 inf
R 44 74 -1 inf
R 44 75 -1 inf
R 44 76 -1 inf
R 44 77 -1 inf
R 44 78 -1 inf
R 44 79 -1 inf
R 44 80 -1 inf
R 44 81 -1 inf
R 44 82 -1 inf
R 44 83 -1 inf
R 44 84 -1 inf
R 44 85 -1 inf
R 44 86 35 0.043259271031392446
R 44 87 -1 inf
R 44 88 -1 inf
R 44 89 -1 inf
R 44 90 -1 inf
R 44 91 -1 inf
R 44 92 -1 inf
R 44 93 -1 inf
R 44 94 -1 inf
R 44 95 35 0.034340245368179187
R 44 96 35 0.031646292747348273
R 44 97 -1 inf
R 44 98 -1 inf
R 44 99 -1 inf
R 45 0 -1 inf
R 45 1 -1 inf
R 45 2 -1 inf
R 45 3 -1 inf
R 45 4 36 0.058058470394448815
R 45 5 36 0.060568019811856118
R 45 6 -1 inf
R 45 7 -1 inf
R 45 8 -1 inf
R 45 9 -1 inf
R 45 10 -1 inf
R 45 11 -1 inf
R 45 12 -1 inf
R 45 13 36 0.071994652959427863
R 45 14 36 0.07335128786508599
R 45 15 -1 inf
R 45 16 -1 inf
R 45 17 -1 inf
R 45 18 -1 inf
R 45 19 -1 inf
R 45 20 -1 inf
R 45 21 -1 inf
R 45 22 -1 inf
R 45 23 -1 inf
R 45 24 -1 inf
R 45 25 -1 inf
R 45 26 -1 inf
R 45 27 54 0.013613433336976608
R 45 28 -1 inf
R 45 29 -1 inf
R 45 30 -1 inf
R 45 31 -1 inf
R 45 32 -1 inf
R 45 33 -1 inf
R 45 34 -1 inf
R 45 35 -1 inf
R 45 36 36 0.0048433461156427559
R 45 37 36 0.030087281244472758
R 45 38 -1 inf
R 45 39 -1 inf
R 45 40 -1 inf
R 45 41 -1 inf
R 45 42 -1 inf
R 45 43 -1 inf
R 45 44 -1 inf
R 45 45 45 0
R 45 46 36 0.019123846708478123
R 45 47 36 0.04201583471484923
R 45 48 -1 inf
R 45 49 -1 inf
R 45 50 -1 inf
R 45 51 -1 inf
R 45 52 -1 inf
R 45 53 -1 inf
R 45 54 54 0.0059833506904067267
R 45 55 36 0.018536364283799858
R 45 56 36 0.034343249920292349
R 45 57 36 0.058461198313479262
R 45 58 -1 inf
R 45 59 -1 inf
R 45 60 -1 inf
R 45 61 -1 inf
R 45 62 -1 inf
R 45 63 54 0.017351007872177103
R 45 64 36 0.013332299485697833
R 45 65 36 0.032461057759028425
R 45 66 36 0.049488140040864603
R 45 67 36 0.066038884902763592
R 45 68 -1 inf
R 45 69 -1 inf
R 45 70 -1 inf
R 45 71 -1 inf
R 45 72 -1 inf
R 45 73 36 0.028107000319978599
R 45 74 36 0.027880688815051815
R 45 75 36 0.045952121447782317
R 45 76 36 0.067214476656655836
R 45 77 -1 inf
R 45 78 -1 inf
R 45 79 -1 inf
R 45 80 -1 inf
R 45 81 -1 inf
R 45 82 -1 inf
R 45 83 36 0.036655871417728816
R 45 84 36 0.041717541076755862
R 45 85 36 0.059239242436339497
R 45 86 -1 inf
R 45 87 -1 inf
R 45 88 -1 inf
R 45 89 -1 inf
R 45 90 -1 inf
R 45 91 -1 inf
R 45 92 -1 inf
R 45 93 36 0.049656424897638912
R 45 94 36 0.054968383848586225
R 45 95 -1 inf
R 45 96 -1 inf
R 45 97 -1 inf
R 45 98 -1 inf
R 45 99 -1 inf
R 46 0 -1 inf
R 46 1 -1 inf
R 46 2 -1 inf
R 46 3 -1 inf
R 46 4 74 0.038934623685970692
R 46 5 74 0.041444173103377994
R 46 6 -1 inf
R 46 7 -1 inf
R 46 8 -1 inf
R 46 9 -1 inf
R 46 10 -1 inf
R 46 11 -1 inf
R 46 12 -1 inf
R 46 13 74 0.05287080625094974
R 46 14 74 0.054227441156607867
R 46 15 -1 inf
R 46 16 -1 inf
R 46 17 -1 inf
R 46 18 -1 inf
R 46 19 -1 inf
R 46 20 -1 inf
R 46 21 -1 inf
R 46 22 -1 inf
R 46 23 -1 inf
R 46 24 -1 inf
R 46 25 -1 inf
R 46 26 -1 inf
R 46 27 64 0.023425682834750213
R 46 28 -1 inf
R 46 29 -1 inf
R 46 30 -1 inf
R 46 31 -1 inf
R 46 32 -1 inf
R 46 33 -1 inf
R 46 34 -1 inf
R 46 35 -1 inf
R 46 36 64 0.014280500592835366
R 46 37 73 0.010963434535994635
R 46 38 -1 inf
R 46 39 -1 inf
R 46 40 -1 inf
R 46 41 -1 inf
R 46 42 -1 inf
R 46 43 -1 inf
R 46 44 -1 inf
R 46 45 64 0.019123846708478123
R 46 46 46 0
R 46 47 74 0.022891988006371111
R 46 48 -1 inf
R 46 49 -1 inf
R 46 50 -1 inf
R 46 51 -1 inf
R 46 52 -1 inf
R 46 53 -1 inf
R 46 54 64 0.020327918317259754
R 46 55 55 0.0055523273115272659
R 46 56 74 0.015219403211814224
R 46 57 74 0.039337351605001139
R 46 58 -1 inf
R 46 59 -1 inf
R 46 60 -1 inf
R 46 61 -1 inf
R 46 62 -1 inf
R 46 63 64 0.027163257369950709
R 46 64 64 0.0057915472227802883
R 46 65 74 0.013337211050550302
R 46 66 74 0.03036429333238648
R 46 67 74 0.046915038194285469
R 46 68 -1 inf
R 46 69 -1 inf
R 46 70 -1 inf
R 46 71 -1 inf
R 46 72 -1 inf
R 46 73 73 0.0089831536115004759
R 46 74 74 0.0087568421065736916
R 46 75 74 0.026828274739304186
R 46 76 74 0.048090629948177713
R 46 77 -1 inf
R 46 78 -1 inf
R 46 79 -1 inf
R 46 80 -1 inf
R 46 81 -1 inf
R 46 82 -1 inf
R 46 83 74 0.017532024709250697
R 46 84 74 0.022593694368277736
R 46 85 74 0.040115395727861373
R 46 86 -1 inf
R 46 87 -1 inf
R 46 88 -1 inf
R 46 89 -1 inf
R 46 90 -1 inf
R 46 91 -1 inf
R 46 92 -1 inf
R 46 93 74 0.030532578189160789
R 46 94 74 0.035844537140108101
R 46 95 -1 inf
R 46 96 -1 inf
R 46 97 -1 inf
R 46 98 -1 inf
R 46 99 -1 inf
R 47 0 -1 inf
R 47 1 -1 inf
R 47 2 -1 inf
R 47 3 -1 inf
R 47 4 83 0.043851598284797351
R 47 5 83 0.046361147702204654
R 47 6 -1 inf
R 47 7 -1 inf
R 47 8 -1 inf
R 47 9 -1 inf
R 47 10 -1 inf
R 47 11 -1 inf
R 47 12 -1 inf
R 47 13 83 0.057787780849776399
R 47 14 83 0.059144415755434526
R 47 15 -1 inf
R 47 16 -1 inf
R 47 17 -1 inf
R 47 18 -1 inf
R 47 19 -1 inf
R 47 20 -1 inf
R 47 21 -1 inf
R 47 22 -1 inf
R 47 23 -1 inf
R 47 24 -1 inf
R 47 25 -1 inf
R 47 26 -1 inf
R 47 27 83 0.046317670841121331
R 47 28 -1 inf
R 47 29 -1 inf
R 47 30 -1 inf
R 47 31 -1 inf
R 47 32 -1 inf
R 47 33 -1 inf
R 47 34 -1 inf
R 47 35 -1 inf
R 47 36 83 0.03717248859920648
R 47 37 83 0.033855422542365746
R 47 38 -1 inf
R 47 39 -1 inf
R 47 40 -1 inf
R 47 41 -1 inf
R 47 42 -1 inf
R 47 43 -1 inf
R 47 44 -1 inf
R 47 45 83 0.042015834714849237
R 47 46 83 0.022891988006371111
R 47 47 47 0
R 47 48 -1 inf
R 47 49 -1 inf
R 47 50 -1 inf
R 47 51 -1 inf
R 47 52 -1 inf
R 47 53 -1 inf
R 47 54 83 0.043219906323630868
R 47 55 83 0.028444315317898376
R 47 56 83 0.011882439982116515
R 47 57 83 0.044254326203827798
R 47 58 -1 inf
R 47 59 -1 inf
R 47 60 -1 inf
R 47 61 -1 inf
R 47 62 -1 inf
R 47 63 83 0.050055245376321826
R 47 64 83 0.028683535229151399
R 47 65 83 0.018254185649376958
R 47 66 83 0.035281267931213139
R 47 67 83 0.051832012793112128
R 47 68 -1 inf
R 47 69 -1 inf
R 47 70 -1 inf
R 47 71 -1 inf
R 47 72 -1 inf
R 47 73 83 0.031875141617871583
R 47 74 83 0.014135145899797419
R 47 75 83 0.031745249338130846
R 47 76 83 0.053007604547004372
R 47 77 -1 inf
R 47 78 -1 inf
R 47 79 -1 inf
R 47 80 -1 inf
R 47 81 -1 inf
R 47 82 -1 inf
R 47 83 83 0.005359963297120413
R 47 84 83 0.027510668967104392
R 47 85 83 0.045032370326688033
R 47 86 -1 inf
R 47 87 -1 inf
R 47 88 -1 inf
R 47 89 -1 inf
R 47 90 -1 inf
R 47 91 -1 inf
R 47 92 -1 inf
R 47 93 83 0.035449552787987448
R 47 94 83 0.040761511738934761
R 47 95 -1 inf
R 47 96 -1 inf
R 47 97 -1 inf
R 47 98 -1 inf
R 47 99 -1 inf
R 48 0 -1 inf
R 48 1 -1 inf
R 48 2 -1 inf
R 48 3 -1 inf
R 48 4 -1 inf
R 48 5 -1 inf
R 48 6 -1 inf
R 48 7 -1 inf
R 48 8 -1 inf
R 48 9 -1 inf
R 48 10 -1 inf
R 48 11 -1 inf
R 48 12 -1 inf
R 48 13 -1 inf
R 48 14 -1 inf
R 48 15 -1 inf
R 48 16 -1 inf
R 48 17 -1 inf
R 48 18 -1 inf
R 48 19 -1 inf
R 48 20 -1 inf
R 48 21 -1 inf
R 48 22 -1 inf
R 48 23 -1 inf
R 48 24 -1 inf
R 48 25 -1 inf
R 48 26 -1 inf
R 48 27 -1 inf
R 48 28 -1 inf
R 48 29 -1 inf
R 48 30 -1 inf
R 48 31 -1 inf
R 48 32 -1 inf
R 48 33 -1 inf
R 48 34 -1 inf
R 48 35 -1 inf
R 48 36 -1 inf
R 48 37 -1 inf
R 48 38 -1 inf
R 48 39 -1 inf
R 48 40 -1 inf
R 48 41 -1 inf
R 48 42 -1 inf
R 48 43 -1 inf
R 48 44 -1 inf
R 48 45 -1 inf
R 48 46 -1 inf
R 48 47 -1 inf
R 48 48 48 0
R 48 49 -1 inf
R 48 50 -1 inf
R 48 51 -1 inf
R 48 52 -1 inf
R 48 53 -1 inf
R 48 54 -1 inf
R 48 55 -1 inf
R 48 56 -1 inf
R 48 57 -1 inf
R 48 58 -1 inf
R 48 59 -1 inf
R 48 60 -1 inf
R 48 61 -1 inf
R 48 62 -1 inf
R 48 63 -1 inf
R 48 64 -1 inf
R 48 65 -1 inf
R 48 66 -1 inf
R 48 67 -1 inf
R 48 68 -1 inf
R 48 69 -1 inf
R 48 70 -1 inf
R 48 71 -1 inf
R 48 72 -1 inf
R 48 73 -1 inf
R 48 74 -1 inf
R 48 75 -1 inf
R 48 76 -1 inf
R 48 77 -1 inf
R 48 78 -1 inf
R 48 79 -1 inf
R 48 80 -1 inf
R 48 81 -1 inf
R 48 82 -1 inf
R 48 83 -1 inf
R 48 84 -1 inf
R 48 85 -1 inf
R 48 86 -1 inf
R 48 87 -1 inf
R 48 88 -1 inf
R 48 89 -1 inf
R 48 90 -1 inf
R 48 91 -1 inf
R 48 92 92 0.0076522324912280401
R 48 93 -1 inf
R 48 94 -1 inf
R 48 95 -1 inf
R 48 96 -1 inf
R 48 97 -1 inf
R 48 98 -1 inf
R 48 99 -1 inf
R 49 0 -1 inf
R 49 1 30 0.029185024908634283
R 49 2 30 0.023333694411571466
R 49 3 12 0.021201614990948532
R 49 4 -1 inf
R 49 5 -1 inf
R 49 6 -1 inf
R 49 7 -1 inf
R 49 8 -1 inf
R 49 9 -1 inf
R 49 10 30 0.033586767631227768
R 49 11 30 0.015873325973301107
R 49 12 12 0.0053899150823387273
R 49 13 -1 inf
R 49 14 -1 inf
R 49 15 -1 inf
R 49 16 -1 inf
R 49 17 -1 inf
R 49 18 -1 inf
R 49 19 -1 inf
R 49 20 30 0.020034945215821498
R 49 21 21 0.0070233986597426955
R 49 22 -1 inf
R 49 23 -1 inf
R 49 24 -1 inf
R 49 25 -1 inf
R 49 26 -1 inf
R 49 27 -1 inf
R 49 28 -1 inf
R 49 29 30 0.042081831681380868
R 49 30 30 0.0067835452264936886
R 49 31 -1 inf
R 49 32 -1 inf
R 49 33 -1 inf
R 49 34 -1 inf
R 49 35 -1 inf
R 49 36 -1 inf
R 49 37 -1 inf
R 49 38 30 0.040903918407794136
R 49 39 30 0.024402270042811345
R 49 40 -1 inf
R 49 41 -1 inf
R 49 42 -1 inf
R 49 43 -1 inf
R 49 44 -1 inf
R 49 45 -1 inf
R 49 46 -1 inf
R 49 47 -1 inf
R 49 48 -1 inf
R 49 49 49 0
R 49 50 -1 inf
R 49 51 -1 inf
R 49 52 -1 inf
R 49 53 -1 inf
R 49 54 -1 inf
R 49 55 -1 inf
R 49 56 -1 inf
R 49 57 -1 inf
R 49 58 12 0.012542678803509249
R 49 59 -1 inf
R 49 60 -1 inf
R 49 61 -1 inf
R 49 62 -1 inf
R 49 63 -1 inf
R 49 64 -1 inf
R 49 65 -1 inf
R 49 66 -1 inf
R 49 67 -1 inf
R 49 68 -1 inf
R 49 69 -1 inf
R 49 70 -1 inf
R 49 71 -1 inf
R 49 72 -1 inf
R 49 73 -1 inf
R 49 74 -1 inf
R 49 75 -1 inf
R 49 76 -1 inf
R 49 77 -1 inf
R 49 78 -1 inf
R 49 79 -1 inf
R 49 80 -1 inf
R 49 81 30 0.043236105214696466
R 49 82 30 0.045195486604190586
R 49 83 -1 inf
R 49 84 -1 inf
R 49 85 -1 inf
R 49 86 -1 inf
R 49 87 -1 inf
R 49 88 -1 inf
R 49 89 -1 inf
R 49 90 30 0.034331255670673473
R 49 91 30 0.031641374033097601
R 49 92 -1 inf
R 49 93 -1 inf
R 49 94 -1 inf
R 49 95 -1 inf
R 49 96 -1 inf
R 49 97 -1 inf
R 49 98 -1 inf
R 49 99 -1 inf
R 50 0 41 0.046977418593107022
R 50 1 -1 inf
R 50 2 -1 inf
R 50 3 -1 inf
R 50 4 -1 inf
R 50 5 -1 inf
R 50 6 -1 inf
R 50 7 -1 inf
R 50 8 -1 inf
R 50 9 41 0.044461433060869214
R 50 10 -1 inf
R 50 11 -1 inf
R 50 12 -1 inf
R 50 13 -1 inf
R 50 14 -1 inf
R 50 15 -1 inf
R 50 16 -1 inf
R 50 17 -1 inf
R 50 18 41 0.058360774300511835
R 50 19 41 0.056278148717194602
R 50 20 -1 inf
R 50 21 -1 inf
R 50 22 69 0.022824668804963553
R 50 23 -1 inf
R 50 24 -1 inf
R 50 25 -1 inf
R 50 26 -1 inf
R 50 27 -1 inf
R 50 28 -1 inf
R 50 29 -1 inf
R 50 30 -1 inf
R 50 31 69 0.013693230998511944
R 50 32 41 0.016486946032848147
R 50 33 -1 inf
R 50 34 -1 inf
R 50 35 -1 inf
R 50 36 -1 inf
R 50 37 -1 inf
R 50 38 -1 inf
R 50 39 -1 inf
R 50 40 69 0.018509026377712776
R 50 41 41 0.0055299881857491934
R 50 42 41 0.02848926168558151
R 50 43 -1 inf
R 50 44 -1 inf
R 50 45 -1 inf
R 50 46 -1 inf
R 50 47 -1 inf
R 50 48 -1 inf
R 50 49 -1 inf
R 50 50 50 0
R 50 51 41 0.020770445461203872
R 50 52 41 0.044889073566123663
R 50 53 -1 inf
R 50 54 -1 inf
R 50 55 -1 inf
R 50 56 -1 inf
R 50 57 -1 inf
R 50 58 -1 inf
R 50 59 69 0.019659820611517435
R 50 60 41 0.018891420108235728
R 50 61 41 0.035895684343390077
R 50 62 41 0.052378415848407078
R 50 63 -1 inf
R 50 64 -1 inf
R 50 65 -1 inf
R 50 66 -1 inf
R 50 67 -1 inf
R 50 68 69 0.026539779475739333
R 50 69 69 0.0051555922212489043
R 50 70 41 0.032352429458324602
R 50 71 41 0.053673408929316435
R 50 72 -1 inf
R 50 73 -1 inf
R 50 74 -1 inf
R 50 75 -1 inf
R 50 76 -1 inf
R 50 77 -1 inf
R 50 78 41 0.01442392980186109
R 50 79 41 0.014358475815334212
R 50 80 41 0.045634232605792087
R 50 81 -1 inf
R 50 82 -1 inf
R 50 83 -1 inf
R 50 84 -1 inf
R 50 85 -1 inf
R 50 86 -1 inf
R 50 87 -1 inf
R 50 88 41 0.023086690266693785
R 50 89 41 0.028161728763224828
R 50 90 -1 inf
R 50 91 -1 inf
R 50 92 -1 inf
R 50 93 -1 inf
R 50 94 -1 inf
R 50 95 -1 inf
R 50 96 -1 inf
R 50 97 -1 inf
R 50 98 41 0.036052791216135908
R 50 99 41 0.041400455311515844
R 51 0 60 0.034438641053868471
R 51 1 -1 inf
R 51 2 -1 inf
R 51 3 -1 inf
R 51 4 -1 inf
R 51 5 -1 inf
R 51 6 -1 inf
R 51 7 -1 inf
R 51 8 -1 inf
R 51 9 60 0.031922655521630677
R 51 10 -1 inf
R 51 11 -1 inf
R 51 12 -1 inf
R 51 13 -1 inf
R 51 14 -1 inf
R 51 15 -1 inf
R 51 16 -1 inf
R 51 17 -1 inf
R 51 18 60 0.045821996761273298
R 51 19 60 0.043739371177956052
R 51 20 -1 inf
R 51 21 -1 inf
R 51 22 79 0.038632304445088389
R 51 23 -1 inf
R 51 24 -1 inf
R 51 25 -1 inf
R 51 26 -1 inf
R 51 27 -1 inf
R 51 28 -1 inf
R 51 29 -1 inf
R 51 30 -1 inf
R 51 31 79 0.029500866638636783
R 51 32 79 0.026197415122553632
R 51 33 -1 inf
R 51 34 -1 inf
R 51 35 -1 inf
R 51 36 -1 inf
R 51 37 -1 inf
R 51 38 -1 inf
R 51 39 -1 inf
R 51 40 79 0.034316662017837611
R 51 41 79 0.015240457275454679
R 51 42 88 0.011830084812969391
R 51 43 -1 inf
R 51 44 -1 inf
R 51 45 -1 inf
R 51 46 -1 inf
R 51 47 -1 inf
R 51 48 -1 inf
R 51 49 -1 inf
R 51 50 79 0.020770445461203872
R 51 51 51 0
R 51 52 60 0.03235029602688512
R 51 53 -1 inf
R 51 54 -1 inf
R 51 55 -1 inf
R 51 56 -1 inf
R 51 57 -1 inf
R 51 58 -1 inf
R 51 59 79 0.035467456251642278
R 51 60 60 0.0063526425689971891
R 51 61 60 0.023356906804151537
R 51 62 60 0.039839638309168542
R 51 63 -1 inf
R 51 64 -1 inf
R 51 65 -1 inf
R 51 66 -1 inf
R 51 67 -1 inf
R 51 68 79 0.042347415115864172
R 51 69 79 0.020963227861373744
R 51 70 60 0.019813651919086059
R 51 71 60 0.041134631390077885
R 51 72 -1 inf
R 51 73 -1 inf
R 51 74 -1 inf
R 51 75 -1 inf
R 51 76 -1 inf
R 51 77 -1 inf
R 51 78 79 0.024134398891566575
R 51 79 79 0.0064119696458696607
R 51 80 60 0.033095455066553543
R 51 81 -1 inf
R 51 82 -1 inf
R 51 83 -1 inf
R 51 84 -1 inf
R 51 85 -1 inf
R 51 86 -1 inf
R 51 87 -1 inf
R 51 88 88 0.0064275133940816642
R 51 89 60 0.015622951223986287
R 51 90 -1 inf
R 51 91 -1 inf
R 51 92 -1 inf
R 51 93 -1 inf
R 51 94 -1 inf
R 51 95 -1 inf
R 51 96 -1 inf
R 51 97 -1 inf
R 51 98 60 0.023514013676897368
R 51 99 60 0.028861677772277296
R 52 0 98 0.032458517514768984
R 52 1 -1 inf
R 52 2 -1 inf
R 52 3 -1 inf
R 52 4 -1 inf
R 52 5 -1 inf
R 52 6 -1 inf
R 52 7 -1 inf
R 52 8 -1 inf
R 52 9 98 0.022096635937652438
R 52 10 -1 inf
R 52 11 -1 inf
R 52 12 -1 inf
R 52 13 -1 inf
R 52 14 -1 inf
R 52 15 -1 inf
R 52 16 -1 inf
R 52 17 -1 inf
R 52 18 98 0.035995977177295059
R 52 19 98 0.041759247638856564
R 52 20 -1 inf
R 52 21 -1 inf
R 52 22 98 0.062750932550008187
R 52 23 -1 inf
R 52 24 -1 inf
R 52 25 -1 inf
R 52 26 -1 inf
R 52 27 -1 inf
R 52 28 -1 inf
R 52 29 -1 inf
R 52 30 -1 inf
R 52 31 98 0.053619494743556574
R 52 32 98 0.050316043227473427
R 52 33 -1 inf
R 52 34 -1 inf
R 52 35 -1 inf
R 52 36 -1 inf
R 52 37 -1 inf
R 52 38 -1 inf
R 52 39 -1 inf
R 52 40 98 0.058435290122757402
R 52 41 98 0.03935908538037447
R 52 42 98 0.044180380839854511
R 52 43 -1 inf
R 52 44 -1 inf
R 52 45 -1 inf
R 52 46 -1 inf
R 52 47 -1 inf
R 52 48 -1 inf
R 52 49 -1 inf
R 52 50 98 0.044889073566123663
R 52 51 98 0.03235029602688512
R 52 52 52 0
R 52 53 -1 inf
R 52 54 -1 inf
R 52 55 -1 inf
R 52 56 -1 inf
R 52 57 -1 inf
R 52 58 -1 inf
R 52 59 98 0.059586084356562069
R 52 60 98 0.025997653457887931
R 52 61 98 0.013530887220173302
R 52 62 98 0.030013618725190302
R 52 63 -1 inf
R 52 64 -1 inf
R 52 65 -1 inf
R 52 66 -1 inf
R 52 67 -1 inf
R 52 68 98 0.066466043220783963
R 52 69 98 0.045081855966293535
R 52 70 98 0.017833528379986571
R 52 71 98 0.039154507850978397
R 52 72 -1 inf
R 52 73 -1 inf
R 52 74 -1 inf
R 52 75 -1 inf
R 52 76 -1 inf
R 52 77 -1 inf
R 52 78 98 0.04825302699648637
R 52 79 98 0.030530597750789448
R 52 80 98 0.031115331527454056
R 52 81 -1 inf
R 52 82 -1 inf
R 52 83 -1 inf
R 52 84 -1 inf
R 52 85 -1 inf
R 52 86 -1 inf
R 52 87 -1 inf
R 52 88 98 0.038777809420966786
R 52 89 98 0.016727344802898832
R 52 90 -1 inf
R 52 91 -1 inf
R 52 92 -1 inf
R 52 93 -1 inf
R 52 94 -1 inf
R 52 95 -1 inf
R 52 96 -1 inf
R 52 97 -1 inf
R 52 98 98 0.0088362823499877514
R 52 99 98 0.026881554233177809
R 53 0 -1 inf
R 53 1 -1 inf
R 53 2 -1 inf
R 53 3 -1 inf
R 53 4 -1 inf
R 53 5 -1 inf
R 53 6 17 0.041854736024224924
R 53 7 17 0.035997150998328023
R 53 8 8 0.0085633086224926082
R 53 9 -1 inf
R 53 10 -1 inf
R 53 11 -1 inf
R 53 12 -1 inf
R 53 13 -1 inf
R 53 14 -1 inf
R 53 15 17 0.046303231091150789
R 53 16 17 0.02852015757426303
R 53 17 17 0.0071928725706447158
R 53 18 -1 inf
R 53 19 -1 inf
R 53 20 -1 inf
R 53 21 -1 inf
R 53 22 -1 inf
R 53 23 -1 inf
R 53 24 17 0.054845549865722154
R 53 25 17 0.032724013972971984
R 53 26 17 0.015522235113557322
R 53 27 -1 inf
R 53 28 -1 inf
R 53 29 -1 inf
R 53 30 -1 inf
R 53 31 -1 inf
R 53 32 -1 inf
R 53 33 -1 inf
R 53 34 17 0.037131786784884165
R 53 35 17 0.019466144582178747
R 53 36 -1 inf
R 53 37 -1 inf
R 53 38 -1 inf
R 53 39 -1 inf
R 53 40 -1 inf
R 53 41 -1 inf
R 53 42 -1 inf
R 53 43 -1 inf
R 53 44 17 0.012634205426567376
R 53 45 -1 inf
R 53 46 -1 inf
R 53 47 -1 inf
R 53 48 -1 inf
R 53 49 -1 inf
R 53 50 -1 inf
R 53 51 -1 inf
R 53 52 -1 inf
R 53 53 53 0
R 53 54 -1 inf
R 53 55 -1 inf
R 53 56 -1 inf
R 53 57 -1 inf
R 53 58 -1 inf
R 53 59 -1 inf
R 53 60 -1 inf
R 53 61 -1 inf
R 53 62 -1 inf
R 53 63 -1 inf
R 53 64 -1 inf
R 53 65 -1 inf
R 53 66 -1 inf
R 53 67 -1 inf
R 53 68 -1 inf
R 53 69 -1 inf
R 53 70 -1 inf
R 53 71 -1 inf
R 53 72 -1 inf
R 53 73 -1 inf
R 53 74 -1 inf
R 53 75 -1 inf
R 53 76 -1 inf
R 53 77 -1 inf
R 53 78 -1 inf
R 53 79 -1 inf
R 53 80 -1 inf
R 53 81 -1 inf
R 53 82 -1 inf
R 53 83 -1 inf
R 53 84 -1 inf
R 53 85 -1 inf
R 53 86 17 0.05589347645795982
R 53 87 -1 inf
R 53 88 -1 inf
R 53 89 -1 inf
R 53 90 -1 inf
R 53 91 -1 inf
R 53 92 -1 inf
R 53 93 -1 inf
R 53 94 -1 inf
R 53 95 17 0.046974450794746561
R 53 96 17 0.044280498173915647
R 53 97 -1 inf
R 53 98 -1 inf
R 53 99 -1 inf
R 54 0 -1 inf
R 54 1 -1 inf
R 54 2 -1 inf
R 54 3 -1 inf
R 54 4 36 0.059262542003230438
R 54 5 36 0.061772091420637741
R 54 6 -1 inf
R 54 7 -1 inf
R 54 8 -1 inf
R 54 9 -1 inf
R 54 10 -1 inf
R 54 11 -1 inf
R 54 12 -1 inf
R 54 13 36 0.073198724568209486
R 54 14 36 0.074555359473867613
R 54 15 -1 inf
R 54 16 -1 inf
R 54 17 -1 inf
R 54 18 -1 inf
R 54 19 -1 inf
R 54 20 -1 inf
R 54 21 -1 inf
R 54 22 -1 inf
R 54 23 -1 inf
R 54 24 -1 inf
R 54 25 -1 inf
R 54 26 -1 inf
R 54 27 27 0.0076300826465698817
R 54 28 -1 inf
R 54 29 -1 inf
R 54 30 -1 inf
R 54 31 -1 inf
R 54 32 -1 inf
R 54 33 -1 inf
R 54 34 -1 inf
R 54 35 -1 inf
R 54 36 36 0.0060474177244243896
R 54 37 36 0.031291352853254392
R 54 38 -1 inf
R 54 39 -1 inf
R 54 40 -1 inf
R 54 41 -1 inf
R 54 42 -1 inf
R 54 43 -1 inf
R 54 44 -1 inf
R 54 45 45 0.0059833506904067267
R 54 46 36 0.020327918317259754
R 54 47 36 0.043219906323630868
R 54 48 -1 inf
R 54 49 -1 inf
R 54 50 -1 inf
R 54 51 -1 inf
R 54 52 -1 inf
R 54 53 -1 inf
R 54 54 54 0
R 54 55 36 0.019740435892581495
R 54 56 36 0.035547321529073979
R 54 57 36 0.059665269922260886
R 54 58 -1 inf
R 54 59 -1 inf
R 54 60 -1 inf
R 54 61 -1 inf
R 54 62 -1 inf
R 54 63 27 0.011367657181770376
R 54 64 36 0.014536371094479467
R 54 65 36 0.033665129367810055
R 54 66 36 0.050692211649646227
R 54 67 36 0.067242956511545215
R 54 68 -1 inf
R 54 69 -1 inf
R 54 70 -1 inf
R 54 71 -1 inf
R 54 72 -1 inf
R 54 73 36 0.029311071928760229
R 54 74 36 0.029084760423833445
R 54 75 36 0.04715619305656394
R 54 76 36 0.068418548265437459
R 54 77 -1 inf
R 54 78 -1 inf
R 54 79 -1 inf
R 54 80 -1 inf
R 54 81 -1 inf
R 54 82 -1 inf
R 54 83 36 0.037859943026510454
R 54 84 36 0.042921612685537486
R 54 85 36 0.06044331404512112
R 54 86 -1 inf
R 54 87 -1 inf
R 54 88 -1 inf
R 54 89 -1 inf
R 54 90 -1 inf
R 54 91 -1 inf
R 54 92 -1 inf
R 54 93 36 0.050860496506420536
R 54 94 36 0.056172455457367848
R 54 95 -1 inf
R 54 96 -1 inf
R 54 97 -1 inf
R 54 98 -1 inf
R 54 99 -1 inf
R 55 0 -1 inf
R 55 1 -1 inf
R 55 2 -1 inf
R 55 3 -1 inf
R 55 4 46 0.044486950997497957
R 55 5 46 0.046996500414905253
R 55 6 -1 inf
R 55 7 -1 inf
R 55 8 -1 inf
R 55 9 -1 inf
R 55 10 -1 inf
R 55 11 -1 inf
R 55 12 -1 inf
R 55 13 46 0.058423133562477012
R 55 14 46 0.059779768468135125
R 55 15 -1 inf
R 55 16 -1 inf
R 55 17 -1 inf
R 55 18 -1 inf
R 55 19 -1 inf
R 55 20 -1 inf
R 55 21 -1 inf
R 55 22 -1 inf
R 55 23 -1 inf
R 55 24 -1 inf
R 55 25 -1 inf
R 55 26 -1 inf
R 55 27 64 0.022838200410071952
R 55 28 -1 inf
R 55 29 -1 inf
R 55 30 -1 inf
R 55 31 -1 inf
R 55 32 -1 inf
R 55 33 -1 inf
R 55 34 -1 inf
R 55 35 -1 inf
R 55 36 64 0.013693018168157104
R 55 37 46 0.0165157618475219
R 55 38 -1 inf
R 55 39 -1 inf
R 55 40 -1 inf
R 55 41 -1 inf
R 55 42 -1 inf
R 55 43 -1 inf
R 55 44 -1 inf
R 55 45 64 0.018536364283799858
R 55 46 46 0.0055523273115272659
R 55 47 46 0.028444315317898376
R 55 48 -1 inf
R 55 49 -1 inf
R 55 50 -1 inf
R 55 51 -1 inf
R 55 52 -1 inf
R 55 53 -1 inf
R 55 54 64 0.019740435892581495
R 55 55 55 0
R 55 56 46 0.02077173052334149
R 55 57 46 0.044889678916528404
R 55 58 -1 inf
R 55 59 -1 inf
R 55 60 -1 inf
R 55 61 -1 inf
R 55 62 -1 inf
R 55 63 64 0.026575774945272447
R 55 64 64 0.0052040647981020267
R 55 65 46 0.018889538362077567
R 55 66 46 0.035916620643913745
R 55 67 46 0.052467365505812734
R 55 68 -1 inf
R 55 69 -1 inf
R 55 70 -1 inf
R 55 71 -1 inf
R 55 72 -1 inf
R 55 73 46 0.014535480923027741
R 55 74 46 0.014309169418100957
R 55 75 46 0.032380602050831452
R 55 76 46 0.053642957259704971
R 55 77 -1 inf
R 55 78 -1 inf
R 55 79 -1 inf
R 55 80 -1 inf
R 55 81 -1 inf
R 55 82 -1 inf
R 55 83 46 0.023084352020777962
R 55 84 46 0.028146021679805001
R 55 85 46 0.045667723039388632
R 55 86 -1 inf
R 55 87 -1 inf
R 55 88 -1 inf
R 55 89 -1 inf
R 55 90 -1 inf
R 55 91 -1 inf
R 55 92 -1 inf
R 55 93 46 0.036084905500688054
R 55 94 46 0.04139686445163536
R 55 95 -1 inf
R 55 96 -1 inf
R 55 97 -1 inf
R 55 98 -1 inf
R 55 99 -1 inf
R 56 0 -1 inf
R 56 1 -1 inf
R 56 2 -1 inf
R 56 3 -1 inf
R 56 4 65 0.031969158302680836
R 56 5 65 0.034478707720088139
R 56 6 -1 inf
R 56 7 -1 inf
R 56 8 -1 inf
R 56 9 -1 inf
R 56 10 -1 inf
R 56 11 -1 inf
R 56 12 -1 inf
R 56 13 65 0.045905340867659891
R 56 14 65 0.047261975773318005
R 56 15 -1 inf
R 56 16 -1 inf
R 56 17 -1 inf
R 56 18 -1 inf
R 56 19 -1 inf
R 56 20 -1 inf
R 56 21 -1 inf
R 56 22 -1 inf
R 56 23 -1 inf
R 56 24 -1 inf
R 56 25 -1 inf
R 56 26 -1 inf
R 56 27 74 0.038645086046564442
R 56 28 -1 inf
R 56 29 -1 inf
R 56 30 -1 inf
R 56 31 -1 inf
R 56 32 -1 inf
R 56 33 -1 inf
R 56 34 -1 inf
R 56 35 -1 inf
R 56 36 74 0.029499903804649591
R 56 37 74 0.02618283774780886
R 56 38 -1 inf
R 56 39 -1 inf
R 56 40 -1 inf
R 56 41 -1 inf
R 56 42 -1 inf
R 56 43 -1 inf
R 56 44 -1 inf
R 56 45 74 0.034343249920292349
R 56 46 74 0.015219403211814224
R 56 47 83 0.011882439982116515
R 56 48 -1 inf
R 56 49 -1 inf
R 56 50 -1 inf
R 56 51 -1 inf
R 56 52 -1 inf
R 56 53 -1 inf
R 56 54 74 0.035547321529073979
R 56 55 74 0.02077173052334149
R 56 56 56 0
R 56 57 65 0.032371886221711277
R 56 58 -1 inf
R 56 59 -1 inf
R 56 60 -1 inf
R 56 61 -1 inf
R 56 62 -1 inf
R 56 63 74 0.042382660581764937
R 56 64 74 0.021010950434594514
R 56 65 65 0.0063717456672604429
R 56 66 65 0.023398827949096621
R 56 67 65 0.039949572810995614
R 56 68 -1 inf
R 56 69 -1 inf
R 56 70 -1 inf
R 56 71 -1 inf
R 56 72 -1 inf
R 56 73 74 0.024202556823314701
R 56 74 74 0.0064625611052405319
R 56 75 65 0.019862809356014331
R 56 76 65 0.041125164564887857
R 56 77 -1 inf
R 56 78 -1 inf
R 56 79 -1 inf
R 56 80 -1 inf
R 56 81 -1 inf
R 56 82 -1 inf
R 56 83 83 0.0065224766849961008
R 56 84 65 0.015628228984987877
R 56 85 65 0.033149930344571518
R 56 86 -1 inf
R 56 87 -1 inf
R 56 88 -1 inf
R 56 89 -1 inf
R 56 90 -1 inf
R 56 91 -1 inf
R 56 92 -1 inf
R 56 93 65 0.02356711280587093
R 56 94 65 0.028879071756818243
R 56 95 -1 inf
R 56 96 -1 inf
R 56 97 -1 inf
R 56 98 -1 inf
R 56 99 -1 inf
R 57 0 -1 inf
R 57 1 -1 inf
R 57 2 -1 inf
R 57 3 -1 inf
R 57 4 93 0.022167451605054914
R 57 5 93 0.032500337481052834
R 57 6 -1 inf
R 57 7 -1 inf
R 57 8 -1 inf
R 57 9 -1 inf
R 57 10 -1 inf
R 57 11 -1 inf
R 57 12 -1 inf
R 57 13 93 0.036103634170033969
R 57 14 93 0.045283605534282706
R 57 15 -1 inf
R 57 16 -1 inf
R 57 17 -1 inf
R 57 18 -1 inf
R 57 19 -1 inf
R 57 20 -1 inf
R 57 21 -1 inf
R 57 22 -1 inf
R 57 23 -1 inf
R 57 24 -1 inf
R 57 25 -1 inf
R 57 26 -1 inf
R 57 27 93 0.062763034439751356
R 57 28 -1 inf
R 57 29 -1 inf
R 57 30 -1 inf
R 57 31 -1 inf
R 57 32 -1 inf
R 57 33 -1 inf
R 57 34 -1 inf
R 57 35 -1 inf
R 57 36 93 0.053617852197836505
R 57 37 93 0.050300786140995778
R 57 38 -1 inf
R 57 39 -1 inf
R 57 40 -1 inf
R 57 41 -1 inf
R 57 42 -1 inf
R 57 43 -1 inf
R 57 44 -1 inf
R 57 45 93 0.058461198313479262
R 57 46 93 0.039337351605001139
R 57 47 93 0.044254326203827792
R 57 48 -1 inf
R 57 49 -1 inf
R 57 50 -1 inf
R 57 51 -1 inf
R 57 52 -1 inf
R 57 53 -1 inf
R 57 54 93 0.059665269922260893
R 57 55 93 0.044889678916528404
R 57 56 93 0.032371886221711277
R 57 57 57 0
R 57 58 -1 inf
R 57 59 -1 inf
R 57 60 -1 inf
R 57 61 -1 inf
R 57 62 -1 inf
R 57 63 93 0.066500608974951844
R 57 64 93 0.045128898827781427
R 57 65 93 0.026000140554450837
R 57 66 93 0.013597121251470699
R 57 67 93 0.030147866113369691
R 57 68 -1 inf
R 57 69 -1 inf
R 57 70 -1 inf
R 57 71 -1 inf
R 57 72 -1 inf
R 57 73 93 0.048320505216501615
R 57 74 93 0.030580509498427447
R 57 75 93 0.017884439116979029
R 57 76 93 0.039146794325852552
R 57 77 -1 inf
R 57 78 -1 inf
R 57 79 -1 inf
R 57 80 -1 inf
R 57 81 -1 inf
R 57 82 -1 inf
R 57 83 93 0.038894362906707378
R 57 84 93 0.016743657236723403
R 57 85 93 0.031171560105536216
R 57 86 -1 inf
R 57 87 -1 inf
R 57 88 -1 inf
R 57 89 -1 inf
R 57 90 -1 inf
R 57 91 -1 inf
R 57 92 -1 inf
R 57 93 93 0.0088047734158403501
R 57 94 93 0.026900701517782941
R 57 95 -1 inf
R 57 96 -1 inf
R 57 97 -1 inf
R 57 98 -1 inf
R 57 99 -1 inf
R 58 0 -1 inf
R 58 1 12 0.04172770371214353
R 58 2 12 0.035876373215080713
R 58 3 3 0.0086589361874392853
R 58 4 -1 inf
R 58 5 -1 inf
R 58 6 -1 inf
R 58 7 -1 inf
R 58 8 -1 inf
R 58 9 -1 inf
R 58 10 12 0.046129446434737015
R 58 11 12 0.028416004776810354
R 58 12 12 0.0071527637211705212
R 58 13 -1 inf
R 58 14 -1 inf
R 58 15 -1 inf
R 58 16 -1 inf
R 58 17 -1 inf
R 58 18 -1 inf
R 58 19 -1 inf
R 58 20 12 0.032577624019330745
R 58 21 12 0.015466928670688988
R 58 22 -1 inf
R 58 23 -1 inf
R 58 24 -1 inf
R 58 25 -1 inf
R 58 26 -1 inf
R 58 27 -1 inf
R 58 28 -1 inf
R 58 29 12 0.054624510484890115
R 58 30 12 0.019326224030002937
R 58 31 -1 inf
R 58 32 -1 inf
R 58 33 -1 inf
R 58 34 -1 inf
R 58 35 -1 inf
R 58 36 -1 inf
R 58 37 -1 inf
R 58 38 12 0.053446597211303376
R 58 39 12 0.036944948846320588
R 58 40 -1 inf
R 58 41 -1 inf
R 58 42 -1 inf
R 58 43 -1 inf
R 58 44 -1 inf
R 58 45 -1 inf
R 58 46 -1 inf
R 58 47 -1 inf
R 58 48 -1 inf
R 58 49 12 0.012542678803509249
R 58 50 -1 inf
R 58 51 -1 inf
R 58 52 -1 inf
R 58 53 -1 inf
R 58 54 -1 inf
R 58 55 -1 inf
R 58 56 -1 inf
R 58 57 -1 inf
R 58 58 58 0
R 58 59 -1 inf
R 58 60 -1 inf
R 58 61 -1 inf
R 58 62 -1 inf
R 58 63 -1 inf
R 58 64 -1 inf
R 58 65 -1 inf
R 58 66 -1 inf
R 58 67 -1 inf
R 58 68 -1 inf
R 58 69 -1 inf
R 58 70 -1 inf
R 58 71 -1 inf
R 58 72 -1 inf
R 58 73 -1 inf
R 58 74 -1 inf
R 58 75 -1 inf
R 58 76 -1 inf
R 58 77 -1 inf
R 58 78 -1 inf
R 58 79 -1 inf
R 58 80 -1 inf
R 58 81 12 0.055778784018205713
R 58 82 12 0.057738165407699826
R 58 83 -1 inf
R 58 84 -1 inf
R 58 85 -1 inf
R 58 86 -1 inf
R 58 87 -1 inf
R 58 88 -1 inf
R 58 89 -1 inf
R 58 90 12 0.04687393447418272
R 58 91 12 0.044184052836606841
R 58 92 -1 inf
R 58 93 -1 inf
R 58 94 -1 inf
R 58 95 -1 inf
R 58 96 -1 inf
R 58 97 -1 inf
R 58 98 -1 inf
R 58 99 -1 inf
R 59 0 31 0.061674429383545427
R 59 1 -1 inf
R 59 2 -1 inf
R 59 3 -1 inf
R 59 4 -1 inf
R 59 5 -1 inf
R 59 6 -1 inf
R 59 7 -1 inf
R 59 8 -1 inf
R 59 9 31 0.05915844385130762
R 59 10 -1 inf
R 59 11 -1 inf
R 59 12 -1 inf
R 59 13 -1 inf
R 59 14 -1 inf
R 59 15 -1 inf
R 59 16 -1 inf
R 59 17 -1 inf
R 59 18 31 0.073057785090950234
R 59 19 31 0.070975159507633001
R 59 20 -1 inf
R 59 21 -1 inf
R 59 22 22 0.0076050615414193154
R 59 23 -1 inf
R 59 24 -1 inf
R 59 25 -1 inf
R 59 26 -1 inf
R 59 27 -1 inf
R 59 28 -1 inf
R 59 29 -1 inf
R 59 30 -1 inf
R 59 31 31 0.0059665896130054932
R 59 32 31 0.031183956823286552
R 59 33 -1 inf
R 59 34 -1 inf
R 59 35 -1 inf
R 59 36 -1 inf
R 59 37 -1 inf
R 59 38 -1 inf
R 59 39 -1 inf
R 59 40 40 0.0059347733476585209
R 59 41 31 0.020226998976187599
R 59 42 31 0.043186272476019916
R 59 43 -1 inf
R 59 44 -1 inf
R 59 45 -1 inf
R 59 46 -1 inf
R 59 47 -1 inf
R 59 48 -1 inf
R 59 49 -1 inf
R 59 50 31 0.019659820611517435
R 59 51 31 0.035467456251642278
R 59 52 31 0.059586084356562069
R 59 53 -1 inf
R 59 54 -1 inf
R 59 55 -1 inf
R 59 56 -1 inf
R 59 57 -1 inf
R 59 58 -1 inf
R 59 59 59 0
R 59 60 31 0.033588430898674138
R 59 61 31 0.050592695133828483
R 59 62 31 0.067075426638845484
R 59 63 -1 inf
R 59 64 -1 inf
R 59 65 -1 inf
R 59 66 -1 inf
R 59 67 -1 inf
R 59 68 22 0.011320172212195095
R 59 69 31 0.014504228390268532
R 59 70 31 0.047049440248763008
R 59 71 31 0.068370419719754841
R 59 72 -1 inf
R 59 73 -1 inf
R 59 74 -1 inf
R 59 75 -1 inf
R 59 76 -1 inf
R 59 77 -1 inf
R 59 78 31 0.029120940592299496
R 59 79 31 0.029055486605772618
R 59 80 31 0.060331243396230493
R 59 81 -1 inf
R 59 82 -1 inf
R 59 83 -1 inf
R 59 84 -1 inf
R 59 85 -1 inf
R 59 86 -1 inf
R 59 87 -1 inf
R 59 88 31 0.037783701057132191
R 59 89 31 0.042858739553663233
R 59 90 -1 inf
R 59 91 -1 inf
R 59 92 -1 inf
R 59 93 -1 inf
R 59 94 -1 inf
R 59 95 -1 inf
R 59 96 -1 inf
R 59 97 -1 inf
R 59 98 31 0.050749802006574314
R 59 99 31 0.056097466101954249
R 60 0 89 0.028085998484871286
R 60 1 -1 inf
R 60 2 -1 inf
R 60 3 -1 inf
R 60 4 -1 inf
R 60 5 -1 inf
R 60 6 -1 inf
R 60 7 -1 inf
R 60 8 -1 inf
R 60 9 89 0.025570012952633486
R 60 10 -1 inf
R 60 11 -1 inf
R 60 12 -1 inf
R 60 13 -1 inf
R 60 14 -1 inf
R 60 15 -1 inf
R 60 16 -1 inf
R 60 17 -1 inf
R 60 18 89 0.039469354192276103
R 60 19 89 0.037386728608958864
R 60 20 -1 inf
R 60 21 -1 inf
R 60 22 79 0.036753279092120256
R 60 23 -1 inf
R 60 24 -1 inf
R 60 25 -1 inf
R 60 26 -1 inf
R 60 27 -1 inf
R 60 28 -1 inf
R 60 29 -1 inf
R 60 30 -1 inf
R 60 31 79 0.027621841285668643
R 60 32 79 0.024318389769585488
R 60 33 -1 inf
R 60 34 -1 inf
R 60 35 -1 inf
R 60 36 -1 inf
R 60 37 -1 inf
R 60 38 -1 inf
R 60 39 -1 inf
R 60 40 79 0.032437636664869471
R 60 41 79 0.013361431922486535
R 60 42 51 0.018182727381966579
R 60 43 -1 inf
R 60 44 -1 inf
R 60 45 -1 inf
R 60 46 -1 inf
R 60 47 -1 inf
R 60 48 -1 inf
R 60 49 -1 inf
R 60 50 79 0.018891420108235728
R 60 51 51 0.0063526425689971891
R 60 52 89 0.025997653457887931
R 60 53 -1 inf
R 60 54 -1 inf
R 60 55 -1 inf
R 60 56 -1 inf
R 60 57 -1 inf
R 60 58 -1 inf
R 60 59 79 0.033588430898674138
R 60 60 60 0
R 60 61 89 0.017004264235154349
R 60 62 89 0.033486995740171346
R 60 63 -1 inf
R 60 64 -1 inf
R 60 65 -1 inf
R 60 66 -1 inf
R 60 67 -1 inf
R 60 68 79 0.040468389762896038
R 60 69 79 0.019084202508405604
R 60 70 89 0.013461009350088872
R 60 71 89 0.034781988821080703
R 60 72 -1 inf
R 60 73 -1 inf
R 60 74 -1 inf
R 60 75 -1 inf
R 60 76 -1 inf
R 60 77 -1 inf
R 60 78 79 0.022255373538598432
R 60 79 79 0.0045329442929015161
R 60 80 89 0.026742812497556358
R 60 81 -1 inf
R 60 82 -1 inf
R 60 83 -1 inf
R 60 84 -1 inf
R 60 85 -1 inf
R 60 86 -1 inf
R 60 87 -1 inf
R 60 88 51 0.012780155963078854
R 60 89 89 0.0092703086549890991
R 60 90 -1 inf
R 60 91 -1 inf
R 60 92 -1 inf
R 60 93 -1 inf
R 60 94 -1 inf
R 60 95 -1 inf
R 60 96 -1 inf
R 60 97 -1 inf
R 60 98 89 0.01716137110790018
R 60 99 89 0.022509035203280112
R 61 0 70 0.021840155544843684
R 61 1 -1 inf
R 61 2 -1 inf
R 61 3 -1 inf
R 61 4 -1 inf
R 61 5 -1 inf
R 61 6 -1 inf
R 61 7 -1 inf
R 61 8 -1 inf
R 61 9 9 0.0085657487174791366
R 61 10 -1 inf
R 61 11 -1 inf
R 61 12 -1 inf
R 61 13 -1 inf
R 61 14 -1 inf
R 61 15 -1 inf
R 61 16 -1 inf
R 61 17 -1 inf
R 61 18 9 0.022465089957121757
R 61 19 70 0.031140885668931265
R 61 20 -1 inf
R 61 21 -1 inf
R 61 22 89 0.053757543327274601
R 61 23 -1 inf
R 61 24 -1 inf
R 61 25 -1 inf
R 61 26 -1 inf
R 61 27 -1 inf
R 61 28 -1 inf
R 61 29 -1 inf
R 61 30 -1 inf
R 61 31 89 0.044626105520822988
R 61 32 89 0.041322654004739841
R 61 33 -1 inf
R 61 34 -1 inf
R 61 35 -1 inf
R 61 36 -1 inf
R 61 37 -1 inf
R 61 38 -1 inf
R 61 39 -1 inf
R 61 40 89 0.049441900900023816
R 61 41 89 0.030365696157640884
R 61 42 89 0.035186991617120925
R 61 43 -1 inf
R 61 44 -1 inf
R 61 45 -1 inf
R 61 46 -1 inf
R 61 47 -1 inf
R 61 48 -1 inf
R 61 49 -1 inf
R 61 50 89 0.035895684343390077
R 61 51 89 0.023356906804151537
R 61 52 98 0.013530887220173302
R 61 53 -1 inf
R 61 54 -1 inf
R 61 55 -1 inf
R 61 56 -1 inf
R 61 57 -1 inf
R 61 58 -1 inf
R 61 59 89 0.050592695133828483
R 61 60 89 0.017004264235154349
R 61 61 61 0
R 61 62 9 0.016482731505017001
R 61 63 -1 inf
R 61 64 -1 inf
R 61 65 -1 inf
R 61 66 -1 inf
R 61 67 -1 inf
R 61 68 89 0.057472653998050384
R 61 69 89 0.036088466743559949
R 61 70 70 0.0072151664100612726
R 61 71 70 0.028536145881053097
R 61 72 -1 inf
R 61 73 -1 inf
R 61 74 -1 inf
R 61 75 -1 inf
R 61 76 -1 inf
R 61 77 -1 inf
R 61 78 89 0.039259637773752784
R 61 79 89 0.021537208528055865
R 61 80 70 0.020496969557528756
R 61 81 -1 inf
R 61 82 -1 inf
R 61 83 -1 inf
R 61 84 -1 inf
R 61 85 -1 inf
R 61 86 -1 inf
R 61 87 -1 inf
R 61 88 89 0.0297844201982332
R 61 89 89 0.007733955580165249
R 61 90 -1 inf
R 61 91 -1 inf
R 61 92 -1 inf
R 61 93 -1 inf
R 61 94 -1 inf
R 61 95 -1 inf
R 61 96 -1 inf
R 61 97 -1 inf
R 61 98 98 0.0046946048701855493
R 61 99 70 0.016263192263252509
R 62 0 9 0.038322887049860692
R 62 1 -1 inf
R 62 2 -1 inf
R 62 3 -1 inf
R 62 4 -1 inf
R 62 5 -1 inf
R 62 6 -1 inf
R 62 7 -1 inf
R 62 8 -1 inf
R 62 9 9 0.0079169827875378625
R 62 10 -1 inf
R 62 11 -1 inf
R 62 12 -1 inf
R 62 13 -1 inf
R 62 14 -1 inf
R 62 15 -1 inf
R 62 16 -1 inf
R 62 17 -1 inf
R 62 18 18 0.0059823584521047557
R 62 19 9 0.047623617173948272
R 62 20 -1 inf
R 62 21 -1 inf
R 62 22 9 0.070240274832291602
R 62 23 -1 inf
R 62 24 -1 inf
R 62 25 -1 inf
R 62 26 -1 inf
R 62 27 -1 inf
R 62 28 -1 inf
R 62 29 -1 inf
R 62 30 -1 inf
R 62 31 9 0.061108837025839989
R 62 32 9 0.057805385509756842
R 62 33 -1 inf
R 62 34 -1 inf
R 62 35 -1 inf
R 62 36 -1 inf
R 62 37 -1 inf
R 62 38 -1 inf
R 62 39 -1 inf
R 62 40 9 0.065924632405040817
R 62 41 9 0.046848427662657885
R 62 42 9 0.051669723122137926
R 62 43 -1 inf
R 62 44 -1 inf
R 62 45 -1 inf
R 62 46 -1 inf
R 62 47 -1 inf
R 62 48 -1 inf
R 62 49 -1 inf
R 62 50 9 0.052378415848407078
R 62 51 9 0.039839638309168535
R 62 52 9 0.030013618725190302
R 62 53 -1 inf
R 62 54 -1 inf
R 62 55 -1 inf
R 62 56 -1 inf
R 62 57 -1 inf
R 62 58 -1 inf
R 62 59 9 0.067075426638845484
R 62 60 9 0.033486995740171346
R 62 61 9 0.016482731505017001
R 62 62 62 0
R 62 63 -1 inf
R 62 64 -1 inf
R 62 65 -1 inf
R 62 66 -1 inf
R 62 67 -1 inf
R 62 68 9 0.073955385503067378
R 62 69 9 0.05257119824857695
R 62 70 9 0.023697897915078273
R 62 71 9 0.045018877386070105
R 62 72 -1 inf
R 62 73 -1 inf
R 62 74 -1 inf
R 62 75 -1 inf
R 62 76 -1 inf
R 62 77 -1 inf
R 62 78 9 0.055742369278769785
R 62 79 9 0.038019940033072866
R 62 80 9 0.036979701062545757
R 62 81 -1 inf
R 62 82 -1 inf
R 62 83 -1 inf
R 62 84 -1 inf
R 62 85 -1 inf
R 62 86 -1 inf
R 62 87 -1 inf
R 62 88 9 0.046267151703250201
R 62 89 9 0.024216687085182251
R 62 90 -1 inf
R 62 91 -1 inf
R 62 92 -1 inf
R 62 93 -1 inf
R 62 94 -1 inf
R 62 95 -1 inf
R 62 96 -1 inf
R 62 97 -1 inf
R 62 98 9 0.021177336375202551
R 62 99 9 0.032745923768269514
R 63 0 -1 inf
R 63 1 -1 inf
R 63 2 -1 inf
R 63 3 -1 inf
R 63 4 27 0.066097881055921404
R 63 5 27 0.068607430473328707
R 63 6 -1 inf
R 63 7 -1 inf
R 63 8 -1 inf
R 63 9 -1 inf
R 63 10 -1 inf
R 63 11 -1 inf
R 63 12 -1 inf
R 63 13 27 0.080034063620900459
R 63 14 27 0.081390698526558572
R 63 15 -1 inf
R 63 16 -1 inf
R 63 17 -1 inf
R 63 18 -1 inf
R 63 19 -1 inf
R 63 20 -1 inf
R 63 21 -1 inf
R 63 22 -1 inf
R 63 23 -1 inf
R 63 24 -1 inf
R 63 25 -1 inf
R 63 26 -1 inf
R 63 27 27 0.0037375745352004951
R 63 28 -1 inf
R 63 29 -1 inf
R 63 30 -1 inf
R 63 31 -1 inf
R 63 32 -1 inf
R 63 33 -1 inf
R 63 34 -1 inf
R 63 35 -1 inf
R 63 36 27 0.012882756777115343
R 63 37 27 0.038126691905945351
R 63 38 -1 inf
R 63 39 -1 inf
R 63 40 -1 inf
R 63 41 -1 inf
R 63 42 -1 inf
R 63 43 -1 inf
R 63 44 -1 inf
R 63 45 27 0.017351007872177103
R 63 46 27 0.027163257369950709
R 63 47 27 0.050055245376321819
R 63 48 -1 inf
R 63 49 -1 inf
R 63 50 -1 inf
R 63 51 -1 inf
R 63 52 -1 inf
R 63 53 -1 inf
R 63 54 27 0.011367657181770376
R 63 55 27 0.026575774945272447
R 63 56 27 0.04238266058176493
R 63 57 27 0.066500608974951844
R 63 58 -1 inf
R 63 59 -1 inf
R 63 60 -1 inf
R 63 61 -1 inf
R 63 62 -1 inf
R 63 63 63 0
R 63 64 27 0.02137171014717042
R 63 65 27 0.040500468420501007
R 63 66 27 0.057527550702337185
R 63 67 27 0.074078295564236188
R 63 68 -1 inf
R 63 69 -1 inf
R 63 70 -1 inf
R 63 71 -1 inf
R 63 72 -1 inf
R 63 73 27 0.036146410981451188
R 63 74 27 0.0359200994765244
R 63 75 27 0.053991532109254899
R 63 76 27 0.075253887318128418
R 63 77 -1 inf
R 63 78 -1 inf
R 63 79 -1 inf
R 63 80 -1 inf
R 63 81 -1 inf
R 63 82 -1 inf
R 63 83 27 0.044695282079201405
R 63 84 27 0.049756951738228444
R 63 85 27 0.067278653097812086
R 63 86 -1 inf
R 63 87 -1 inf
R 63 88 -1 inf
R 63 89 -1 inf
R 63 90 -1 inf
R 63 91 -1 inf
R 63 92 -1 inf
R 63 93 27 0.057695835559111494
R 63 94 27 0.063007794510058807
R 63 95 -1 inf
R 63 96 -1 inf
R 63 97 -1 inf
R 63 98 -1 inf
R 63 99 -1 inf
R 64 0 -1 inf
R 64 1 -1 inf
R 64 2 -1 inf
R 64 3 -1 inf
R 64 4 46 0.04472617090875098
R 64 5 46 0.047235720326158283
R 64 6 -1 inf
R 64 7 -1 inf
R 64 8 -1 inf
R 64 9 -1 inf
R 64 10 -1 inf
R 64 11 -1 inf
R 64 12 -1 inf
R 64 13 46 0.058662353473730028
R 64 14 46 0.060018988379388155
R 64 15 -1 inf
R 64 16 -1 inf
R 64 17 -1 inf
R 64 18 -1 inf
R 64 19 -1 inf
R 64 20 -1 inf
R 64 21 -1 inf
R 64 22 -1 inf
R 64 23 -1 inf
R 64 24 -1 inf
R 64 25 -1 inf
R 64 26 -1 inf
R 64 27 36 0.017634135611969925
R 64 28 -1 inf
R 64 29 -1 inf
R 64 30 -1 inf
R 64 31 -1 inf
R 64 32 -1 inf
R 64 33 -1 inf
R 64 34 -1 inf
R 64 35 -1 inf
R 64 36 36 0.0084889533700550773
R 64 37 46 0.016754981758774923
R 64 38 -1 inf
R 64 39 -1 inf
R 64 40 -1 inf
R 64 41 -1 inf
R 64 42 -1 inf
R 64 43 -1 inf
R 64 44 -1 inf
R 64 45 36 0.013332299485697833
R 64 46 46 0.0057915472227802883
R 64 47 46 0.028683535229151399
R 64 48 -1 inf
R 64 49 -1 inf
R 64 50 -1 inf
R 64 51 -1 inf
R 64 52 -1 inf
R 64 53 -1 inf
R 64 54 36 0.014536371094479467
R 64 55 55 0.0052040647981020267
R 64 56 46 0.021010950434594514
R 64 57 46 0.045128898827781427
R 64 58 -1 inf
R 64 59 -1 inf
R 64 60 -1 inf
R 64 61 -1 inf
R 64 62 -1 inf
R 64 63 36 0.02137171014717042
R 64 64 64 0
R 64 65 46 0.01912875827333059
R 64 66 46 0.036155840555166768
R 64 67 46 0.052706585417065757
R 64 68 -1 inf
R 64 69 -1 inf
R 64 70 -1 inf
R 64 71 -1 inf
R 64 72 -1 inf
R 64 73 46 0.014774700834280764
R 64 74 46 0.01454838932935398
R 64 75 46 0.032619821962084475
R 64 76 46 0.053882177170958001
R 64 77 -1 inf
R 64 78 -1 inf
R 64 79 -1 inf
R 64 80 -1 inf
R 64 81 -1 inf
R 64 82 -1 inf
R 64 83 46 0.023323571932030985
R 64 84 46 0.028385241591058024
R 64 85 46 0.045906942950641662
R 64 86 -1 inf
R 64 87 -1 inf
R 64 88 -1 inf
R 64 89 -1 inf
R 64 90 -1 inf
R 64 91 -1 inf
R 64 92 -1 inf
R 64 93 46 0.036324125411941077
R 64 94 46 0.04163608436288839
R 64 95 -1 inf
R 64 96 -1 inf
R 64 97 -1 inf
R 64 98 -1 inf
R 64 99 -1 inf
R 65 0 -1 inf
R 65 1 -1 inf
R 65 2 -1 inf
R 65 3 -1 inf
R 65 4 84 0.02559741263542039
R 65 5 84 0.028106962052827693
R 65 6 -1 inf
R 65 7 -1 inf
R 65 8 -1 inf
R 65 9 -1 inf
R 65 10 -1 inf
R 65 11 -1 inf
R 65 12 -1 inf
R 65 13 84 0.039533595200399438
R 65 14 84 0.040890230106057565
R 65 15 -1 inf
R 65 16 -1 inf
R 65 17 -1 inf
R 65 18 -1 inf
R 65 19 -1 inf
R 65 20 -1 inf
R 65 21 -1 inf
R 65 22 -1 inf
R 65 23 -1 inf
R 65 24 -1 inf
R 65 25 -1 inf
R 65 26 -1 inf
R 65 27 74 0.036762893885300518
R 65 28 -1 inf
R 65 29 -1 inf
R 65 30 -1 inf
R 65 31 -1 inf
R 65 32 -1 inf
R 65 33 -1 inf
R 65 34 -1 inf
R 65 35 -1 inf
R 65 36 74 0.027617711643385667
R 65 37 74 0.024300645586544937
R 65 38 -1 inf
R 65 39 -1 inf
R 65 40 -1 inf
R 65 41 -1 inf
R 65 42 -1 inf
R 65 43 -1 inf
R 65 44 -1 inf
R 65 45 74 0.032461057759028425
R 65 46 74 0.013337211050550302
R 65 47 56 0.018254185649376958
R 65 48 -1 inf
R 65 49 -1 inf
R 65 50 -1 inf
R 65 51 -1 inf
R 65 52 -1 inf
R 65 53 -1 inf
R 65 54 74 0.033665129367810055
R 65 55 74 0.018889538362077567
R 65 56 56 0.0063717456672604429
R 65 57 84 0.026000140554450837
R 65 58 -1 inf
R 65 59 -1 inf
R 65 60 -1 inf
R 65 61 -1 inf
R 65 62 -1 inf
R 65 63 74 0.040500468420501014
R 65 64 74 0.01912875827333059
R 65 65 65 0
R 65 66 84 0.017027082281836178
R 65 67 84 0.033577827143735167
R 65 68 -1 inf
R 65 69 -1 inf
R 65 70 -1 inf
R 65 71 -1 inf
R 65 72 -1 inf
R 65 73 74 0.022320364662050778
R 65 74 74 0.0045803689439766091
R 65 75 84 0.013491063688753887
R 65 76 84 0.034753418897627411
R 65 77 -1 inf
R 65 78 -1 inf
R 65 79 -1 inf
R 65 80 -1 inf
R 65 81 -1 inf
R 65 82 -1 inf
R 65 83 56 0.012894222352256544
R 65 84 84 0.009256483317727434
R 65 85 84 0.026778184677311075
R 65 86 -1 inf
R 65 87 -1 inf
R 65 88 -1 inf
R 65 89 -1 inf
R 65 90 -1 inf
R 65 91 -1 inf
R 65 92 -1 inf
R 65 93 84 0.017195367138610487
R 65 94 84 0.0225073260895578
R 65 95 -1 inf
R 65 96 -1 inf
R 65 97 -1 inf
R 65 98 -1 inf
R 65 99 -1 inf
R 66 0 -1 inf
R 66 1 -1 inf
R 66 2 -1 inf
R 66 3 -1 inf
R 66 4 4 0.0085703303535842133
R 66 5 75 0.02184814180148132
R 66 6 -1 inf
R 66 7 -1 inf
R 66 8 -1 inf
R 66 9 -1 inf
R 66 10 -1 inf
R 66 11 -1 inf
R 66 12 -1 inf
R 66 13 4 0.022506512918563266
R 66 14 75 0.034631409854711193
R 66 15 -1 inf
R 66 16 -1 inf
R 66 17 -1 inf
R 66 18 -1 inf
R 66 19 -1 inf
R 66 20 -1 inf
R 66 21 -1 inf
R 66 22 -1 inf
R 66 23 -1 inf
R 66 24 -1 inf
R 66 25 -1 inf
R 66 26 -1 inf
R 66 27 84 0.053789976167136697
R 66 28 -1 inf
R 66 29 -1 inf
R 66 30 -1 inf
R 66 31 -1 inf
R 66 32 -1 inf
R 66 33 -1 inf
R 66 34 -1 inf
R 66 35 -1 inf
R 66 36 84 0.044644793925221846
R 66 37 84 0.041327727868381119
R 66 38 -1 inf
R 66 39 -1 inf
R 66 40 -1 inf
R 66 41 -1 inf
R 66 42 -1 inf
R 66 43 -1 inf
R 66 44 -1 inf
R 66 45 84 0.049488140040864603
R 66 46 84 0.03036429333238648
R 66 47 84 0.035281267931213132
R 66 48 -1 inf
R 66 49 -1 inf
R 66 50 -1 inf
R 66 51 -1 inf
R 66 52 -1 inf
R 66 53 -1 inf
R 66 54 84 0.050692211649646234
R 66 55 84 0.035916620643913745
R 66 56 84 0.023398827949096621
R 66 57 93 0.013597121251470699
R 66 58 -1 inf
R 66 59 -1 inf
R 66 60 -1 inf
R 66 61 -1 inf
R 66 62 -1 inf
R 66 63 84 0.057527550702337192
R 66 64 84 0.036155840555166768
R 66 65 84 0.017027082281836178
R 66 66 66 0
R 66 67 4 0.016550744861898992
R 66 68 -1 inf
R 66 69 -1 inf
R 66 70 -1 inf
R 66 71 -1 inf
R 66 72 -1 inf
R 66 73 84 0.039347446943886956
R 66 74 84 0.021607451225812788
R 66 75 75 0.0072322434374075149
R 66 76 75 0.028494598646281039
R 66 77 -1 inf
R 66 78 -1 inf
R 66 79 -1 inf
R 66 80 -1 inf
R 66 81 -1 inf
R 66 82 -1 inf
R 66 83 84 0.029921304634092722
R 66 84 84 0.0077705989641087443
R 66 85 75 0.020519364425964703
R 66 86 -1 inf
R 66 87 -1 inf
R 66 88 -1 inf
R 66 89 -1 inf
R 66 90 -1 inf
R 66 91 -1 inf
R 66 92 -1 inf
R 66 93 93 0.0047923478356303477
R 66 94 75 0.016248505838211427
R 66 95 -1 inf
R 66 96 -1 inf
R 66 97 -1 inf
R 66 98 -1 inf
R 66 99 -1 inf
R 67 0 -1 inf
R 67 1 -1 inf
R 67 2 -1 inf
R 67 3 -1 inf
R 67 4 4 0.0079804145083147791
R 67 5 4 0.038398886663380309
R 67 6 -1 inf
R 67 7 -1 inf
R 67 8 -1 inf
R 67 9 -1 inf
R 67 10 -1 inf
R 67 11 -1 inf
R 67 12 -1 inf
R 67 13 13 0.0059557680566642741
R 67 14 4 0.051182154716610181
R 67 15 -1 inf
R 67 16 -1 inf
R 67 17 -1 inf
R 67 18 -1 inf
R 67 19 -1 inf
R 67 20 -1 inf
R 67 21 -1 inf
R 67 22 -1 inf
R 67 23 -1 inf
R 67 24 -1 inf
R 67 25 -1 inf
R 67 26 -1 inf
R 67 27 4 0.070340721029035685
R 67 28 -1 inf
R 67 29 -1 inf
R 67 30 -1 inf
R 67 31 -1 inf
R 67 32 -1 inf
R 67 33 -1 inf
R 67 34 -1 inf
R 67 35 -1 inf
R 67 36 4 0.061195538787120835
R 67 37 4 0.057878472730280107
R 67 38 -1 inf
R 67 39 -1 inf
R 67 40 -1 inf
R 67 41 -1 inf
R 67 42 -1 inf
R 67 43 -1 inf
R 67 44 -1 inf
R 67 45 4 0.066038884902763592
R 67 46 4 0.046915038194285469
R 67 47 4 0.051832012793112121
R 67 48 -1 inf
R 67 49 -1 inf
R 67 50 -1 inf
R 67 51 -1 inf
R 67 52 -1 inf
R 67 53 -1 inf
R 67 54 4 0.067242956511545229
R 67 55 4 0.052467365505812734
R 67 56 4 0.039949572810995607
R 67 57 4 0.030147866113369691
R 67 58 -1 inf
R 67 59 -1 inf
R 67 60 -1 inf
R 67 61 -1 inf
R 67 62 -1 inf
R 67 63 4 0.074078295564236174
R 67 64 4 0.052706585417065757
R 67 65 4 0.033577827143735167
R 67 66 4 0.016550744861898992
R 67 67 67 0
R 67 68 -1 inf
R 67 69 -1 inf
R 67 70 -1 inf
R 67 71 -1 inf
R 67 72 -1 inf
R 67 73 4 0.055898191805785945
R 67 74 4 0.038158196087711774
R 67 75 4 0.023782988299306508
R 67 76 4 0.045045343508180027
R 67 77 -1 inf
R 67 78 -1 inf
R 67 79 -1 inf
R 67 80 -1 inf
R 67 81 -1 inf
R 67 82 -1 inf
R 67 83 4 0.046472049495991707
R 67 84 4 0.024321343826007737
R 67 85 4 0.037070109287863688
R 67 86 -1 inf
R 67 87 -1 inf
R 67 88 -1 inf
R 67 89 -1 inf
R 67 90 -1 inf
R 67 91 -1 inf
R 67 92 -1 inf
R 67 93 4 0.021343092697529341
R 67 94 4 0.032799250700110416
R 67 95 -1 inf
R 67 96 -1 inf
R 67 97 -1 inf
R 67 98 -1 inf
R 67 99 -1 inf
R 68 0 22 0.068554388247767314
R 68 1 -1 inf
R 68 2 -1 inf
R 68 3 -1 inf
R 68 4 -1 inf
R 68 5 -1 inf
R 68 6 -1 inf
R 68 7 -1 inf
R 68 8 -1 inf
R 68 9 22 0.066038402715529521
R 68 10 -1 inf
R 68 11 -1 inf
R 68 12 -1 inf
R 68 13 -1 inf
R 68 14 -1 inf
R 68 15 -1 inf
R 68 16 -1 inf
R 68 17 -1 inf
R 68 18 22 0.079937743955172127
R 68 19 22 0.077855118371854895
R 68 20 -1 inf
R 68 21 -1 inf
R 68 22 22 0.0037151106707757802
R 68 23 -1 inf
R 68 24 -1 inf
R 68 25 -1 inf
R 68 26 -1 inf
R 68 27 -1 inf
R 68 28 -1 inf
R 68 29 -1 inf
R 68 30 -1 inf
R 68 31 22 0.012846548477227389
R 68 32 22 0.03806391568750845
R 68 33 -1 inf
R 68 34 -1 inf
R 68 35 -1 inf
R 68 36 -1 inf
R 68 37 -1 inf
R 68 38 -1 inf
R 68 39 -1 inf
R 68 40 22 0.017254945559853616
R 68 41 22 0.027106957840409493
R 68 42 22 0.05006623134024181
R 68 43 -1 inf
R 68 44 -1 inf
R 68 45 -1 inf
R 68 46 -1 inf
R 68 47 -1 inf
R 68 48 -1 inf
R 68 49 -1 inf
R 68 50 22 0.026539779475739333
R 68 51 22 0.042347415115864172
R 68 52 22 0.066466043220783963
R 68 53 -1 inf
R 68 54 -1 inf
R 68 55 -1 inf
R 68 56 -1 inf
R 68 57 -1 inf
R 68 58 -1 inf
R 68 59 22 0.011320172212195095
R 68 60 22 0.040468389762896032
R 68 61 22 0.057472653998050377
R 68 62 22 0.073955385503067378
R 68 63 -1 inf
R 68 64 -1 inf
R 68 65 -1 inf
R 68 66 -1 inf
R 68 67 -1 inf
R 68 68 68 0
R 68 69 22 0.021384187254490428
R 68 70 22 0.053929399112984902
R 68 71 22 0.075250378583976735
R 68 72 -1 inf
R 68 73 -1 inf
R 68 74 -1 inf
R 68 75 -1 inf
R 68 76 -1 inf
R 68 77 -1 inf
R 68 78 22 0.036000899456521393
R 68 79 22 0.035935445469994512
R 68 80 22 0.067211202260452393
R 68 81 -1 inf
R 68 82 -1 inf
R 68 83 -1 inf
R 68 84 -1 inf
R 68 85 -1 inf
R 68 86 -1 inf
R 68 87 -1 inf
R 68 88 22 0.044663659921354085
R 68 89 22 0.049738698417885127
R 68 90 -1 inf
R 68 91 -1 inf
R 68 92 -1 inf
R 68 93 -1 inf
R 68 94 -1 inf
R 68 95 -1 inf
R 68 96 -1 inf
R 68 97 -1 inf
R 68 98 22 0.057629760870796208
R 68 99 22 0.062977424966176143
R 69 0 41 0.047170200993276894
R 69 1 -1 inf
R 69 2 -1 inf
R 69 3 -1 inf
R 69 4 -1 inf
R 69 5 -1 inf
R 69 6 -1 inf
R 69 7 -1 inf
R 69 8 -1 inf
R 69 9 41 0.044654215461039086
R 69 10 -1 inf
R 69 11 -1 inf
R 69 12 -1 inf
R 69 13 -1 inf
R 69 14 -1 inf
R 69 15 -1 inf
R 69 16 -1 inf
R 69 17 -1 inf
R 69 18 41 0.058553556700681707
R 69 19 41 0.056470931117364474
R 69 20 -1 inf
R 69 21 -1 inf
R 69 22 31 0.017669076583714648
R 69 23 -1 inf
R 69 24 -1 inf
R 69 25 -1 inf
R 69 26 -1 inf
R 69 27 -1 inf
R 69 28 -1 inf
R 69 29 -1 inf
R 69 30 -1 inf
R 69 31 31 0.0085376387772630388
R 69 32 41 0.016679728433018022
R 69 33 -1 inf
R 69 34 -1 inf
R 69 35 -1 inf
R 69 36 -1 inf
R 69 37 -1 inf
R 69 38 -1 inf
R 69 39 -1 inf
R 69 40 31 0.013353434156463869
R 69 41 41 0.005722770585919067
R 69 42 41 0.028682044085751382
R 69 43 -1 inf
R 69 44 -1 inf
R 69 45 -1 inf
R 69 46 -1 inf
R 69 47 -1 inf
R 69 48 -1 inf
R 69 49 -1 inf
R 69 50 50 0.0051555922212489043
R 69 51 41 0.020963227861373748
R 69 52 41 0.045081855966293535
R 69 53 -1 inf
R 69 54 -1 inf
R 69 55 -1 inf
R 69 56 -1 inf
R 69 57 -1 inf
R 69 58 -1 inf
R 69 59 31 0.014504228390268532
R 69 60 41 0.019084202508405604
R 69 61 41 0.036088466743559949
R 69 62 41 0.05257119824857695
R 69 63 -1 inf
R 69 64 -1 inf
R 69 65 -1 inf
R 69 66 -1 inf
R 69 67 -1 inf
R 69 68 31 0.021384187254490428
R 69 69 69 0
R 69 70 41 0.032545211858494474
R 69 71 41 0.053866191329486307
R 69 72 -1 inf
R 69 73 -1 inf
R 69 74 -1 inf
R 69 75 -1 inf
R 69 76 -1 inf
R 69 77 -1 inf
R 69 78 41 0.014616712202030964
R 69 79 41 0.014551258215504086
R 69 80 41 0.045827015005961959
R 69 81 -1 inf
R 69 82 -1 inf
R 69 83 -1 inf
R 69 84 -1 inf
R 69 85 -1 inf
R 69 86 -1 inf
R 69 87 -1 inf
R 69 88 41 0.023279472666863657
R 69 89 41 0.028354511163394703
R 69 90 -1 inf
R 69 91 -1 inf
R 69 92 -1 inf
R 69 93 -1 inf
R 69 94 -1 inf
R 69 95 -1 inf
R 69 96 -1 inf
R 69 97 -1 inf
R 69 98 41 0.036245573616305787
R 69 99 41 0.041593237711685715
R 70 0 99 0.014624989134782412
R 70 1 -1 inf
R 70 2 -1 inf
R 70 3 -1 inf
R 70 4 -1 inf
R 70 5 -1 inf
R 70 6 -1 inf
R 70 7 -1 inf
R 70 8 -1 inf
R 70 9 61 0.015780915127540408
R 70 10 -1 inf
R 70 11 -1 inf
R 70 12 -1 inf
R 70 13 -1 inf
R 70 14 -1 inf
R 70 15 -1 inf
R 70 16 -1 inf
R 70 17 -1 inf
R 70 18 61 0.029680256367183029
R 70 19 99 0.023925719258869993
R 70 20 -1 inf
R 70 21 -1 inf
R 70 22 89 0.050214288442209126
R 70 23 -1 inf
R 70 24 -1 inf
R 70 25 -1 inf
R 70 26 -1 inf
R 70 27 -1 inf
R 70 28 -1 inf
R 70 29 -1 inf
R 70 30 -1 inf
R 70 31 89 0.041082850635757513
R 70 32 89 0.037779399119674366
R 70 33 -1 inf
R 70 34 -1 inf
R 70 35 -1 inf
R 70 36 -1 inf
R 70 37 -1 inf
R 70 38 -1 inf
R 70 39 -1 inf
R 70 40 89 0.045898646014958341
R 70 41 89 0.026822441272575409
R 70 42 89 0.03164373673205545
R 70 43 -1 inf
R 70 44 -1 inf
R 70 45 -1 inf
R 70 46 -1 inf
R 70 47 -1 inf
R 70 48 -1 inf
R 70 49 -1 inf
R 70 50 89 0.032352429458324602
R 70 51 89 0.019813651919086062
R 70 52 98 0.017833528379986571
R 70 53 -1 inf
R 70 54 -1 inf
R 70 55 -1 inf
R 70 56 -1 inf
R 70 57 -1 inf
R 70 58 -1 inf
R 70 59 89 0.047049440248763008
R 70 60 89 0.013461009350088872
R 70 61 61 0.0072151664100612726
R 70 62 61 0.023697897915078273
R 70 63 -1 inf
R 70 64 -1 inf
R 70 65 -1 inf
R 70 66 -1 inf
R 70 67 -1 inf
R 70 68 89 0.053929399112984909
R 70 69 89 0.032545211858494474
R 70 70 70 0
R 70 71 99 0.021320979470991826
R 70 72 -1 inf
R 70 73 -1 inf
R 70 74 -1 inf
R 70 75 -1 inf
R 70 76 -1 inf
R 70 77 -1 inf
R 70 78 89 0.035716382888687309
R 70 79 89 0.01799395364299039
R 70 80 99 0.013281803147467484
R 70 81 -1 inf
R 70 82 -1 inf
R 70 83 -1 inf
R 70 84 -1 inf
R 70 85 -1 inf
R 70 86 -1 inf
R 70 87 -1 inf
R 70 88 89 0.026241165313167725
R 70 89 89 0.0041907006950997732
R 70 90 -1 inf
R 70 91 -1 inf
R 70 92 -1 inf
R 70 93 -1 inf
R 70 94 -1 inf
R 70 95 -1 inf
R 70 96 -1 inf
R 70 97 -1 inf
R 70 98 98 0.0089972460299988198
R 70 99 99 0.0090480258531912376
R 71 0 0 0.0066959903362094151
R 71 1 -1 inf
R 71 2 -1 inf
R 71 3 -1 inf
R 71 4 -1 inf
R 71 5 -1 inf
R 71 6 -1 inf
R 71 7 -1 inf
R 71 8 -1 inf
R 71 9 0 0.037101894598532234
R 71 10 -1 inf
R 71 11 -1 inf
R 71 12 -1 inf
R 71 13 -1 inf
R 71 14 -1 inf
R 71 15 -1 inf
R 71 16 -1 inf
R 71 17 -1 inf
R 71 18 0 0.051001235838174855
R 71 19 19 0.0061789151355652527
R 71 20 -1 inf
R 71 21 -1 inf
R 71 22 0 0.071535267913200959
R 71 23 -1 inf
R 71 24 -1 inf
R 71 25 -1 inf
R 71 26 -1 inf
R 71 27 -1 inf
R 71 28 -1 inf
R 71 29 -1 inf
R 71 30 -1 inf
R 71 31 0 0.062403830106749346
R 71 32 0 0.059100378590666199
R 71 33 -1 inf
R 71 34 -1 inf
R 71 35 -1 inf
R 71 36 -1 inf
R 71 37 -1 inf
R 71 38 -1 inf
R 71 39 -1 inf
R 71 40 0 0.067219625485950174
R 71 41 0 0.048143420743567242
R 71 42 0 0.052964716203047282
R 71 43 -1 inf
R 71 44 -1 inf
R 71 45 -1 inf
R 71 46 -1 inf
R 71 47 -1 inf
R 71 48 -1 inf
R 71 49 -1 inf
R 71 50 0 0.053673408929316435
R 71 51 0 0.041134631390077891
R 71 52 0 0.039154507850978404
R 71 53 -1 inf
R 71 54 -1 inf
R 71 55 -1 inf
R 71 56 -1 inf
R 71 57 -1 inf
R 71 58 -1 inf
R 71 59 0 0.068370419719754841
R 71 60 0 0.034781988821080703
R 71 61 0 0.028536145881053101
R 71 62 0 0.045018877386070098
R 71 63 -1 inf
R 71 64 -1 inf
R 71 65 -1 inf
R 71 66 -1 inf
R 71 67 -1 inf
R 71 68 0 0.075250378583976735
R 71 69 0 0.053866191329486307
R 71 70 0 0.021320979470991829
R 71 71 71 0
R 71 72 -1 inf
R 71 73 -1 inf
R 71 74 -1 inf
R 71 75 -1 inf
R 71 76 -1 inf
R 71 77 -1 inf
R 71 78 0 0.057037362359679142
R 71 79 0 0.039314933113982223
R 71 80 80 0.0080751652068381877
R 71 81 -1 inf
R 71 82 -1 inf
R 71 83 -1 inf
R 71 84 -1 inf
R 71 85 -1 inf
R 71 86 -1 inf
R 71 87 -1 inf
R 71 88 0 0.047562144784159557
R 71 89 0 0.025511680166091601
R 71 90 -1 inf
R 71 91 -1 inf
R 71 92 -1 inf
R 71 93 -1 inf
R 71 94 -1 inf
R 71 95 -1 inf
R 71 96 -1 inf
R 71 97 -1 inf
R 71 98 0 0.030318225500990649
R 71 99 0 0.012272953617800592
R 72 0 -1 inf
R 72 1 -1 inf
R 72 2 -1 inf
R 72 3 -1 inf
R 72 4 -1 inf
R 72 5 -1 inf
R 72 6 -1 inf
R 72 7 -1 inf
R 72 8 -1 inf
R 72 9 -1 inf
R 72 10 -1 inf
R 72 11 -1 inf
R 72 12 -1 inf
R 72 13 -1 inf
R 72 14 -1 inf
R 72 15 -1 inf
R 72 16 -1 inf
R 72 17 -1 inf
R 72 18 -1 inf
R 72 19 -1 inf
R 72 20 -1 inf
R 72 21 -1 inf
R 72 22 -1 inf
R 72 23 -1 inf
R 72 24 -1 inf
R 72 25 -1 inf
R 72 26 -1 inf
R 72 27 -1 inf
R 72 28 28 0.0030667351574282828
R 72 29 -1 inf
R 72 30 -1 inf
R 72 31 -1 inf
R 72 32 -1 inf
R 72 33 -1 inf
R 72 34 -1 inf
R 72 35 -1 inf
R 72 36 -1 inf
R 72 37 -1 inf
R 72 38 -1 inf
R 72 39 -1 inf
R 72 40 -1 inf
R 72 41 -1 inf
R 72 42 -1 inf
R 72 43 -1 inf
R 72 44 -1 inf
R 72 45 -1 inf
R 72 46 -1 inf
R 72 47 -1 inf
R 72 48 -1 inf
R 72 49 -1 inf
R 72 50 -1 inf
R 72 51 -1 inf
R 72 52 -1 inf
R 72 53 -1 inf
R 72 54 -1 inf
R 72 55 -1 inf
R 72 56 -1 inf
R 72 57 -1 inf
R 72 58 -1 inf
R 72 59 -1 inf
R 72 60 -1 inf
R 72 61 -1 inf
R 72 62 -1 inf
R 72 63 -1 inf
R 72 64 -1 inf
R 72 65 -1 inf
R 72 66 -1 inf
R 72 67 -1 inf
R 72 68 -1 inf
R 72 69 -1 inf
R 72 70 -1 inf
R 72 71 -1 inf
R 72 72 72 0
R 72 73 -1 inf
R 72 74 -1 inf
R 72 75 -1 inf
R 72 76 -1 inf
R 72 77 -1 inf
R 72 78 -1 inf
R 72 79 -1 inf
R 72 80 -1 inf
R 72 81 -1 inf
R 72 82 -1 inf
R 72 83 -1 inf
R 72 84 -1 inf
R 72 85 -1 inf
R 72 86 -1 inf
R 72 87 -1 inf
R 72 88 -1 inf
R 72 89 -1 inf
R 72 90 -1 inf
R 72 91 -1 inf
R 72 92 -1 inf
R 72 93 -1 inf
R 72 94 -1 inf
R 72 95 -1 inf
R 72 96 -1 inf
R 72 97 -1 inf
R 72 98 -1 inf
R 72 99 -1 inf
R 73 0 -1 inf
R 73 1 -1 inf
R 73 2 -1 inf
R 73 3 -1 inf
R 73 4 46 0.04791777729747116
R 73 5 46 0.050427326714878463
R 73 6 -1 inf
R 73 7 -1 inf
R 73 8 -1 inf
R 73 9 -1 inf
R 73 10 -1 inf
R 73 11 -1 inf
R 73 12 -1 inf
R 73 13 46 0.061853959862450208
R 73 14 46 0.063210594768108336
R 73 15 -1 inf
R 73 16 -1 inf
R 73 17 -1 inf
R 73 18 -1 inf
R 73 19 -1 inf
R 73 20 -1 inf
R 73 21 -1 inf
R 73 22 -1 inf
R 73 23 -1 inf
R 73 24 -1 inf
R 73 25 -1 inf
R 73 26 -1 inf
R 73 27 46 0.032408836446250686
R 73 28 -1 inf
R 73 29 -1 inf
R 73 30 -1 inf
R 73 31 -1 inf
R 73 32 -1 inf
R 73 33 -1 inf
R 73 34 -1 inf
R 73 35 -1 inf
R 73 36 46 0.023263654204335842
R 73 37 37 0.0019802809244941601
R 73 38 -1 inf
R 73 39 -1 inf
R 73 40 -1 inf
R 73 41 -1 inf
R 73 42 -1 inf
R 73 43 -1 inf
R 73 44 -1 inf
R 73 45 46 0.028107000319978599
R 73 46 46 0.0089831536115004759
R 73 47 46 0.031875141617871583
R 73 48 -1 inf
R 73 49 -1 inf
R 73 50 -1 inf
R 73 51 -1 inf
R 73 52 -1 inf
R 73 53 -1 inf
R 73 54 46 0.029311071928760229
R 73 55 46 0.014535480923027741
R 73 56 46 0.024202556823314701
R 73 57 46 0.048320505216501608
R 73 58 -1 inf
R 73 59 -1 inf
R 73 60 -1 inf
R 73 61 -1 inf
R 73 62 -1 inf
R 73 63 46 0.036146410981451181
R 73 64 46 0.014774700834280764
R 73 65 46 0.022320364662050778
R 73 66 46 0.039347446943886949
R 73 67 46 0.055898191805785938
R 73 68 -1 inf
R 73 69 -1 inf
R 73 70 -1 inf
R 73 71 -1 inf
R 73 72 -1 inf
R 73 73 73 0
R 73 74 46 0.017739995718074168
R 73 75 46 0.035811428350804662
R 73 76 46 0.057073783559678182
R 73 77 -1 inf
R 73 78 -1 inf
R 73 79 -1 inf
R 73 80 -1 inf
R 73 81 -1 inf
R 73 82 -1 inf
R 73 83 46 0.026515178320751173
R 73 84 46 0.031576847979778208
R 73 85 46 0.049098549339361842
R 73 86 -1 inf
R 73 87 -1 inf
R 73 88 -1 inf
R 73 89 -1 inf
R 73 90 -1 inf
R 73 91 -1 inf
R 73 92 -1 inf
R 73 93 46 0.039515731800661258
R 73 94 46 0.04482769075160857
R 73 95 -1 inf
R 73 96 -1 inf
R 73 97 -1 inf
R 73 98 -1 inf
R 73 99 -1 inf
R 74 0 -1 inf
R 74 1 -1 inf
R 74 2 -1 inf
R 74 3 -1 inf
R 74 4 65 0.030177781579397003
R 74 5 65 0.032687330996804306
R 74 6 -1 inf
R 74 7 -1 inf
R 74 8 -1 inf
R 74 9 -1 inf
R 74 10 -1 inf
R 74 11 -1 inf
R 74 12 -1 inf
R 74 13 65 0.044113964144376058
R 74 14 65 0.045470599050034172
R 74 15 -1 inf
R 74 16 -1 inf
R 74 17 -1 inf
R 74 18 -1 inf
R 74 19 -1 inf
R 74 20 -1 inf
R 74 21 -1 inf
R 74 22 -1 inf
R 74 23 -1 inf
R 74 24 -1 inf
R 74 25 -1 inf
R 74 26 -1 inf
R 74 27 46 0.032182524941323905
R 74 28 -1 inf
R 74 29 -1 inf
R 74 30 -1 inf
R 74 31 -1 inf
R 74 32 -1 inf
R 74 33 -1 inf
R 74 34 -1 inf
R 74 35 -1 inf
R 74 36 46 0.023037342699409057
R 74 37 46 0.019720276642568327
R 74 38 -1 inf
R 74 39 -1 inf
R 74 40 -1 inf
R 74 41 -1 inf
R 74 42 -1 inf
R 74 43 -1 inf
R 74 44 -1 inf
R 74 45 46 0.027880688815051811
R 74 46 46 0.0087568421065736916
R 74 47 83 0.014135145899797419
R 74 48 -1 inf
R 74 49 -1 inf
R 74 50 -1 inf
R 74 51 -1 inf
R 74 52 -1 inf
R 74 53 -1 inf
R 74 54 46 0.029084760423833449
R 74 55 46 0.014309169418100957
R 74 56 56 0.0064625611052405319
R 74 57 65 0.030580509498427447
R 74 58 -1 inf
R 74 59 -1 inf
R 74 60 -1 inf
R 74 61 -1 inf
R 74 62 -1 inf
R 74 63 46 0.0359200994765244
R 74 64 46 0.01454838932935398
R 74 65 65 0.0045803689439766091
R 74 66 65 0.021607451225812788
R 74 67 65 0.038158196087711781
R 74 68 -1 inf
R 74 69 -1 inf
R 74 70 -1 inf
R 74 71 -1 inf
R 74 72 -1 inf
R 74 73 46 0.017739995718074168
R 74 74 74 0
R 74 75 65 0.018071432632730498
R 74 76 65 0.039333787841604025
R 74 77 -1 inf
R 74 78 -1 inf
R 74 79 -1 inf
R 74 80 -1 inf
R 74 81 -1 inf
R 74 82 -1 inf
R 74 83 83 0.008775182602677005
R 74 84 65 0.013836852261704044
R 74 85 65 0.031358553621287685
R 74 86 -1 inf
R 74 87 -1 inf
R 74 88 -1 inf
R 74 89 -1 inf
R 74 90 -1 inf
R 74 91 -1 inf
R 74 92 -1 inf
R 74 93 65 0.021775736082587097
R 74 94 65 0.02708769503353441
R 74 95 -1 inf
R 74 96 -1 inf
R 74 97 -1 inf
R 74 98 -1 inf
R 74 99 -1 inf
R 75 0 -1 inf
R 75 1 -1 inf
R 75 2 -1 inf
R 75 3 -1 inf
R 75 4 66 0.015802573790991727
R 75 5 94 0.014615898364073805
R 75 6 -1 inf
R 75 7 -1 inf
R 75 8 -1 inf
R 75 9 -1 inf
R 75 10 -1 inf
R 75 11 -1 inf
R 75 12 -1 inf
R 75 13 66 0.029738756355970782
R 75 14 94 0.027399166417303673
R 75 15 -1 inf
R 75 16 -1 inf
R 75 17 -1 inf
R 75 18 -1 inf
R 75 19 -1 inf
R 75 20 -1 inf
R 75 21 -1 inf
R 75 22 -1 inf
R 75 23 -1 inf
R 75 24 -1 inf
R 75 25 -1 inf
R 75 26 -1 inf
R 75 27 84 0.050253957574054403
R 75 28 -1 inf
R 75 29 -1 inf
R 75 30 -1 inf
R 75 31 -1 inf
R 75 32 -1 inf
R 75 33 -1 inf
R 75 34 -1 inf
R 75 35 -1 inf
R 75 36 84 0.041108775332139552
R 75 37 84 0.037791709275298825
R 75 38 -1 inf
R 75 39 -1 inf
R 75 40 -1 inf
R 75 41 -1 inf
R 75 42 -1 inf
R 75 43 -1 inf
R 75 44 -1 inf
R 75 45 84 0.04595212144778231
R 75 46 84 0.026828274739304186
R 75 47 84 0.031745249338130846
R 75 48 -1 inf
R 75 49 -1 inf
R 75 50 -1 inf
R 75 51 -1 inf
R 75 52 -1 inf
R 75 53 -1 inf
R 75 54 84 0.04715619305656394
R 75 55 84 0.032380602050831452
R 75 56 84 0.019862809356014331
R 75 57 93 0.017884439116979029
R 75 58 -1 inf
R 75 59 -1 inf
R 75 60 -1 inf
R 75 61 -1 inf
R 75 62 -1 inf
R 75 63 84 0.053991532109254899
R 75 64 84 0.032619821962084475
R 75 65 84 0.013491063688753887
R 75 66 66 0.0072322434374075149
R 75 67 66 0.023782988299306508
R 75 68 -1 inf
R 75 69 -1 inf
R 75 70 -1 inf
R 75 71 -1 inf
R 75 72 -1 inf
R 75 73 84 0.035811428350804662
R 75 74 84 0.018071432632730495
R 75 75 75 0
R 75 76 94 0.021262355208873523
R 75 77 -1 inf
R 75 78 -1 inf
R 75 79 -1 inf
R 75 80 -1 inf
R 75 81 -1 inf
R 75 82 -1 inf
R 75 83 84 0.026385286041010432
R 75 84 84 0.0042345803710264526
R 75 85 94 0.013287120988557187
R 75 86 -1 inf
R 75 87 -1 inf
R 75 88 -1 inf
R 75 89 -1 inf
R 75 90 -1 inf
R 75 91 -1 inf
R 75 92 -1 inf
R 75 93 93 0.009079665701138679
R 75 94 94 0.0090162624008039115
R 75 95 -1 inf
R 75 96 -1 inf
R 75 97 -1 inf
R 75 98 -1 inf
R 75 99 -1 inf
R 76 0 -1 inf
R 76 1 -1 inf
R 76 2 -1 inf
R 76 3 -1 inf
R 76 4 5 0.03706492899986525
R 76 5 5 0.0066464568447997174
R 76 6 -1 inf
R 76 7 -1 inf
R 76 8 -1 inf
R 76 9 -1 inf
R 76 10 -1 inf
R 76 11 -1 inf
R 76 12 -1 inf
R 76 13 5 0.051001111564844298
R 76 14 14 0.0061368112084301506
R 76 15 -1 inf
R 76 16 -1 inf
R 76 17 -1 inf
R 76 18 -1 inf
R 76 19 -1 inf
R 76 20 -1 inf
R 76 21 -1 inf
R 76 22 -1 inf
R 76 23 -1 inf
R 76 24 -1 inf
R 76 25 -1 inf
R 76 26 -1 inf
R 76 27 5 0.071516312782927929
R 76 28 -1 inf
R 76 29 -1 inf
R 76 30 -1 inf
R 76 31 -1 inf
R 76 32 -1 inf
R 76 33 -1 inf
R 76 34 -1 inf
R 76 35 -1 inf
R 76 36 5 0.062371130541013078
R 76 37 5 0.059054064484172351
R 76 38 -1 inf
R 76 39 -1 inf
R 76 40 -1 inf
R 76 41 -1 inf
R 76 42 -1 inf
R 76 43 -1 inf
R 76 44 -1 inf
R 76 45 5 0.067214476656655836
R 76 46 5 0.048090629948177713
R 76 47 5 0.053007604547004365
R 76 48 -1 inf
R 76 49 -1 inf
R 76 50 -1 inf
R 76 51 -1 inf
R 76 52 -1 inf
R 76 53 -1 inf
R 76 54 5 0.068418548265437473
R 76 55 5 0.053642957259704978
R 76 56 5 0.041125164564887851
R 76 57 5 0.039146794325852552
R 76 58 -1 inf
R 76 59 -1 inf
R 76 60 -1 inf
R 76 61 -1 inf
R 76 62 -1 inf
R 76 63 5 0.075253887318128418
R 76 64 5 0.053882177170958001
R 76 65 5 0.034753418897627411
R 76 66 5 0.028494598646281039
R 76 67 5 0.045045343508180027
R 76 68 -1 inf
R 76 69 -1 inf
R 76 70 -1 inf
R 76 71 -1 inf
R 76 72 -1 inf
R 76 73 5 0.057073783559678189
R 76 74 5 0.039333787841604018
R 76 75 5 0.021262355208873523
R 76 76 76 0
R 76 77 -1 inf
R 76 78 -1 inf
R 76 79 -1 inf
R 76 80 -1 inf
R 76 81 -1 inf
R 76 82 -1 inf
R 76 83 5 0.047647641249883951
R 76 84 5 0.025496935579899974
R 76 85 85 0.0080907549474881716
R 76 86 -1 inf
R 76 87 -1 inf
R 76 88 -1 inf
R 76 89 -1 inf
R 76 90 -1 inf
R 76 91 -1 inf
R 76 92 -1 inf
R 76 93 5 0.030342020910012202
R 76 94 5 0.012246092808069611
R 76 95 -1 inf
R 76 96 -1 inf
R 76 97 -1 inf
R 76 98 -1 inf
R 76 99 -1 inf
R 77 0 -1 inf
R 77 1 -1 inf
R 77 2 -1 inf
R 77 3 -1 inf
R 77 4 -1 inf
R 77 5 -1 inf
R 77 6 -1 inf
R 77 7 -1 inf
R 77 8 -1 inf
R 77 9 -1 inf
R 77 10 -1 inf
R 77 11 -1 inf
R 77 12 -1 inf
R 77 13 -1 inf
R 77 14 -1 inf
R 77 15 -1 inf
R 77 16 -1 inf
R 77 17 -1 inf
R 77 18 -1 inf
R 77 19 -1 inf
R 77 20 -1 inf
R 77 21 -1 inf
R 77 22 -1 inf
R 77 23 23 0.0029839494789695689
R 77 24 -1 inf
R 77 25 -1 inf
R 77 26 -1 inf
R 77 27 -1 inf
R 77 28 -1 inf
R 77 29 -1 inf
R 77 30 -1 inf
R 77 31 -1 inf
R 77 32 -1 inf
R 77 33 -1 inf
R 77 34 -1 inf
R 77 35 -1 inf
R 77 36 -1 inf
R 77 37 -1 inf
R 77 38 -1 inf
R 77 39 -1 inf
R 77 40 -1 inf
R 77 41 -1 inf
R 77 42 -1 inf
R 77 43 -1 inf
R 77 44 -1 inf
R 77 45 -1 inf
R 77 46 -1 inf
R 77 47 -1 inf
R 77 48 -1 inf
R 77 49 -1 inf
R 77 50 -1 inf
R 77 51 -1 inf
R 77 52 -1 inf
R 77 53 -1 inf
R 77 54 -1 inf
R 77 55 -1 inf
R 77 56 -1 inf
R 77 57 -1 inf
R 77 58 -1 inf
R 77 59 -1 inf
R 77 60 -1 inf
R 77 61 -1 inf
R 77 62 -1 inf
R 77 63 -1 inf
R 77 64 -1 inf
R 77 65 -1 inf
R 77 66 -1 inf
R 77 67 -1 inf
R 77 68 -1 inf
R 77 69 -1 inf
R 77 70 -1 inf
R 77 71 -1 inf
R 77 72 -1 inf
R 77 73 -1 inf
R 77 74 -1 inf
R 77 75 -1 inf
R 77 76 -1 inf
R 77 77 77 0
R 77 78 -1 inf
R 77 79 -1 inf
R 77 80 -1 inf
R 77 81 -1 inf
R 77 82 -1 inf
R 77 83 -1 inf
R 77 84 -1 inf
R 77 85 -1 inf
R 77 86 -1 inf
R 77 87 -1 inf
R 77 88 -1 inf
R 77 89 -1 inf
R 77 90 -1 inf
R 77 91 -1 inf
R 77 92 -1 inf
R 77 93 -1 inf
R 77 94 -1 inf
R 77 95 -1 inf
R 77 96 -1 inf
R 77 97 -1 inf
R 77 98 -1 inf
R 77 99 -1 inf
R 78 0 41 0.050341372023469728
R 78 1 -1 inf
R 78 2 -1 inf
R 78 3 -1 inf
R 78 4 -1 inf
R 78 5 -1 inf
R 78 6 -1 inf
R 78 7 -1 inf
R 78 8 -1 inf
R 78 9 41 0.047825386491231921
R 78 10 -1 inf
R 78 11 -1 inf
R 78 12 -1 inf
R 78 13 -1 inf
R 78 14 -1 inf
R 78 15 -1 inf
R 78 16 -1 inf
R 78 17 -1 inf
R 78 18 41 0.061724727730874542
R 78 19 41 0.059642102147557309
R 78 20 -1 inf
R 78 21 -1 inf
R 78 22 41 0.032285788785745617
R 78 23 -1 inf
R 78 24 -1 inf
R 78 25 -1 inf
R 78 26 -1 inf
R 78 27 -1 inf
R 78 28 -1 inf
R 78 29 -1 inf
R 78 30 -1 inf
R 78 31 41 0.023154350979294004
R 78 32 32 0.0020630162309870572
R 78 33 -1 inf
R 78 34 -1 inf
R 78 35 -1 inf
R 78 36 -1 inf
R 78 37 -1 inf
R 78 38 -1 inf
R 78 39 -1 inf
R 78 40 41 0.027970146358494832
R 78 41 41 0.0088939416161118966
R 78 42 41 0.031853215115944217
R 78 43 -1 inf
R 78 44 -1 inf
R 78 45 -1 inf
R 78 46 -1 inf
R 78 47 -1 inf
R 78 48 -1 inf
R 78 49 -1 inf
R 78 50 41 0.01442392980186109
R 78 51 41 0.024134398891566575
R 78 52 41 0.04825302699648637
R 78 53 -1 inf
R 78 54 -1 inf
R 78 55 -1 inf
R 78 56 -1 inf
R 78 57 -1 inf
R 78 58 -1 inf
R 78 59 41 0.029120940592299499
R 78 60 41 0.022255373538598432
R 78 61 41 0.039259637773752784
R 78 62 41 0.055742369278769785
R 78 63 -1 inf
R 78 64 -1 inf
R 78 65 -1 inf
R 78 66 -1 inf
R 78 67 -1 inf
R 78 68 41 0.0360008994565214
R 78 69 41 0.014616712202030964
R 78 70 41 0.035716382888687309
R 78 71 41 0.057037362359679142
R 78 72 -1 inf
R 78 73 -1 inf
R 78 74 -1 inf
R 78 75 -1 inf
R 78 76 -1 inf
R 78 77 -1 inf
R 78 78 78 0
R 78 79 41 0.017722429245696916
R 78 80 41 0.048998186036154794
R 78 81 -1 inf
R 78 82 -1 inf
R 78 83 -1 inf
R 78 84 -1 inf
R 78 85 -1 inf
R 78 86 -1 inf
R 78 87 -1 inf
R 78 88 41 0.026450643697056488
R 78 89 41 0.031525682193587534
R 78 90 -1 inf
R 78 91 -1 inf
R 78 92 -1 inf
R 78 93 -1 inf
R 78 94 -1 inf
R 78 95 -1 inf
R 78 96 -1 inf
R 78 97 -1 inf
R 78 98 41 0.039416744646498615
R 78 99 41 0.04476440874187855
R 79 0 60 0.032618942777772802
R 79 1 -1 inf
R 79 2 -1 inf
R 79 3 -1 inf
R 79 4 -1 inf
R 79 5 -1 inf
R 79 6 -1 inf
R 79 7 -1 inf
R 79 8 -1 inf
R 79 9 60 0.030102957245535002
R 79 10 -1 inf
R 79 11 -1 inf
R 79 12 -1 inf
R 79 13 -1 inf
R 79 14 -1 inf
R 79 15 -1 inf
R 79 16 -1 inf
R 79 17 -1 inf
R 79 18 60 0.044002298485177622
R 79 19 60 0.041919672901860383
R 79 20 -1 inf
R 79 21 -1 inf
R 79 22 41 0.032220334799218736
R 79 23 -1 inf
R 79 24 -1 inf
R 79 25 -1 inf
R 79 26 -1 inf
R 79 27 -1 inf
R 79 28 -1 inf
R 79 29 -1 inf
R 79 30 -1 inf
R 79 31 41 0.023088896992767123
R 79 32 41 0.019785445476683972
R 79 33 -1 inf
R 79 34 -1 inf
R 79 35 -1 inf
R 79 36 -1 inf
R 79 37 -1 inf
R 79 38 -1 inf
R 79 39 -1 inf
R 79 40 41 0.027904692371967951
R 79 41 41 0.008828487629585019
R 79 42 88 0.014130785870247299
R 79 43 -1 inf
R 79 44 -1 inf
R 79 45 -1 inf
R 79 46 -1 inf
R 79 47 -1 inf
R 79 48 -1 inf
R 79 49 -1 inf
R 79 50 41 0.014358475815334212
R 79 51 51 0.0064119696458696607
R 79 52 60 0.030530597750789448
R 79 53 -1 inf
R 79 54 -1 inf
R 79 55 -1 inf
R 79 56 -1 inf
R 79 57 -1 inf
R 79 58 -1 inf
R 79 59 41 0.029055486605772618
R 79 60 60 0.0045329442929015161
R 79 61 60 0.021537208528055865
R 79 62 60 0.038019940033072866
R 79 63 -1 inf
R 79 64 -1 inf
R 79 65 -1 inf
R 79 66 -1 inf
R 79 67 -1 inf
R 79 68 41 0.035935445469994519
R 79 69 41 0.014551258215504086
R 79 70 60 0.01799395364299039
R 79 71 60 0.039314933113982216
R 79 72 -1 inf
R 79 73 -1 inf
R 79 74 -1 inf
R 79 75 -1 inf
R 79 76 -1 inf
R 79 77 -1 inf
R 79 78 41 0.017722429245696916
R 79 79 79 0
R 79 80 60 0.031275756790457875
R 79 81 -1 inf
R 79 82 -1 inf
R 79 83 -1 inf
R 79 84 -1 inf
R 79 85 -1 inf
R 79 86 -1 inf
R 79 87 -1 inf
R 79 88 88 0.0087282144513595727
R 79 89 60 0.013803252947890615
R 79 90 -1 inf
R 79 91 -1 inf
R 79 92 -1 inf
R 79 93 -1 inf
R 79 94 -1 inf
R 79 95 -1 inf
R 79 96 -1 inf
R 79 97 -1 inf
R 79 98 60 0.021694315400801696
R 79 99 60 0.027041979496181628
R 80 0 0 0.0027051920599060449
R 80 1 -1 inf
R 80 2 -1 inf
R 80 3 -1 inf
R 80 4 -1 inf
R 80 5 -1 inf
R 80 6 -1 inf
R 80 7 -1 inf
R 80 8 -1 inf
R 80 9 99 0.029062718275007893
R 80 10 -1 inf
R 80 11 -1 inf
R 80 12 -1 inf
R 80 13 -1 inf
R 80 14 -1 inf
R 80 15 -1 inf
R 80 16 -1 inf
R 80 17 -1 inf
R 80 18 99 0.042962059514650514
R 80 19 0 0.012005922183993625
R 80 20 -1 inf
R 80 21 -1 inf
R 80 22 99 0.063496091589676604
R 80 23 -1 inf
R 80 24 -1 inf
R 80 25 -1 inf
R 80 26 -1 inf
R 80 27 -1 inf
R 80 28 -1 inf
R 80 29 -1 inf
R 80 30 -1 inf
R 80 31 99 0.054364653783224998
R 80 32 99 0.051061202267141843
R 80 33 -1 inf
R 80 34 -1 inf
R 80 35 -1 inf
R 80 36 -1 inf
R 80 37 -1 inf
R 80 38 -1 inf
R 80 39 -1 inf
R 80 40 99 0.059180449162425826
R 80 41 99 0.040104244420042894
R 80 42 99 0.044925539879522941
R 80 43 -1 inf
R 80 44 -1 inf
R 80 45 -1 inf
R 80 46 -1 inf
R 80 47 -1 inf
R 80 48 -1 inf
R 80 49 -1 inf
R 80 50 99 0.045634232605792087
R 80 51 99 0.03309545506655355
R 80 52 99 0.031115331527454056
R 80 53 -1 inf
R 80 54 -1 inf
R 80 55 -1 inf
R 80 56 -1 inf
R 80 57 -1 inf
R 80 58 -1 inf
R 80 59 99 0.060331243396230493
R 80 60 99 0.026742812497556358
R 80 61 99 0.020496969557528756
R 80 62 99 0.036979701062545757
R 80 63 -1 inf
R 80 64 -1 inf
R 80 65 -1 inf
R 80 66 -1 inf
R 80 67 -1 inf
R 80 68 99 0.06721120226045238
R 80 69 99 0.045827015005961959
R 80 70 99 0.013281803147467484
R 80 71 71 0.0080751652068381877
R 80 72 -1 inf
R 80 73 -1 inf
R 80 74 -1 inf
R 80 75 -1 inf
R 80 76 -1 inf
R 80 77 -1 inf
R 80 78 99 0.048998186036154787
R 80 79 99 0.031275756790457875
R 80 80 80 0
R 80 81 -1 inf
R 80 82 -1 inf
R 80 83 -1 inf
R 80 84 -1 inf
R 80 85 -1 inf
R 80 86 -1 inf
R 80 87 -1 inf
R 80 88 99 0.039522968460635216
R 80 89 99 0.017472503842567259
R 80 90 -1 inf
R 80 91 -1 inf
R 80 92 -1 inf
R 80 93 -1 inf
R 80 94 -1 inf
R 80 95 -1 inf
R 80 96 -1 inf
R 80 97 -1 inf
R 80 98 99 0.022279049177466304
R 80 99 99 0.0042337772942762459
R 81 0 -1 inf
R 81 1 90 0.014051080306062188
R 81 2 90 0.031374874185075292
R 81 3 90 0.064437720205645005
R 81 4 -1 inf
R 81 5 -1 inf
R 81 6 -1 inf
R 81 7 -1 inf
R 81 8 -1 inf
R 81 9 -1 inf
R 81 10 90 0.01066065256949768
R 81 11 90 0.027362779241395366
R 81 12 90 0.048626020297035194
R 81 13 -1 inf
R 81 14 -1 inf
R 81 15 -1 inf
R 81 16 -1 inf
R 81 17 -1 inf
R 81 18 -1 inf
R 81 19 -1 inf
R 81 20 90 0.023201159998874975
R 81 21 90 0.040769961814666827
R 81 22 -1 inf
R 81 23 -1 inf
R 81 24 -1 inf
R 81 25 -1 inf
R 81 26 -1 inf
R 81 27 -1 inf
R 81 28 -1 inf
R 81 29 29 0.0055423424093589864
R 81 30 90 0.036452559988202779
R 81 31 -1 inf
R 81 32 -1 inf
R 81 33 -1 inf
R 81 34 -1 inf
R 81 35 -1 inf
R 81 36 -1 inf
R 81 37 -1 inf
R 81 38 90 0.047351098732631214
R 81 39 90 0.030849450367648423
R 81 40 -1 inf
R 81 41 -1 inf
R 81 42 -1 inf
R 81 43 -1 inf
R 81 44 -1 inf
R 81 45 -1 inf
R 81 46 -1 inf
R 81 47 -1 inf
R 81 48 -1 inf
R 81 49 90 0.043236105214696466
R 81 50 -1 inf
R 81 51 -1 inf
R 81 52 -1 inf
R 81 53 -1 inf
R 81 54 -1 inf
R 81 55 -1 inf
R 81 56 -1 inf
R 81 57 -1 inf
R 81 58 90 0.055778784018205713
R 81 59 -1 inf
R 81 60 -1 inf
R 81 61 -1 inf
R 81 62 -1 inf
R 81 63 -1 inf
R 81 64 -1 inf
R 81 65 -1 inf
R 81 66 -1 inf
R 81 67 -1 inf
R 81 68 -1 inf
R 81 69 -1 inf
R 81 70 -1 inf
R 81 71 -1 inf
R 81 72 -1 inf
R 81 73 -1 inf
R 81 74 -1 inf
R 81 75 -1 inf
R 81 76 -1 inf
R 81 77 -1 inf
R 81 78 -1 inf
R 81 79 -1 inf
R 81 80 -1 inf
R 81 81 81 0
R 81 82 90 0.051642666929027664
R 81 83 -1 inf
R 81 84 -1 inf
R 81 85 -1 inf
R 81 86 -1 inf
R 81 87 -1 inf
R 81 88 -1 inf
R 81 89 -1 inf
R 81 90 90 0.0089048495440229962
R 81 91 90 0.038088554357934679
R 81 92 -1 inf
R 81 93 -1 inf
R 81 94 -1 inf
R 81 95 -1 inf
R 81 96 -1 inf
R 81 97 -1 inf
R 81 98 -1 inf
R 81 99 -1 inf
R 82 0 -1 inf
R 82 1 38 0.037591586622965474
R 82 2 38 0.02531112091307965
R 82 3 38 0.066397101595139119
R 82 4 -1 inf
R 82 5 -1 inf
R 82 6 -1 inf
R 82 7 -1 inf
R 82 8 -1 inf
R 82 9 -1 inf
R 82 10 38 0.041993329345558959
R 82 11 38 0.029322160630889479
R 82 12 38 0.050585401686529308
R 82 13 -1 inf
R 82 14 -1 inf
R 82 15 -1 inf
R 82 16 -1 inf
R 82 17 -1 inf
R 82 18 -1 inf
R 82 19 -1 inf
R 82 20 38 0.028441506930152689
R 82 21 38 0.042729343204160941
R 82 22 -1 inf
R 82 23 -1 inf
R 82 24 -1 inf
R 82 25 -1 inf
R 82 26 -1 inf
R 82 27 -1 inf
R 82 28 -1 inf
R 82 29 38 0.05048839339571206
R 82 30 38 0.038411941377696893
R 82 31 -1 inf
R 82 32 -1 inf
R 82 33 -1 inf
R 82 34 -1 inf
R 82 35 -1 inf
R 82 36 -1 inf
R 82 37 -1 inf
R 82 38 38 0.0042915681963964503
R 82 39 38 0.020793216561379241
R 82 40 -1 inf
R 82 41 -1 inf
R 82 42 -1 inf
R 82 43 -1 inf
R 82 44 -1 inf
R 82 45 -1 inf
R 82 46 -1 inf
R 82 47 -1 inf
R 82 48 -1 inf
R 82 49 38 0.04519548660419058
R 82 50 -1 inf
R 82 51 -1 inf
R 82 52 -1 inf
R 82 53 -1 inf
R 82 54 -1 inf
R 82 55 -1 inf
R 82 56 -1 inf
R 82 57 -1 inf
R 82 58 38 0.057738165407699826
R 82 59 -1 inf
R 82 60 -1 inf
R 82 61 -1 inf
R 82 62 -1 inf
R 82 63 -1 inf
R 82 64 -1 inf
R 82 65 -1 inf
R 82 66 -1 inf
R 82 67 -1 inf
R 82 68 -1 inf
R 82 69 -1 inf
R 82 70 -1 inf
R 82 71 -1 inf
R 82 72 -1 inf
R 82 73 -1 inf
R 82 74 -1 inf
R 82 75 -1 inf
R 82 76 -1 inf
R 82 77 -1 inf
R 82 78 -1 inf
R 82 79 -1 inf
R 82 80 -1 inf
R 82 81 38 0.051642666929027664
R 82 82 82 0
R 82 83 -1 inf
R 82 84 -1 inf
R 82 85 -1 inf
R 82 86 -1 inf
R 82 87 -1 inf
R 82 88 -1 inf
R 82 89 -1 inf
R 82 90 38 0.042737817385004664
R 82 91 38 0.013554112571092986
R 82 92 -1 inf
R 82 93 -1 inf
R 82 94 -1 inf
R 82 95 -1 inf
R 82 96 -1 inf
R 82 97 -1 inf
R 82 98 -1 inf
R 82 99 -1 inf
R 83 0 -1 inf
R 83 1 -1 inf
R 83 2 -1 inf
R 83 3 -1 inf
R 83 4 56 0.038491634987676937
R 83 5 56 0.041001184405084233
R 83 6 -1 inf
R 83 7 -1 inf
R 83 8 -1 inf
R 83 9 -1 inf
R 83 10 -1 inf
R 83 11 -1 inf
R 83 12 -1 inf
R 83 13 56 0.052427817552655992
R 83 14 56 0.053784452458314105
R 83 15 -1 inf
R 83 16 -1 inf
R 83 17 -1 inf
R 83 18 -1 inf
R 83 19 -1 inf
R 83 20 -1 inf
R 83 21 -1 inf
R 83 22 -1 inf
R 83 23 -1 inf
R 83 24 -1 inf
R 83 25 -1 inf
R 83 26 -1 inf
R 83 27 74 0.04095770754400091
R 83 28 -1 inf
R 83 29 -1 inf
R 83 30 -1 inf
R 83 31 -1 inf
R 83 32 -1 inf
R 83 33 -1 inf
R 83 34 -1 inf
R 83 35 -1 inf
R 83 36 74 0.031812525302086059
R 83 37 74 0.028495459245245332
R 83 38 -1 inf
R 83 39 -1 inf
R 83 40 -1 inf
R 83 41 -1 inf
R 83 42 -1 inf
R 83 43 -1 inf
R 83 44 -1 inf
R 83 45 74 0.036655871417728816
R 83 46 74 0.017532024709250697
R 83 47 47 0.005359963297120413
R 83 48 -1 inf
R 83 49 -1 inf
R 83 50 -1 inf
R 83 51 -1 inf
R 83 52 -1 inf
R 83 53 -1 inf
R 83 54 74 0.037859943026510447
R 83 55 74 0.023084352020777962
R 83 56 56 0.0065224766849961008
R 83 57 56 0.038894362906707378
R 83 58 -1 inf
R 83 59 -1 inf
R 83 60 -1 inf
R 83 61 -1 inf
R 83 62 -1 inf
R 83 63 74 0.044695282079201405
R 83 64 74 0.023323571932030985
R 83 65 56 0.012894222352256544
R 83 66 56 0.029921304634092722
R 83 67 56 0.046472049495991714
R 83 68 -1 inf
R 83 69 -1 inf
R 83 70 -1 inf
R 83 71 -1 inf
R 83 72 -1 inf
R 83 73 74 0.026515178320751173
R 83 74 74 0.008775182602677005
R 83 75 56 0.026385286041010432
R 83 76 56 0.047647641249883951
R 83 77 -1 inf
R 83 78 -1 inf
R 83 79 -1 inf
R 83 80 -1 inf
R 83 81 -1 inf
R 83 82 -1 inf
R 83 83 83 0
R 83 84 56 0.022150705669983978
R 83 85 56 0.039672407029567612
R 83 86 -1 inf
R 83 87 -1 inf
R 83 88 -1 inf
R 83 89 -1 inf
R 83 90 -1 inf
R 83 91 -1 inf
R 83 92 -1 inf
R 83 93 56 0.030089589490867031
R 83 94 56 0.03540154844181434
R 83 95 -1 inf
R 83 96 -1 inf
R 83 97 -1 inf
R 83 98 -1 inf
R 83 99 -1 inf
R 84 0 -1 inf
R 84 1 -1 inf
R 84 2 -1 inf
R 84 3 -1 inf
R 84 4 66 0.016340929317692959
R 84 5 75 0.018850478735100255
R 84 6 -1 inf
R 84 7 -1 inf
R 84 8 -1 inf
R 84 9 -1 inf
R 84 10 -1 inf
R 84 11 -1 inf
R 84 12 -1 inf
R 84 13 66 0.030277111882672011
R 84 14 75 0.031633746788330128
R 84 15 -1 inf
R 84 16 -1 inf
R 84 17 -1 inf
R 84 18 -1 inf
R 84 19 -1 inf
R 84 20 -1 inf
R 84 21 -1 inf
R 84 22 -1 inf
R 84 23 -1 inf
R 84 24 -1 inf
R 84 25 -1 inf
R 84 26 -1 inf
R 84 27 65 0.046019377203027956
R 84 28 -1 inf
R 84 29 -1 inf
R 84 30 -1 inf
R 84 31 -1 inf
R 84 32 -1 inf
R 84 33 -1 inf
R 84 34 -1 inf
R 84 35 -1 inf
R 84 36 65 0.036874194961113105
R 84 37 65 0.033557128904272371
R 84 38 -1 inf
R 84 39 -1 inf
R 84 40 -1 inf
R 84 41 -1 inf
R 84 42 -1 inf
R 84 43 -1 inf
R 84 44 -1 inf
R 84 45 65 0.041717541076755862
R 84 46 65 0.022593694368277736
R 84 47 65 0.027510668967104392
R 84 48 -1 inf
R 84 49 -1 inf
R 84 50 -1 inf
R 84 51 -1 inf
R 84 52 -1 inf
R 84 53 -1 inf
R 84 54 65 0.042921612685537493
R 84 55 65 0.028146021679805001
R 84 56 65 0.015628228984987877
R 84 57 93 0.016743657236723403
R 84 58 -1 inf
R 84 59 -1 inf
R 84 60 -1 inf
R 84 61 -1 inf
R 84 62 -1 inf
R 84 63 65 0.049756951738228451
R 84 64 65 0.028385241591058024
R 84 65 65 0.009256483317727434
R 84 66 66 0.0077705989641087443
R 84 67 66 0.024321343826007737
R 84 68 -1 inf
R 84 69 -1 inf
R 84 70 -1 inf
R 84 71 -1 inf
R 84 72 -1 inf
R 84 73 65 0.031576847979778208
R 84 74 65 0.013836852261704044
R 84 75 75 0.0042345803710264526
R 84 76 75 0.025496935579899974
R 84 77 -1 inf
R 84 78 -1 inf
R 84 79 -1 inf
R 84 80 -1 inf
R 84 81 -1 inf
R 84 82 -1 inf
R 84 83 65 0.022150705669983978
R 84 84 84 0
R 84 85 75 0.017521701359583638
R 84 86 -1 inf
R 84 87 -1 inf
R 84 88 -1 inf
R 84 89 -1 inf
R 84 90 -1 inf
R 84 91 -1 inf
R 84 92 -1 inf
R 84 93 93 0.0079388838208830532
R 84 94 75 0.013250842771830364
R 84 95 -1 inf
R 84 96 -1 inf
R 84 97 -1 inf
R 84 98 -1 inf
R 84 99 -1 inf
R 85 0 -1 inf
R 85 1 -1 inf
R 85 2 -1 inf
R 85 3 -1 inf
R 85 4 94 0.029089694779548918
R 85 5 5 0.002736248760153165
R 85 6 -1 inf
R 85 7 -1 inf
R 85 8 -1 inf
R 85 9 -1 inf
R 85 10 -1 inf
R 85 11 -1 inf
R 85 12 -1 inf
R 85 13 94 0.043025877344527966
R 85 14 76 0.014227566155918322
R 85 15 -1 inf
R 85 16 -1 inf
R 85 17 -1 inf
R 85 18 -1 inf
R 85 19 -1 inf
R 85 20 -1 inf
R 85 21 -1 inf
R 85 22 -1 inf
R 85 23 -1 inf
R 85 24 -1 inf
R 85 25 -1 inf
R 85 26 -1 inf
R 85 27 94 0.063541078562611597
R 85 28 -1 inf
R 85 29 -1 inf
R 85 30 -1 inf
R 85 31 -1 inf
R 85 32 -1 inf
R 85 33 -1 inf
R 85 34 -1 inf
R 85 35 -1 inf
R 85 36 94 0.054395896320696746
R 85 37 94 0.051078830263856019
R 85 38 -1 inf
R 85 39 -1 inf
R 85 40 -1 inf
R 85 41 -1 inf
R 85 42 -1 inf
R 85 43 -1 inf
R 85 44 -1 inf
R 85 45 94 0.059239242436339504
R 85 46 94 0.04011539572786138
R 85 47 94 0.045032370326688033
R 85 48 -1 inf
R 85 49 -1 inf
R 85 50 -1 inf
R 85 51 -1 inf
R 85 52 -1 inf
R 85 53 -1 inf
R 85 54 94 0.060443314045121134
R 85 55 94 0.045667723039388645
R 85 56 94 0.033149930344571518
R 85 57 94 0.031171560105536216
R 85 58 -1 inf
R 85 59 -1 inf
R 85 60 -1 inf
R 85 61 -1 inf
R 85 62 -1 inf
R 85 63 94 0.067278653097812086
R 85 64 94 0.045906942950641669
R 85 65 94 0.026778184677311075
R 85 66 94 0.020519364425964703
R 85 67 94 0.037070109287863695
R 85 68 -1 inf
R 85 69 -1 inf
R 85 70 -1 inf
R 85 71 -1 inf
R 85 72 -1 inf
R 85 73 94 0.049098549339361856
R 85 74 94 0.031358553621287685
R 85 75 94 0.013287120988557187
R 85 76 76 0.0080907549474881716
R 85 77 -1 inf
R 85 78 -1 inf
R 85 79 -1 inf
R 85 80 -1 inf
R 85 81 -1 inf
R 85 82 -1 inf
R 85 83 94 0.039672407029567619
R 85 84 94 0.017521701359583641
R 85 85 85 0
R 85 86 -1 inf
R 85 87 -1 inf
R 85 88 -1 inf
R 85 89 -1 inf
R 85 90 -1 inf
R 85 91 -1 inf
R 85 92 -1 inf
R 85 93 94 0.022366786689695866
R 85 94 94 0.0042708585877532746
R 85 95 -1 inf
R 85 96 -1 inf
R 85 97 -1 inf
R 85 98 -1 inf
R 85 99 -1 inf
R 86 0 -1 inf
R 86 1 -1 inf
R 86 2 -1 inf
R 86 3 -1 inf
R 86 4 -1 inf
R 86 5 -1 inf
R 86 6 95 0.014038740433734896
R 86 7 95 0.031377053182306866
R 86 8 95 0.064456785080452425
R 86 9 -1 inf
R 86 10 -1 inf
R 86 11 -1 inf
R 86 12 -1 inf
R 86 13 -1 inf
R 86 14 -1 inf
R 86 15 95 0.010605174578536313
R 86 16 95 0.02737331888369679
R 86 17 95 0.048700603887315105
R 86 18 -1 inf
R 86 19 -1 inf
R 86 20 -1 inf
R 86 21 -1 inf
R 86 22 -1 inf
R 86 23 -1 inf
R 86 24 24 0.0054496682472879952
R 86 25 95 0.023169462484987836
R 86 26 95 0.040779584238252412
R 86 27 -1 inf
R 86 28 -1 inf
R 86 29 -1 inf
R 86 30 -1 inf
R 86 31 -1 inf
R 86 32 -1 inf
R 86 33 -1 inf
R 86 34 95 0.030865742974943093
R 86 35 95 0.036427331875781073
R 86 36 -1 inf
R 86 37 -1 inf
R 86 38 -1 inf
R 86 39 -1 inf
R 86 40 -1 inf
R 86 41 -1 inf
R 86 42 -1 inf
R 86 43 -1 inf
R 86 44 95 0.043259271031392446
R 86 45 -1 inf
R 86 46 -1 inf
R 86 47 -1 inf
R 86 48 -1 inf
R 86 49 -1 inf
R 86 50 -1 inf
R 86 51 -1 inf
R 86 52 -1 inf
R 86 53 95 0.05589347645795982
R 86 54 -1 inf
R 86 55 -1 inf
R 86 56 -1 inf
R 86 57 -1 inf
R 86 58 -1 inf
R 86 59 -1 inf
R 86 60 -1 inf
R 86 61 -1 inf
R 86 62 -1 inf
R 86 63 -1 inf
R 86 64 -1 inf
R 86 65 -1 inf
R 86 66 -1 inf
R 86 67 -1 inf
R 86 68 -1 inf
R 86 69 -1 inf
R 86 70 -1 inf
R 86 71 -1 inf
R 86 72 -1 inf
R 86 73 -1 inf
R 86 74 -1 inf
R 86 75 -1 inf
R 86 76 -1 inf
R 86 77 -1 inf
R 86 78 -1 inf
R 86 79 -1 inf
R 86 80 -1 inf
R 86 81 -1 inf
R 86 82 -1 inf
R 86 83 -1 inf
R 86 84 -1 inf
R 86 85 -1 inf
R 86 86 86 0
R 86 87 -1 inf
R 86 88 -1 inf
R 86 89 -1 inf
R 86 90 -1 inf
R 86 91 -1 inf
R 86 92 -1 inf
R 86 93 -1 inf
R 86 94 -1 inf
R 86 95 95 0.0089190256632132592
R 86 96 95 0.038014454363974576
R 86 97 -1 inf
R 86 98 -1 inf
R 86 99 -1 inf
R 87 0 -1 inf
R 87 1 -1 inf
R 87 2 -1 inf
R 87 3 -1 inf
R 87 4 -1 inf
R 87 5 -1 inf
R 87 6 -1 inf
R 87 7 -1 inf
R 87 8 -1 inf
R 87 9 -1 inf
R 87 10 -1 inf
R 87 11 -1 inf
R 87 12 -1 inf
R 87 13 -1 inf
R 87 14 -1 inf
R 87 15 -1 inf
R 87 16 -1 inf
R 87 17 -1 inf
R 87 18 -1 inf
R 87 19 -1 inf
R 87 20 -1 inf
R 87 21 -1 inf
R 87 22 -1 inf
R 87 23 -1 inf
R 87 24 -1 inf
R 87 25 -1 inf
R 87 26 -1 inf
R 87 27 -1 inf
R 87 28 -1 inf
R 87 29 -1 inf
R 87 30 -1 inf
R 87 31 -1 inf
R 87 32 -1 inf
R 87 33 33 0.0042316545793932951
R 87 34 -1 inf
R 87 35 -1 inf
R 87 36 -1 inf
R 87 37 -1 inf
R 87 38 -1 inf
R 87 39 -1 inf
R 87 40 -1 inf
R 87 41 -1 inf
R 87 42 -1 inf
R 87 43 -1 inf
R 87 44 -1 inf
R 87 45 -1 inf
R 87 46 -1 inf
R 87 47 -1 inf
R 87 48 -1 inf
R 87 49 -1 inf
R 87 50 -1 inf
R 87 51 -1 inf
R 87 52 -1 inf
R 87 53 -1 inf
R 87 54 -1 inf
R 87 55 -1 inf
R 87 56 -1 inf
R 87 57 -1 inf
R 87 58 -1 inf
R 87 59 -1 inf
R 87 60 -1 inf
R 87 61 -1 inf
R 87 62 -1 inf
R 87 63 -1 inf
R 87 64 -1 inf
R 87 65 -1 inf
R 87 66 -1 inf
R 87 67 -1 inf
R 87 68 -1 inf
R 87 69 -1 inf
R 87 70 -1 inf
R 87 71 -1 inf
R 87 72 -1 inf
R 87 73 -1 inf
R 87 74 -1 inf
R 87 75 -1 inf
R 87 76 -1 inf
R 87 77 -1 inf
R 87 78 -1 inf
R 87 79 -1 inf
R 87 80 -1 inf
R 87 81 -1 inf
R 87 82 -1 inf
R 87 83 -1 inf
R 87 84 -1 inf
R 87 85 -1 inf
R 87 86 -1 inf
R 87 87 87 0
R 87 88 -1 inf
R 87 89 -1 inf
R 87 90 -1 inf
R 87 91 -1 inf
R 87 92 -1 inf
R 87 93 -1 inf
R 87 94 -1 inf
R 87 95 -1 inf
R 87 96 -1 inf
R 87 97 -1 inf
R 87 98 -1 inf
R 87 99 -1 inf
R 88 0 51 0.040866154447950144
R 88 1 -1 inf
R 88 2 -1 inf
R 88 3 -1 inf
R 88 4 -1 inf
R 88 5 -1 inf
R 88 6 -1 inf
R 88 7 -1 inf
R 88 8 -1 inf
R 88 9 51 0.038350168915712343
R 88 10 -1 inf
R 88 11 -1 inf
R 88 12 -1 inf
R 88 13 -1 inf
R 88 14 -1 inf
R 88 15 -1 inf
R 88 16 -1 inf
R 88 17 -1 inf
R 88 18 51 0.052249510155354964
R 88 19 51 0.050166884572037725
R 88 20 -1 inf
R 88 21 -1 inf
R 88 22 79 0.040948549250578309
R 88 23 -1 inf
R 88 24 -1 inf
R 88 25 -1 inf
R 88 26 -1 inf
R 88 27 -1 inf
R 88 28 -1 inf
R 88 29 -1 inf
R 88 30 -1 inf
R 88 31 79 0.031817111444126696
R 88 32 79 0.028513659928043545
R 88 33 -1 inf
R 88 34 -1 inf
R 88 35 -1 inf
R 88 36 -1 inf
R 88 37 -1 inf
R 88 38 -1 inf
R 88 39 -1 inf
R 88 40 79 0.036632906823327524
R 88 41 79 0.017556702080944592
R 88 42 42 0.0054025714188877267
R 88 43 -1 inf
R 88 44 -1 inf
R 88 45 -1 inf
R 88 46 -1 inf
R 88 47 -1 inf
R 88 48 -1 inf
R 88 49 -1 inf
R 88 50 79 0.023086690266693785
R 88 51 51 0.0064275133940816642
R 88 52 51 0.038777809420966786
R 88 53 -1 inf
R 88 54 -1 inf
R 88 55 -1 inf
R 88 56 -1 inf
R 88 57 -1 inf
R 88 58 -1 inf
R 88 59 79 0.037783701057132191
R 88 60 51 0.012780155963078854
R 88 61 51 0.029784420198233203
R 88 62 51 0.046267151703250207
R 88 63 -1 inf
R 88 64 -1 inf
R 88 65 -1 inf
R 88 66 -1 inf
R 88 67 -1 inf
R 88 68 79 0.044663659921354092
R 88 69 79 0.023279472666863657
R 88 70 51 0.026241165313167725
R 88 71 51 0.047562144784159557
R 88 72 -1 inf
R 88 73 -1 inf
R 88 74 -1 inf
R 88 75 -1 inf
R 88 76 -1 inf
R 88 77 -1 inf
R 88 78 79 0.026450643697056488
R 88 79 79 0.0087282144513595727
R 88 80 51 0.039522968460635209
R 88 81 -1 inf
R 88 82 -1 inf
R 88 83 -1 inf
R 88 84 -1 inf
R 88 85 -1 inf
R 88 86 -1 inf
R 88 87 -1 inf
R 88 88 88 0
R 88 89 51 0.022050464618067953
R 88 90 -1 inf
R 88 91 -1 inf
R 88 92 -1 inf
R 88 93 -1 inf
R 88 94 -1 inf
R 88 95 -1 inf
R 88 96 -1 inf
R 88 97 -1 inf
R 88 98 51 0.029941527070979034
R 88 99 51 0.035289191166358966
R 89 0 70 0.018815689829882187
R 89 1 -1 inf
R 89 2 -1 inf
R 89 3 -1 inf
R 89 4 -1 inf
R 89 5 -1 inf
R 89 6 -1 inf
R 89 7 -1 inf
R 89 8 -1 inf
R 89 9 61 0.016299704297644386
R 89 10 -1 inf
R 89 11 -1 inf
R 89 12 -1 inf
R 89 13 -1 inf
R 89 14 -1 inf
R 89 15 -1 inf
R 89 16 -1 inf
R 89 17 -1 inf
R 89 18 61 0.030199045537287007
R 89 19 70 0.028116419953969768
R 89 20 -1 inf
R 89 21 -1 inf
R 89 22 60 0.046023587747109351
R 89 23 -1 inf
R 89 24 -1 inf
R 89 25 -1 inf
R 89 26 -1 inf
R 89 27 -1 inf
R 89 28 -1 inf
R 89 29 -1 inf
R 89 30 -1 inf
R 89 31 60 0.036892149940657738
R 89 32 60 0.033588698424574591
R 89 33 -1 inf
R 89 34 -1 inf
R 89 35 -1 inf
R 89 36 -1 inf
R 89 37 -1 inf
R 89 38 -1 inf
R 89 39 -1 inf
R 89 40 60 0.041707945319858566
R 89 41 60 0.022631740577475634
R 89 42 60 0.027453036036955675
R 89 43 -1 inf
R 89 44 -1 inf
R 89 45 -1 inf
R 89 46 -1 inf
R 89 47 -1 inf
R 89 48 -1 inf
R 89 49 -1 inf
R 89 50 60 0.028161728763224828
R 89 51 60 0.015622951223986287
R 89 52 98 0.016727344802898832
R 89 53 -1 inf
R 89 54 -1 inf
R 89 55 -1 inf
R 89 56 -1 inf
R 89 57 -1 inf
R 89 58 -1 inf
R 89 59 60 0.042858739553663233
R 89 60 60 0.0092703086549890991
R 89 61 61 0.007733955580165249
R 89 62 61 0.024216687085182251
R 89 63 -1 inf
R 89 64 -1 inf
R 89 65 -1 inf
R 89 66 -1 inf
R 89 67 -1 inf
R 89 68 60 0.049738698417885134
R 89 69 60 0.028354511163394699
R 89 70 70 0.0041907006950997732
R 89 71 70 0.025511680166091601
R 89 72 -1 inf
R 89 73 -1 inf
R 89 74 -1 inf
R 89 75 -1 inf
R 89 76 -1 inf
R 89 77 -1 inf
R 89 78 60 0.031525682193587534
R 89 79 60 0.013803252947890615
R 89 80 70 0.017472503842567256
R 89 81 -1 inf
R 89 82 -1 inf
R 89 83 -1 inf
R 89 84 -1 inf
R 89 85 -1 inf
R 89 86 -1 inf
R 89 87 -1 inf
R 89 88 60 0.02205046461806795
R 89 89 89 0
R 89 90 -1 inf
R 89 91 -1 inf
R 89 92 -1 inf
R 89 93 -1 inf
R 89 94 -1 inf
R 89 95 -1 inf
R 89 96 -1 inf
R 89 97 -1 inf
R 89 98 98 0.0078910624529110809
R 89 99 70 0.013238726548291011
R 90 0 -1 inf
R 90 1 1 0.0051462307620391921
R 90 2 1 0.022470024641052293
R 90 3 1 0.055532870661622005
R 90 4 -1 inf
R 90 5 -1 inf
R 90 6 -1 inf
R 90 7 -1 inf
R 90 8 -1 inf
R 90 9 -1 inf
R 90 10 10 0.0017558030254746829
R 90 11 1 0.018457929697372366
R 90 12 1 0.039721170753012201
R 90 13 -1 inf
R 90 14 -1 inf
R 90 15 -1 inf
R 90 16 -1 inf
R 90 17 -1 inf
R 90 18 -1 inf
R 90 19 -1 inf
R 90 20 1 0.014296310454851977
R 90 21 1 0.031865112270643835
R 90 22 -1 inf
R 90 23 -1 inf
R 90 24 -1 inf
R 90 25 -1 inf
R 90 26 -1 inf
R 90 27 -1 inf
R 90 28 -1 inf
R 90 29 29 0.0081385260557998995
R 90 30 1 0.027547710444179783
R 90 31 -1 inf
R 90 32 -1 inf
R 90 33 -1 inf
R 90 34 -1 inf
R 90 35 -1 inf
R 90 36 -1 inf
R 90 37 -1 inf
R 90 38 1 0.038446249188608214
R 90 39 1 0.021944600823625426
R 90 40 -1 inf
R 90 41 -1 inf
R 90 42 -1 inf
R 90 43 -1 inf
R 90 44 -1 inf
R 90 45 -1 inf
R 90 46 -1 inf
R 90 47 -1 inf
R 90 48 -1 inf
R 90 49 1 0.034331255670673473
R 90 50 -1 inf
R 90 51 -1 inf
R 90 52 -1 inf
R 90 53 -1 inf
R 90 54 -1 inf
R 90 55 -1 inf
R 90 56 -1 inf
R 90 57 -1 inf
R 90 58 1 0.04687393447418272
R 90 59 -1 inf
R 90 60 -1 inf
R 90 61 -1 inf
R 90 62 -1 inf
R 90 63 -1 inf
R 90 64 -1 inf
R 90 65 -1 inf
R 90 66 -1 inf
R 90 67 -1 inf
R 90 68 -1 inf
R 90 69 -1 inf
R 90 70 -1 inf
R 90 71 -1 inf
R 90 72 -1 inf
R 90 73 -1 inf
R 90 74 -1 inf
R 90 75 -1 inf
R 90 76 -1 inf
R 90 77 -1 inf
R 90 78 -1 inf
R 90 79 -1 inf
R 90 80 -1 inf
R 90 81 81 0.0089048495440229962
R 90 82 1 0.042737817385004664
R 90 83 -1 inf
R 90 84 -1 inf
R 90 85 -1 inf
R 90 86 -1 inf
R 90 87 -1 inf
R 90 88 -1 inf
R 90 89 -1 inf
R 90 90 90 0
R 90 91 1 0.029183704813911682
R 90 92 -1 inf
R 90 93 -1 inf
R 90 94 -1 inf
R 90 95 -1 inf
R 90 96 -1 inf
R 90 97 -1 inf
R 90 98 -1 inf
R 90 99 -1 inf
R 91 0 -1 inf
R 91 1 39 0.024037474051872489
R 91 2 39 0.011757008341986664
R 91 3 39 0.052842989024046133
R 91 4 -1 inf
R 91 5 -1 inf
R 91 6 -1 inf
R 91 7 -1 inf
R 91 8 -1 inf
R 91 9 -1 inf
R 91 10 39 0.02843921677446597
R 91 11 39 0.015768048059796494
R 91 12 39 0.037031289115436329
R 91 13 -1 inf
R 91 14 -1 inf
R 91 15 -1 inf
R 91 16 -1 inf
R 91 17 -1 inf
R 91 18 -1 inf
R 91 19 -1 inf
R 91 20 39 0.014887394359059704
R 91 21 39 0.029175230633067963
R 91 22 -1 inf
R 91 23 -1 inf
R 91 24 -1 inf
R 91 25 -1 inf
R 91 26 -1 inf
R 91 27 -1 inf
R 91 28 -1 inf
R 91 29 39 0.036934280824619074
R 91 30 39 0.024857828806603911
R 91 31 -1 inf
R 91 32 -1 inf
R 91 33 -1 inf
R 91 34 -1 inf
R 91 35 -1 inf
R 91 36 -1 inf
R 91 37 -1 inf
R 91 38 38 0.0092625443746965352
R 91 39 39 0.007239103990286256
R 91 40 -1 inf
R 91 41 -1 inf
R 91 42 -1 inf
R 91 43 -1 inf
R 91 44 -1 inf
R 91 45 -1 inf
R 91 46 -1 inf
R 91 47 -1 inf
R 91 48 -1 inf
R 91 49 39 0.031641374033097601
R 91 50 -1 inf
R 91 51 -1 inf
R 91 52 -1 inf
R 91 53 -1 inf
R 91 54 -1 inf
R 91 55 -1 inf
R 91 56 -1 inf
R 91 57 -1 inf
R 91 58 39 0.044184052836606848
R 91 59 -1 inf
R 91 60 -1 inf
R 91 61 -1 inf
R 91 62 -1 inf
R 91 63 -1 inf
R 91 64 -1 inf
R 91 65 -1 inf
R 91 66 -1 inf
R 91 67 -1 inf
R 91 68 -1 inf
R 91 69 -1 inf
R 91 70 -1 inf
R 91 71 -1 inf
R 91 72 -1 inf
R 91 73 -1 inf
R 91 74 -1 inf
R 91 75 -1 inf
R 91 76 -1 inf
R 91 77 -1 inf
R 91 78 -1 inf
R 91 79 -1 inf
R 91 80 -1 inf
R 91 81 39 0.038088554357934679
R 91 82 38 0.013554112571092986
R 91 83 -1 inf
R 91 84 -1 inf
R 91 85 -1 inf
R 91 86 -1 inf
R 91 87 -1 inf
R 91 88 -1 inf
R 91 89 -1 inf
R 91 90 39 0.029183704813911679
R 91 91 91 0
R 91 92 -1 inf
R 91 93 -1 inf
R 91 94 -1 inf
R 91 95 -1 inf
R 91 96 -1 inf
R 91 97 -1 inf
R 91 98 -1 inf
R 91 99 -1 inf
R 92 0 -1 inf
R 92 1 -1 inf
R 92 2 -1 inf
R 92 3 -1 inf
R 92 4 -1 inf
R 92 5 -1 inf
R 92 6 -1 inf
R 92 7 -1 inf
R 92 8 -1 inf
R 92 9 -1 inf
R 92 10 -1 inf
R 92 11 -1 inf
R 92 12 -1 inf
R 92 13 -1 inf
R 92 14 -1 inf
R 92 15 -1 inf
R 92 16 -1 inf
R 92 17 -1 inf
R 92 18 -1 inf
R 92 19 -1 inf
R 92 20 -1 inf
R 92 21 -1 inf
R 92 22 -1 inf
R 92 23 -1 inf
R 92 24 -1 inf
R 92 25 -1 inf
R 92 26 -1 inf
R 92 27 -1 inf
R 92 28 -1 inf
R 92 29 -1 inf
R 92 30 -1 inf
R 92 31 -1 inf
R 92 32 -1 inf
R 92 33 -1 inf
R 92 34 -1 inf
R 92 35 -1 inf
R 92 36 -1 inf
R 92 37 -1 inf
R 92 38 -1 inf
R 92 39 -1 inf
R 92 40 -1 inf
R 92 41 -1 inf
R 92 42 -1 inf
R 92 43 -1 inf
R 92 44 -1 inf
R 92 45 -1 inf
R 92 46 -1 inf
R 92 47 -1 inf
R 92 48 48 0.0076522324912280401
R 92 49 -1 inf
R 92 50 -1 inf
R 92 51 -1 inf
R 92 52 -1 inf
R 92 53 -1 inf
R 92 54 -1 inf
R 92 55 -1 inf
R 92 56 -1 inf
R 92 57 -1 inf
R 92 58 -1 inf
R 92 59 -1 inf
R 92 60 -1 inf
R 92 61 -1 inf
R 92 62 -1 inf
R 92 63 -1 inf
R 92 64 -1 inf
R 92 65 -1 inf
R 92 66 -1 inf
R 92 67 -1 inf
R 92 68 -1 inf
R 92 69 -1 inf
R 92 70 -1 inf
R 92 71 -1 inf
R 92 72 -1 inf
R 92 73 -1 inf
R 92 74 -1 inf
R 92 75 -1 inf
R 92 76 -1 inf
R 92 77 -1 inf
R 92 78 -1 inf
R 92 79 -1 inf
R 92 80 -1 inf
R 92 81 -1 inf
R 92 82 -1 inf
R 92 83 -1 inf
R 92 84 -1 inf
R 92 85 -1 inf
R 92 86 -1 inf
R 92 87 -1 inf
R 92 88 -1 inf
R 92 89 -1 inf
R 92 90 -1 inf
R 92 91 -1 inf
R 92 92 92 0
R 92 93 -1 inf
R 92 94 -1 inf
R 92 95 -1 inf
R 92 96 -1 inf
R 92 97 -1 inf
R 92 98 -1 inf
R 92 99 -1 inf
R 93 0 -1 inf
R 93 1 -1 inf
R 93 2 -1 inf
R 93 3 -1 inf
R 93 4 66 0.01336267818921456
R 93 5 75 0.023695564065212484
R 93 6 -1 inf
R 93 7 -1 inf
R 93 8 -1 inf
R 93 9 -1 inf
R 93 10 -1 inf
R 93 11 -1 inf
R 93 12 -1 inf
R 93 13 66 0.027298860754193615
R 93 14 75 0.036478832118442356
R 93 15 -1 inf
R 93 16 -1 inf
R 93 17 -1 inf
R 93 18 -1 inf
R 93 19 -1 inf
R 93 20 -1 inf
R 93 21 -1 inf
R 93 22 -1 inf
R 93 23 -1 inf
R 93 24 -1 inf
R 93 25 -1 inf
R 93 26 -1 inf
R 93 27 84 0.053958261023911006
R 93 28 -1 inf
R 93 29 -1 inf
R 93 30 -1 inf
R 93 31 -1 inf
R 93 32 -1 inf
R 93 33 -1 inf
R 93 34 -1 inf
R 93 35 -1 inf
R 93 36 84 0.044813078781996155
R 93 37 84 0.041496012725155428
R 93 38 -1 inf
R 93 39 -1 inf
R 93 40 -1 inf
R 93 41 -1 inf
R 93 42 -1 inf
R 93 43 -1 inf
R 93 44 -1 inf
R 93 45 84 0.049656424897638912
R 93 46 84 0.030532578189160789
R 93 47 84 0.035449552787987441
R 93 48 -1 inf
R 93 49 -1 inf
R 93 50 -1 inf
R 93 51 -1 inf
R 93 52 -1 inf
R 93 53 -1 inf
R 93 54 84 0.050860496506420542
R 93 55 84 0.036084905500688054
R 93 56 84 0.02356711280587093
R 93 57 57 0.0088047734158403501
R 93 58 -1 inf
R 93 59 -1 inf
R 93 60 -1 inf
R 93 61 -1 inf
R 93 62 -1 inf
R 93 63 84 0.057695835559111501
R 93 64 84 0.036324125411941077
R 93 65 84 0.017195367138610487
R 93 66 66 0.0047923478356303477
R 93 67 66 0.021343092697529341
R 93 68 -1 inf
R 93 69 -1 inf
R 93 70 -1 inf
R 93 71 -1 inf
R 93 72 -1 inf
R 93 73 84 0.039515731800661265
R 93 74 84 0.021775736082587097
R 93 75 75 0.009079665701138679
R 93 76 75 0.030342020910012202
R 93 77 -1 inf
R 93 78 -1 inf
R 93 79 -1 inf
R 93 80 -1 inf
R 93 81 -1 inf
R 93 82 -1 inf
R 93 83 84 0.030089589490867031
R 93 84 84 0.0079388838208830532
R 93 85 75 0.022366786689695866
R 93 86 -1 inf
R 93 87 -1 inf
R 93 88 -1 inf
R 93 89 -1 inf
R 93 90 -1 inf
R 93 91 -1 inf
R 93 92 -1 inf
R 93 93 93 0
R 93 94 75 0.01809592810194259
R 93 95 -1 inf
R 93 96 -1 inf
R 93 97 -1 inf
R 93 98 -1 inf
R 93 99 -1 inf
R 94 0 -1 inf
R 94 1 -1 inf
R 94 2 -1 inf
R 94 3 -1 inf
R 94 4 75 0.024818836191795639
R 94 5 5 0.005599635963269893
R 94 6 -1 inf
R 94 7 -1 inf
R 94 8 -1 inf
R 94 9 -1 inf
R 94 10 -1 inf
R 94 11 -1 inf
R 94 12 -1 inf
R 94 13 75 0.038755018756774687
R 94 14 5 0.018382904016499762
R 94 15 -1 inf
R 94 16 -1 inf
R 94 17 -1 inf
R 94 18 -1 inf
R 94 19 -1 inf
R 94 20 -1 inf
R 94 21 -1 inf
R 94 22 -1 inf
R 94 23 -1 inf
R 94 24 -1 inf
R 94 25 -1 inf
R 94 26 -1 inf
R 94 27 75 0.059270219974858318
R 94 28 -1 inf
R 94 29 -1 inf
R 94 30 -1 inf
R 94 31 -1 inf
R 94 32 -1 inf
R 94 33 -1 inf
R 94 34 -1 inf
R 94 35 -1 inf
R 94 36 75 0.050125037732943467
R 94 37 75 0.04680797167610274
R 94 38 -1 inf
R 94 39 -1 inf
R 94 40 -1 inf
R 94 41 -1 inf
R 94 42 -1 inf
R 94 43 -1 inf
R 94 44 -1 inf
R 94 45 75 0.054968383848586225
R 94 46 75 0.035844537140108101
R 94 47 75 0.040761511738934754
R 94 48 -1 inf
R 94 49 -1 inf
R 94 50 -1 inf
R 94 51 -1 inf
R 94 52 -1 inf
R 94 53 -1 inf
R 94 54 75 0.056172455457367855
R 94 55 75 0.041396864451635366
R 94 56 75 0.028879071756818243
R 94 57 75 0.026900701517782941
R 94 58 -1 inf
R 94 59 -1 inf
R 94 60 -1 inf
R 94 61 -1 inf
R 94 62 -1 inf
R 94 63 75 0.063007794510058807
R 94 64 75 0.04163608436288839
R 94 65 75 0.0225073260895578
R 94 66 75 0.016248505838211427
R 94 67 75 0.032799250700110416
R 94 68 -1 inf
R 94 69 -1 inf
R 94 70 -1 inf
R 94 71 -1 inf
R 94 72 -1 inf
R 94 73 75 0.044827690751608577
R 94 74 75 0.02708769503353441
R 94 75 75 0.0090162624008039115
R 94 76 5 0.012246092808069611
R 94 77 -1 inf
R 94 78 -1 inf
R 94 79 -1 inf
R 94 80 -1 inf
R 94 81 -1 inf
R 94 82 -1 inf
R 94 83 75 0.03540154844181434
R 94 84 75 0.013250842771830364
R 94 85 85 0.0042708585877532746
R 94 86 -1 inf
R 94 87 -1 inf
R 94 88 -1 inf
R 94 89 -1 inf
R 94 90 -1 inf
R 94 91 -1 inf
R 94 92 -1 inf
R 94 93 75 0.01809592810194259
R 94 94 94 0
R 94 95 -1 inf
R 94 96 -1 inf
R 94 97 -1 inf
R 94 98 -1 inf
R 94 99 -1 inf
R 95 0 -1 inf
R 95 1 -1 inf
R 95 2 -1 inf
R 95 3 -1 inf
R 95 4 -1 inf
R 95 5 -1 inf
R 95 6 6 0.0051197147705216378
R 95 7 6 0.022458027519093607
R 95 8 6 0.055537759417239166
R 95 9 -1 inf
R 95 10 -1 inf
R 95 11 -1 inf
R 95 12 -1 inf
R 95 13 -1 inf
R 95 14 -1 inf
R 95 15 15 0.0016861489153230532
R 95 16 6 0.018454293220483531
R 95 17 6 0.039781578224101846
R 95 18 -1 inf
R 95 19 -1 inf
R 95 20 -1 inf
R 95 21 -1 inf
R 95 22 -1 inf
R 95 23 -1 inf
R 95 24 24 0.0081992997852968139
R 95 25 6 0.014250436821774577
R 95 26 6 0.031860558575039152
R 95 27 -1 inf
R 95 28 -1 inf
R 95 29 -1 inf
R 95 30 -1 inf
R 95 31 -1 inf
R 95 32 -1 inf
R 95 33 -1 inf
R 95 34 6 0.021946717311729834
R 95 35 6 0.027508306212567814
R 95 36 -1 inf
R 95 37 -1 inf
R 95 38 -1 inf
R 95 39 -1 inf
R 95 40 -1 inf
R 95 41 -1 inf
R 95 42 -1 inf
R 95 43 -1 inf
R 95 44 6 0.034340245368179187
R 95 45 -1 inf
R 95 46 -1 inf
R 95 47 -1 inf
R 95 48 -1 inf
R 95 49 -1 inf
R 95 50 -1 inf
R 95 51 -1 inf
R 95 52 -1 inf
R 95 53 6 0.046974450794746561
R 95 54 -1 inf
R 95 55 -1 inf
R 95 56 -1 inf
R 95 57 -1 inf
R 95 58 -1 inf
R 95 59 -1 inf
R 95 60 -1 inf
R 95 61 -1 inf
R 95 62 -1 inf
R 95 63 -1 inf
R 95 64 -1 inf
R 95 65 -1 inf
R 95 66 -1 inf
R 95 67 -1 inf
R 95 68 -1 inf
R 95 69 -1 inf
R 95 70 -1 inf
R 95 71 -1 inf
R 95 72 -1 inf
R 95 73 -1 inf
R 95 74 -1 inf
R 95 75 -1 inf
R 95 76 -1 inf
R 95 77 -1 inf
R 95 78 -1 inf
R 95 79 -1 inf
R 95 80 -1 inf
R 95 81 -1 inf
R 95 82 -1 inf
R 95 83 -1 inf
R 95 84 -1 inf
R 95 85 -1 inf
R 95 86 86 0.0089190256632132592
R 95 87 -1 inf
R 95 88 -1 inf
R 95 89 -1 inf
R 95 90 -1 inf
R 95 91 -1 inf
R 95 92 -1 inf
R 95 93 -1 inf
R 95 94 -1 inf
R 95 95 95 0
R 95 96 6 0.029095428700761313
R 95 97 -1 inf
R 95 98 -1 inf
R 95 99 -1 inf
R 96 0 -1 inf
R 96 1 -1 inf
R 96 2 -1 inf
R 96 3 -1 inf
R 96 4 -1 inf
R 96 5 -1 inf
R 96 6 34 0.023975713930239673
R 96 7 34 0.011759035298034001
R 96 8 34 0.052843806796408252
R 96 9 -1 inf
R 96 10 -1 inf
R 96 11 -1 inf
R 96 12 -1 inf
R 96 13 -1 inf
R 96 14 -1 inf
R 96 15 34 0.028424208997165541
R 96 16 34 0.015760340599652617
R 96 17 34 0.037087625603270932
R 96 18 -1 inf
R 96 19 -1 inf
R 96 20 -1 inf
R 96 21 -1 inf
R 96 22 -1 inf
R 96 23 -1 inf
R 96 24 34 0.03696652777173691
R 96 25 34 0.014844991878986734
R 96 26 34 0.029166605954208235
R 96 27 -1 inf
R 96 28 -1 inf
R 96 29 -1 inf
R 96 30 -1 inf
R 96 31 -1 inf
R 96 32 -1 inf
R 96 33 -1 inf
R 96 34 34 0.0071487113890314792
R 96 35 34 0.0248143535917369
R 96 36 -1 inf
R 96 37 -1 inf
R 96 38 -1 inf
R 96 39 -1 inf
R 96 40 -1 inf
R 96 41 -1 inf
R 96 42 -1 inf
R 96 43 -1 inf
R 96 44 34 0.031646292747348273
R 96 45 -1 inf
R 96 46 -1 inf
R 96 47 -1 inf
R 96 48 -1 inf
R 96 49 -1 inf
R 96 50 -1 inf
R 96 51 -1 inf
R 96 52 -1 inf
R 96 53 34 0.044280498173915647
R 96 54 -1 inf
R 96 55 -1 inf
R 96 56 -1 inf
R 96 57 -1 inf
R 96 58 -1 inf
R 96 59 -1 inf
R 96 60 -1 inf
R 96 61 -1 inf
R 96 62 -1 inf
R 96 63 -1 inf
R 96 64 -1 inf
R 96 65 -1 inf
R 96 66 -1 inf
R 96 67 -1 inf
R 96 68 -1 inf
R 96 69 -1 inf
R 96 70 -1 inf
R 96 71 -1 inf
R 96 72 -1 inf
R 96 73 -1 inf
R 96 74 -1 inf
R 96 75 -1 inf
R 96 76 -1 inf
R 96 77 -1 inf
R 96 78 -1 inf
R 96 79 -1 inf
R 96 80 -1 inf
R 96 81 -1 inf
R 96 82 -1 inf
R 96 83 -1 inf
R 96 84 -1 inf
R 96 85 -1 inf
R 96 86 34 0.038014454363974569
R 96 87 -1 inf
R 96 88 -1 inf
R 96 89 -1 inf
R 96 90 -1 inf
R 96 91 -1 inf
R 96 92 -1 inf
R 96 93 -1 inf
R 96 94 -1 inf
R 96 95 34 0.02909542870076131
R 96 96 96 0
R 96 97 -1 inf
R 96 98 -1 inf
R 96 99 -1 inf
R 97 0 -1 inf
R 97 1 -1 inf
R 97 2 -1 inf
R 97 3 -1 inf
R 97 4 -1 inf
R 97 5 -1 inf
R 97 6 -1 inf
R 97 7 -1 inf
R 97 8 -1 inf
R 97 9 -1 inf
R 97 10 -1 inf
R 97 11 -1 inf
R 97 12 -1 inf
R 97 13 -1 inf
R 97 14 -1 inf
R 97 15 -1 inf
R 97 16 -1 inf
R 97 17 -1 inf
R 97 18 -1 inf
R 97 19 -1 inf
R 97 20 -1 inf
R 97 21 -1 inf
R 97 22 -1 inf
R 97 23 -1 inf
R 97 24 -1 inf
R 97 25 -1 inf
R 97 26 -1 inf
R 97 27 -1 inf
R 97 28 -1 inf
R 97 29 -1 inf
R 97 30 -1 inf
R 97 31 -1 inf
R 97 32 -1 inf
R 97 33 -1 inf
R 97 34 -1 inf
R 97 35 -1 inf
R 97 36 -1 inf
R 97 37 -1 inf
R 97 38 -1 inf
R 97 39 -1 inf
R 97 40 -1 inf
R 97 41 -1 inf
R 97 42 -1 inf
R 97 43 43 0.0076198131942610339
R 97 44 -1 inf
R 97 45 -1 inf
R 97 46 -1 inf
R 97 47 -1 inf
R 97 48 -1 inf
R 97 49 -1 inf
R 97 50 -1 inf
R 97 51 -1 inf
R 97 52 -1 inf
R 97 53 -1 inf
R 97 54 -1 inf
R 97 55 -1 inf
R 97 56 -1 inf
R 97 57 -1 inf
R 97 58 -1 inf
R 97 59 -1 inf
R 97 60 -1 inf
R 97 61 -1 inf
R 97 62 -1 inf
R 97 63 -1 inf
R 97 64 -1 inf
R 97 65 -1 inf
R 97 66 -1 inf
R 97 67 -1 inf
R 97 68 -1 inf
R 97 69 -1 inf
R 97 70 -1 inf
R 97 71 -1 inf
R 97 72 -1 inf
R 97 73 -1 inf
R 97 74 -1 inf
R 97 75 -1 inf
R 97 76 -1 inf
R 97 77 -1 inf
R 97 78 -1 inf
R 97 79 -1 inf
R 97 80 -1 inf
R 97 81 -1 inf
R 97 82 -1 inf
R 97 83 -1 inf
R 97 84 -1 inf
R 97 85 -1 inf
R 97 86 -1 inf
R 97 87 -1 inf
R 97 88 -1 inf
R 97 89 -1 inf
R 97 90 -1 inf
R 97 91 -1 inf
R 97 92 -1 inf
R 97 93 -1 inf
R 97 94 -1 inf
R 97 95 -1 inf
R 97 96 -1 inf
R 97 97 97 0
R 97 98 -1 inf
R 97 99 -1 inf
R 98 0 70 0.023622235164781232
R 98 1 -1 inf
R 98 2 -1 inf
R 98 3 -1 inf
R 98 4 -1 inf
R 98 5 -1 inf
R 98 6 -1 inf
R 98 7 -1 inf
R 98 8 -1 inf
R 98 9 61 0.013260353587664687
R 98 10 -1 inf
R 98 11 -1 inf
R 98 12 -1 inf
R 98 13 -1 inf
R 98 14 -1 inf
R 98 15 -1 inf
R 98 16 -1 inf
R 98 17 -1 inf
R 98 18 61 0.027159694827307304
R 98 19 70 0.032922965288868816
R 98 20 -1 inf
R 98 21 -1 inf
R 98 22 89 0.053914650200020425
R 98 23 -1 inf
R 98 24 -1 inf
R 98 25 -1 inf
R 98 26 -1 inf
R 98 27 -1 inf
R 98 28 -1 inf
R 98 29 -1 inf
R 98 30 -1 inf
R 98 31 89 0.044783212393568819
R 98 32 89 0.041479760877485665
R 98 33 -1 inf
R 98 34 -1 inf
R 98 35 -1 inf
R 98 36 -1 inf
R 98 37 -1 inf
R 98 38 -1 inf
R 98 39 -1 inf
R 98 40 89 0.049599007772769647
R 98 41 89 0.030522803030386715
R 98 42 89 0.035344098489866756
R 98 43 -1 inf
R 98 44 -1 inf
R 98 45 -1 inf
R 98 46 -1 inf
R 98 47 -1 inf
R 98 48 -1 inf
R 98 49 -1 inf
R 98 50 89 0.036052791216135908
R 98 51 89 0.023514013676897368
R 98 52 52 0.0088362823499877514
R 98 53 -1 inf
R 98 54 -1 inf
R 98 55 -1 inf
R 98 56 -1 inf
R 98 57 -1 inf
R 98 58 -1 inf
R 98 59 89 0.050749802006574314
R 98 60 89 0.01716137110790018
R 98 61 61 0.0046946048701855493
R 98 62 61 0.021177336375202548
R 98 63 -1 inf
R 98 64 -1 inf
R 98 65 -1 inf
R 98 66 -1 inf
R 98 67 -1 inf
R 98 68 89 0.057629760870796208
R 98 69 89 0.03624557361630578
R 98 70 70 0.0089972460299988198
R 98 71 70 0.030318225500990649
R 98 72 -1 inf
R 98 73 -1 inf
R 98 74 -1 inf
R 98 75 -1 inf
R 98 76 -1 inf
R 98 77 -1 inf
R 98 78 89 0.039416744646498608
R 98 79 89 0.021694315400801696
R 98 80 70 0.022279049177466304
R 98 81 -1 inf
R 98 82 -1 inf
R 98 83 -1 inf
R 98 84 -1 inf
R 98 85 -1 inf
R 98 86 -1 inf
R 98 87 -1 inf
R 98 88 89 0.029941527070979031
R 98 89 89 0.0078910624529110809
R 98 90 -1 inf
R 98 91 -1 inf
R 98 92 -1 inf
R 98 93 -1 inf
R 98 94 -1 inf
R 98 95 -1 inf
R 98 96 -1 inf
R 98 97 -1 inf
R 98 98 98 0
R 98 99 70 0.018045271883190057
R 99 0 0 0.0055769632815911756
R 99 1 -1 inf
R 99 2 -1 inf
R 99 3 -1 inf
R 99 4 -1 inf
R 99 5 -1 inf
R 99 6 -1 inf
R 99 7 -1 inf
R 99 8 -1 inf
R 99 9 70 0.024828940980731646
R 99 10 -1 inf
R 99 11 -1 inf
R 99 12 -1 inf
R 99 13 -1 inf
R 99 14 -1 inf
R 99 15 -1 inf
R 99 16 -1 inf
R 99 17 -1 inf
R 99 18 70 0.038728282220374263
R 99 19 0 0.014877693405678755
R 99 20 -1 inf
R 99 21 -1 inf
R 99 22 70 0.059262314295400367
R 99 23 -1 inf
R 99 24 -1 inf
R 99 25 -1 inf
R 99 26 -1 inf
R 99 27 -1 inf
R 99 28 -1 inf
R 99 29 -1 inf
R 99 30 -1 inf
R 99 31 70 0.050130876488948754
R 99 32 70 0.046827424972865607
R 99 33 -1 inf
R 99 34 -1 inf
R 99 35 -1 inf
R 99 36 -1 inf
R 99 37 -1 inf
R 99 38 -1 inf
R 99 39 -1 inf
R 99 40 70 0.054946671868149582
R 99 41 70 0.03587046712576665
R 99 42 70 0.040691762585246691
R 99 43 -1 inf
R 99 44 -1 inf
R 99 45 -1 inf
R 99 46 -1 inf
R 99 47 -1 inf
R 99 48 -1 inf
R 99 49 -1 inf
R 99 50 70 0.041400455311515844
R 99 51 70 0.0288616777722773
R 99 52 70 0.026881554233177809
R 99 53 -1 inf
R 99 54 -1 inf
R 99 55 -1 inf
R 99 56 -1 inf
R 99 57 -1 inf
R 99 58 -1 inf
R 99 59 70 0.056097466101954249
R 99 60 70 0.022509035203280112
R 99 61 70 0.016263192263252509
R 99 62 70 0.032745923768269507
R 99 63 -1 inf
R 99 64 -1 inf
R 99 65 -1 inf
R 99 66 -1 inf
R 99 67 -1 inf
R 99 68 70 0.062977424966176143
R 99 69 70 0.041593237711685715
R 99 70 70 0.0090480258531912376
R 99 71 0 0.012272953617800592
R 99 72 -1 inf
R 99 73 -1 inf
R 99 74 -1 inf
R 99 75 -1 inf
R 99 76 -1 inf
R 99 77 -1 inf
R 99 78 70 0.04476440874187855
R 99 79 70 0.027041979496181628
R 99 80 80 0.0042337772942762459
R 99 81 -1 inf
R 99 82 -1 inf
R 99 83 -1 inf
R 99 84 -1 inf
R 99 85 -1 inf
R 99 86 -1 inf
R 99 87 -1 inf
R 99 88 70 0.035289191166358966
R 99 89 70 0.013238726548291011
R 99 90 -1 inf
R 99 91 -1 inf
R 99 92 -1 inf
R 99 93 -1 inf
R 99 94 -1 inf
R 99 95 -1 inf
R 99 96 -1 inf
R 99 97 -1 inf
R 99 98 70 0.018045271883190057
R 99 99 99 0
